This is pdfTeX, Version 3.141592653-2.6-1.40.22 (TeX Live 2022/dev/Debian) (preloaded format=pdflatex 2026.1.30)  8 MAY 2026 16:08
entering extended mode
 restricted \write18 enabled.
 %&-line parsing enabled.
**LAMMPS.tex
(./LAMMPS.tex
LaTeX2e <2021-11-15> patch level 1
L3 programming layer <2022-01-21> (./sphinxmanual.cls
Document Class: sphinxmanual 2019/12/01 v2.3.0 Document class (Sphinx manual)
(/usr/share/texlive/texmf-dist/tex/latex/base/report.cls
Document Class: report 2021/10/04 v1.4n Standard LaTeX document class
(/usr/share/texlive/texmf-dist/tex/latex/base/size10.clo
File: size10.clo 2021/10/04 v1.4n Standard LaTeX file (size option)
)
\c@part=\count185
\c@chapter=\count186
\c@section=\count187
\c@subsection=\count188
\c@subsubsection=\count189
\c@paragraph=\count190
\c@subparagraph=\count191
\c@figure=\count192
\c@table=\count193
\abovecaptionskip=\skip47
\belowcaptionskip=\skip48
\bibindent=\dimen138
)
LaTeX Info: Redefining \and on input line 35.
)
(/usr/share/texlive/texmf-dist/tex/latex/base/inputenc.sty
Package: inputenc 2021/02/14 v1.3d Input encoding file
\inpenc@prehook=\toks16
\inpenc@posthook=\toks17
)
   defining Unicode char U+00A0 (decimal 160)
   defining Unicode char U+2500 (decimal 9472)
   defining Unicode char U+2502 (decimal 9474)
   defining Unicode char U+2514 (decimal 9492)
   defining Unicode char U+251C (decimal 9500)
   defining Unicode char U+2572 (decimal 9586)

(/usr/share/texlive/texmf-dist/tex/latex/cmap/cmap.sty
Package: cmap 2021/02/06 v1.0j CMap support: searchable PDF
)
(/usr/share/texlive/texmf-dist/tex/latex/base/fontenc.sty
Package: fontenc 2021/04/29 v2.0v Standard LaTeX package
<<t1.cmap>>)
(/usr/share/texlive/texmf-dist/tex/latex/amsmath/amsmath.sty
Package: amsmath 2021/10/15 v2.17l AMS math features
\@mathmargin=\skip49

For additional information on amsmath, use the `?' option.
(/usr/share/texlive/texmf-dist/tex/latex/amsmath/amstext.sty
Package: amstext 2021/08/26 v2.01 AMS text

(/usr/share/texlive/texmf-dist/tex/latex/amsmath/amsgen.sty
File: amsgen.sty 1999/11/30 v2.0 generic functions
\@emptytoks=\toks18
\ex@=\dimen139
))
(/usr/share/texlive/texmf-dist/tex/latex/amsmath/amsbsy.sty
Package: amsbsy 1999/11/29 v1.2d Bold Symbols
\pmbraise@=\dimen140
)
(/usr/share/texlive/texmf-dist/tex/latex/amsmath/amsopn.sty
Package: amsopn 2021/08/26 v2.02 operator names
)
\inf@bad=\count194
LaTeX Info: Redefining \frac on input line 234.
\uproot@=\count195
\leftroot@=\count196
LaTeX Info: Redefining \overline on input line 399.
\classnum@=\count197
\DOTSCASE@=\count198
LaTeX Info: Redefining \ldots on input line 496.
LaTeX Info: Redefining \dots on input line 499.
LaTeX Info: Redefining \cdots on input line 620.
\Mathstrutbox@=\box50
\strutbox@=\box51
\big@size=\dimen141
LaTeX Font Info:    Redeclaring font encoding OML on input line 743.
LaTeX Font Info:    Redeclaring font encoding OMS on input line 744.
\macc@depth=\count199
\c@MaxMatrixCols=\count266
\dotsspace@=\muskip16
\c@parentequation=\count267
\dspbrk@lvl=\count268
\tag@help=\toks19
\row@=\count269
\column@=\count270
\maxfields@=\count271
\andhelp@=\toks20
\eqnshift@=\dimen142
\alignsep@=\dimen143
\tagshift@=\dimen144
\tagwidth@=\dimen145
\totwidth@=\dimen146
\lineht@=\dimen147
\@envbody=\toks21
\multlinegap=\skip50
\multlinetaggap=\skip51
\mathdisplay@stack=\toks22
LaTeX Info: Redefining \[ on input line 2938.
LaTeX Info: Redefining \] on input line 2939.
)
(/usr/share/texlive/texmf-dist/tex/latex/amsfonts/amssymb.sty
Package: amssymb 2013/01/14 v3.01 AMS font symbols

(/usr/share/texlive/texmf-dist/tex/latex/amsfonts/amsfonts.sty
Package: amsfonts 2013/01/14 v3.01 Basic AMSFonts support
\symAMSa=\mathgroup4
\symAMSb=\mathgroup5
LaTeX Font Info:    Redeclaring math symbol \hbar on input line 98.
LaTeX Font Info:    Overwriting math alphabet `\mathfrak' in version `bold'
(Font)                  U/euf/m/n --> U/euf/b/n on input line 106.
))
(/usr/share/texlive/texmf-dist/tex/generic/babel/babel.sty
Package: babel 2022/01/26 3.70 The Babel package
\babel@savecnt=\count272
\U@D=\dimen148
\l@unhyphenated=\language87

(/usr/share/texlive/texmf-dist/tex/generic/babel/txtbabel.def)
\bbl@readstream=\read2
\bbl@dirlevel=\count273

(/usr/share/texlive/texmf-dist/tex/generic/babel-english/english.ldf
Language: english 2017/06/06 v3.3r English support from the babel system
Package babel Info: Hyphen rules for 'canadian' set to \l@english
(babel)             (\language0). Reported on input line 102.
Package babel Info: Hyphen rules for 'australian' set to \l@ukenglish
(babel)             (\language78). Reported on input line 105.
Package babel Info: Hyphen rules for 'newzealand' set to \l@ukenglish
(babel)             (\language78). Reported on input line 108.
))
(/usr/share/texmf/tex/latex/tex-gyre/tgtermes.sty
Package: tgtermes 2009/09/27 v1.2 TeX Gyre Termes as default roman family

(/usr/share/texlive/texmf-dist/tex/latex/kvoptions/kvoptions.sty
Package: kvoptions 2020-10-07 v3.14 Key value format for package options (HO)

(/usr/share/texlive/texmf-dist/tex/latex/graphics/keyval.sty
Package: keyval 2014/10/28 v1.15 key=value parser (DPC)
\KV@toks@=\toks23
)
(/usr/share/texlive/texmf-dist/tex/generic/ltxcmds/ltxcmds.sty
Package: ltxcmds 2020-05-10 v1.25 LaTeX kernel commands for general use (HO)
)
(/usr/share/texlive/texmf-dist/tex/generic/kvsetkeys/kvsetkeys.sty
Package: kvsetkeys 2019/12/15 v1.18 Key value parser (HO)
)))
(/usr/share/texmf/tex/latex/tex-gyre/tgheros.sty
Package: tgheros 2009/09/27 v1.2 TeX Gyre Heros as default sans serif family
)
(/usr/share/texlive/texmf-dist/tex/latex/fncychap/fncychap.sty
Package: fncychap 2007/07/30 v1.34 LaTeX package (Revised chapters)
\RW=\skip52
\mylen=\skip53
\myhi=\skip54
\px=\skip55
\py=\skip56
\pyy=\skip57
\pxx=\skip58
\c@AlphaCnt=\count274
\c@AlphaDecCnt=\count275
) (./sphinx.sty
Package: sphinx 2024/07/01 v7.4.0 Sphinx LaTeX package (sphinx-doc)

(/usr/share/texlive/texmf-dist/tex/latex/xcolor/xcolor.sty
Package: xcolor 2021/10/31 v2.13 LaTeX color extensions (UK)

(/usr/share/texlive/texmf-dist/tex/latex/graphics-cfg/color.cfg
File: color.cfg 2016/01/02 v1.6 sample color configuration
)
Package xcolor Info: Driver file: pdftex.def on input line 227.

(/usr/share/texlive/texmf-dist/tex/latex/graphics-def/pdftex.def
File: pdftex.def 2020/10/05 v1.2a Graphics/color driver for pdftex
)
Package xcolor Info: Model `cmy' substituted by `cmy0' on input line 1352.
Package xcolor Info: Model `hsb' substituted by `rgb' on input line 1356.
Package xcolor Info: Model `RGB' extended on input line 1368.
Package xcolor Info: Model `HTML' substituted by `rgb' on input line 1370.
Package xcolor Info: Model `Hsb' substituted by `hsb' on input line 1371.
Package xcolor Info: Model `tHsb' substituted by `hsb' on input line 1372.
Package xcolor Info: Model `HSB' substituted by `hsb' on input line 1373.
Package xcolor Info: Model `Gray' substituted by `gray' on input line 1374.
Package xcolor Info: Model `wave' substituted by `hsb' on input line 1375.
)
(./sphinxoptionshyperref.sty
File: sphinxoptionshyperref.sty 2021/01/27 hyperref
) (./sphinxoptionsgeometry.sty
File: sphinxoptionsgeometry.sty 2021/01/27 geometry
)
(/usr/share/texlive/texmf-dist/tex/latex/base/textcomp.sty
Package: textcomp 2020/02/02 v2.0n Standard LaTeX package
)
(/usr/share/texlive/texmf-dist/tex/latex/float/float.sty
Package: float 2001/11/08 v1.3d Float enhancements (AL)
\c@float@type=\count276
\float@exts=\toks24
\float@box=\box52
\@float@everytoks=\toks25
\@floatcapt=\box53
)
(/usr/share/texlive/texmf-dist/tex/latex/wrapfig/wrapfig.sty
\wrapoverhang=\dimen149
\WF@size=\dimen150
\c@WF@wrappedlines=\count277
\WF@box=\box54
\WF@everypar=\toks26
Package: wrapfig 2003/01/31  v 3.6
)
(/usr/share/texlive/texmf-dist/tex/latex/capt-of/capt-of.sty
Package: capt-of 2009/12/29 v0.2 standard captions outside of floats
)
(/usr/share/texlive/texmf-dist/tex/latex/tools/multicol.sty
Package: multicol 2021/10/28 v1.9b multicolumn formatting (FMi)
\c@tracingmulticols=\count278
\mult@box=\box55
\multicol@leftmargin=\dimen151
\c@unbalance=\count279
\c@collectmore=\count280
\doublecol@number=\count281
\multicoltolerance=\count282
\multicolpretolerance=\count283
\full@width=\dimen152
\page@free=\dimen153
\premulticols=\dimen154
\postmulticols=\dimen155
\multicolsep=\skip59
\multicolbaselineskip=\skip60
\partial@page=\box56
\last@line=\box57
\maxbalancingoverflow=\dimen156
\mult@rightbox=\box58
\mult@grightbox=\box59
\mult@firstbox=\box60
\mult@gfirstbox=\box61
\@tempa=\box62
\@tempa=\box63
\@tempa=\box64
\@tempa=\box65
\@tempa=\box66
\@tempa=\box67
\@tempa=\box68
\@tempa=\box69
\@tempa=\box70
\@tempa=\box71
\@tempa=\box72
\@tempa=\box73
\@tempa=\box74
\@tempa=\box75
\@tempa=\box76
\@tempa=\box77
\@tempa=\box78
\@tempa=\box79
\@tempa=\box80
\@tempa=\box81
\@tempa=\box82
\@tempa=\box83
\@tempa=\box84
\@tempa=\box85
\@tempa=\box86
\@tempa=\box87
\@tempa=\box88
\@tempa=\box89
\@tempa=\box90
\@tempa=\box91
\@tempa=\box92
\@tempa=\box93
\@tempa=\box94
\@tempa=\box95
\@tempa=\box96
\@tempa=\box97
\c@minrows=\count284
\c@columnbadness=\count285
\c@finalcolumnbadness=\count286
\last@try=\dimen157
\multicolovershoot=\dimen158
\multicolundershoot=\dimen159
\mult@nat@firstbox=\box98
\colbreak@box=\box99
\mc@col@check@num=\count287
)
(/usr/share/texlive/texmf-dist/tex/latex/graphics/graphicx.sty
Package: graphicx 2021/09/16 v1.2d Enhanced LaTeX Graphics (DPC,SPQR)

(/usr/share/texlive/texmf-dist/tex/latex/graphics/graphics.sty
Package: graphics 2021/03/04 v1.4d Standard LaTeX Graphics (DPC,SPQR)

(/usr/share/texlive/texmf-dist/tex/latex/graphics/trig.sty
Package: trig 2021/08/11 v1.11 sin cos tan (DPC)
)
(/usr/share/texlive/texmf-dist/tex/latex/graphics-cfg/graphics.cfg
File: graphics.cfg 2016/06/04 v1.11 sample graphics configuration
)
Package graphics Info: Driver file: pdftex.def on input line 107.
)
\Gin@req@height=\dimen160
\Gin@req@width=\dimen161
)
(./sphinxlatexgraphics.sty
File: sphinxlatexgraphics.sty 2021/01/27 graphics
\spx@image@maxheight=\dimen162
\spx@image@box=\box100
) (./sphinxpackageboxes.sty
Package: sphinxpackageboxes 2024/07/01 v7.4.0 advanced colored boxes
 (./pict2e.sty
Package: pict2e 2020/09/30 v0.4b Improved picture commands (HjG,RN,JT)

(/usr/share/texlive/texmf-dist/tex/latex/pict2e/pict2e.cfg
File: pict2e.cfg 2016/02/05 v0.1u pict2e configuration for teTeX/TeXLive
)
Package pict2e Info: Driver file: pdftex.def on input line 112.
Package pict2e Info: Driver file for pict2e: p2e-pdftex.def on input line 114.
 (./p2e-pdftex.def
File: p2e-pdftex.def 2016/02/05 v0.1u Driver-dependant file (RN,HjG,JT)
)
\pIIe@GRAPH=\toks27
\@arclen=\dimen163
\@arcrad=\dimen164
\pIIe@tempdima=\dimen165
\pIIe@tempdimb=\dimen166
\pIIe@tempdimc=\dimen167
\pIIe@tempdimd=\dimen168
\pIIe@tempdime=\dimen169
\pIIe@tempdimf=\dimen170
) (./ellipse.sty
Package: ellipse 2004/11/05 v1.0 .dtx ellipse file
)
\@tempdimd=\dimen171
\spx@tempboxa=\box101
\spx@tempboxb=\box102
\spx@boxes@border@top=\dimen172
\spx@boxes@border@right=\dimen173
\spx@boxes@border@bottom=\dimen174
\spx@boxes@border@left=\dimen175
\spx@boxes@padding@top=\dimen176
\spx@boxes@padding@right=\dimen177
\spx@boxes@padding@bottom=\dimen178
\spx@boxes@padding@left=\dimen179
\spx@boxes@shadow@xoffset=\dimen180
\spx@boxes@shadow@yoffset=\dimen181
\spx@boxes@radius@topleft@x=\dimen182
\spx@boxes@radius@topright@x=\dimen183
\spx@boxes@radius@bottomright@x=\dimen184
\spx@boxes@radius@bottomleft@x=\dimen185
\spx@boxes@radius@topleft@y=\dimen186
\spx@boxes@radius@topright@y=\dimen187
\spx@boxes@radius@bottomright@y=\dimen188
\spx@boxes@radius@bottomleft@y=\dimen189
) (./sphinxlatexadmonitions.sty
File: sphinxlatexadmonitions.sty 2024/07/01 v7.4.0 admonitions

(/usr/share/texlive/texmf-dist/tex/latex/framed/framed.sty
Package: framed 2011/10/22 v 0.96: framed or shaded text with page breaks
\OuterFrameSep=\skip61
\fb@frw=\dimen190
\fb@frh=\dimen191
\FrameRule=\dimen192
\FrameSep=\dimen193
)
\spx@notice@border=\dimen194
\c@sphinxtodo=\count288
)
(./sphinxlatexliterals.sty
File: sphinxlatexliterals.sty 2024/07/01 v7.4.0 code-blocks and parsed literals


(/usr/share/texlive/texmf-dist/tex/latex/fancyvrb/fancyvrb.sty
Package: fancyvrb 2021/12/21 4.1b verbatim text (tvz,hv)
\FV@CodeLineNo=\count289
\FV@InFile=\read3
\FV@TabBox=\box103
\c@FancyVerbLine=\count290
\FV@StepNumber=\count291
\FV@OutFile=\write3
)
(/usr/share/texlive/texmf-dist/tex/latex/base/alltt.sty
Package: alltt 2021/01/29 v2.0g defines alltt environment
)
(/usr/share/texlive/texmf-dist/tex/latex/upquote/upquote.sty
Package: upquote 2012/04/19 v1.3 upright-quote and grave-accent glyphs in verba
tim
)
(/usr/share/texlive/texmf-dist/tex/latex/needspace/needspace.sty
Package: needspace 2010/09/12 v1.3d reserve vertical space
)
\sphinxcontinuationbox=\box104
\sphinxvisiblespacebox=\box105
\sphinxVerbatim@TitleBox=\box106
\sphinxVerbatim@ContentsBox=\box107
)
(./sphinxlatexshadowbox.sty
File: sphinxlatexshadowbox.sty 2023/03/19 sphinxShadowBox
) (./sphinxlatexcontainers.sty
File: sphinxlatexcontainers.sty 2021/05/03 containers
)
(./sphinxhighlight.sty
Package: sphinxhighlight 2022/06/30 stylesheet for highlighting with pygments
) (./sphinxlatextables.sty
File: sphinxlatextables.sty 2024/07/01 v7.4.0 tables

(/usr/share/texlive/texmf-dist/tex/latex/tabulary/tabulary.sty
Package: tabulary 2014/06/11 v0.10 tabulary package (DPC)

(/usr/share/texlive/texmf-dist/tex/latex/tools/array.sty
Package: array 2021/10/04 v2.5f Tabular extension package (FMi)
\col@sep=\dimen195
\ar@mcellbox=\box108
\extrarowheight=\dimen196
\NC@list=\toks28
\extratabsurround=\skip62
\backup@length=\skip63
\ar@cellbox=\box109
)
\TY@count=\count292
\TY@linewidth=\dimen197
\tymin=\dimen198
\tymax=\dimen199
\TY@tablewidth=\dimen256
)
(/usr/share/texlive/texmf-dist/tex/latex/tools/longtable.sty
Package: longtable 2021-09-01 v4.17 Multi-page Table package (DPC)
\LTleft=\skip64
\LTright=\skip65
\LTpre=\skip66
\LTpost=\skip67
\LTchunksize=\count293
\LTcapwidth=\dimen257
\LT@head=\box110
\LT@firsthead=\box111
\LT@foot=\box112
\LT@lastfoot=\box113
\LT@gbox=\box114
\LT@cols=\count294
\LT@rows=\count295
\c@LT@tables=\count296
\c@LT@chunks=\count297
\LT@p@ftn=\toks29
)
(/usr/share/texlive/texmf-dist/tex/latex/varwidth/varwidth.sty
Package: varwidth 2009/03/30 ver 0.92;  Variable-width minipages
\@vwid@box=\box115
\sift@deathcycles=\count298
\@vwid@loff=\dimen258
\@vwid@roff=\dimen259
)
\sphinx@TY@tablewidth=\dimen260

(/usr/share/texlive/texmf-dist/tex/latex/colortbl/colortbl.sty
Package: colortbl 2020/01/04 v1.0e Color table columns (DPC)
\everycr=\toks30
\minrowclearance=\skip68
)
\rownum=\count299

(/usr/share/texlive/texmf-dist/tex/latex/booktabs/booktabs.sty
Package: booktabs 2020/01/12 v1.61803398 Publication quality tables
\heavyrulewidth=\dimen261
\lightrulewidth=\dimen262
\cmidrulewidth=\dimen263
\belowrulesep=\dimen264
\belowbottomsep=\dimen265
\aboverulesep=\dimen266
\abovetopsep=\dimen267
\cmidrulesep=\dimen268
\cmidrulekern=\dimen269
\defaultaddspace=\dimen270
\@cmidla=\count300
\@cmidlb=\count301
\@aboverulesep=\dimen271
\@belowrulesep=\dimen272
\@thisruleclass=\count302
\@lastruleclass=\count303
\@thisrulewidth=\dimen273
))
(./sphinxlatexnumfig.sty
File: sphinxlatexnumfig.sty 2021/01/27 numbering
) (./sphinxlatexlists.sty
File: sphinxlatexlists.sty 2021/12/20 lists
\spx@lineitemlabel=\toks31
)
\c@sphinxscope=\count304
 (./sphinxpackagefootnote.sty
Package: sphinxpackagefootnote 2024/05/17 v7.3.x Sphinx custom footnotehyper pa
ckage (Sphinx team)
\FNH@notes=\box116
\FNH@toks=\toks32
\FNH@width=\dimen274
\c@sphinxfootnotemark=\count305
) (./sphinxlatexindbibtoc.sty
File: sphinxlatexindbibtoc.sty 2021/01/27 index, bib., toc

(/usr/share/texlive/texmf-dist/tex/latex/base/makeidx.sty
Package: makeidx 2021/10/04 v1.0m Standard LaTeX package
))
(./sphinxlatexstylepage.sty
File: sphinxlatexstylepage.sty 2021/01/27 page styling

(/usr/share/texlive/texmf-dist/tex/latex/parskip/parskip.sty
Rollback for package 'parskip' requested -> version 'v1'.
         This corresponds to the release introduced on 2001-04-09.

(/usr/share/texlive/texmf-dist/tex/latex/parskip/parskip-2001-04-09.sty
Package: parskip 2001/04/09 non-zero parskip adjustments
))
(/usr/share/texlive/texmf-dist/tex/latex/fancyhdr/fancyhdr.sty
Package: fancyhdr 2021/01/28 v4.0.1 Extensive control of page headers and foote
rs
\f@nch@headwidth=\skip69
\f@nch@O@elh=\skip70
\f@nch@O@erh=\skip71
\f@nch@O@olh=\skip72
\f@nch@O@orh=\skip73
\f@nch@O@elf=\skip74
\f@nch@O@erf=\skip75
\f@nch@O@olf=\skip76
\f@nch@O@orf=\skip77
))
(./sphinxlatexstyleheadings.sty
File: sphinxlatexstyleheadings.sty 2023/02/11 headings

(/usr/share/texlive/texmf-dist/tex/latex/titlesec/titlesec.sty
Package: titlesec 2021/07/05 v2.14 Sectioning titles
\ttl@box=\box117
\beforetitleunit=\skip78
\aftertitleunit=\skip79
\ttl@plus=\dimen275
\ttl@minus=\dimen276
\ttl@toksa=\toks33
\titlewidth=\dimen277
\titlewidthlast=\dimen278
\titlewidthfirst=\dimen279
))
(./sphinxlatexstyletext.sty
File: sphinxlatexstyletext.sty 2024/07/01 v7.4.0 text styling
) (./sphinxlatexobjects.sty
File: sphinxlatexobjects.sty 2023/07/23 documentation environments
\sphinxsignaturesep=\skip80
\sphinxsignaturelistskip=\skip81
\py@argswidth=\skip82
\lineblockindentation=\skip83
\DUlineblockindent=\skip84
))
(/usr/share/texlive/texmf-dist/tex/latex/geometry/geometry.sty
Package: geometry 2020/01/02 v5.9 Page Geometry

(/usr/share/texlive/texmf-dist/tex/generic/iftex/ifvtex.sty
Package: ifvtex 2019/10/25 v1.7 ifvtex legacy package. Use iftex instead.

(/usr/share/texlive/texmf-dist/tex/generic/iftex/iftex.sty
Package: iftex 2020/03/06 v1.0d TeX engine tests
))
\Gm@cnth=\count306
\Gm@cntv=\count307
\c@Gm@tempcnt=\count308
\Gm@bindingoffset=\dimen280
\Gm@wd@mp=\dimen281
\Gm@odd@mp=\dimen282
\Gm@even@mp=\dimen283
\Gm@layoutwidth=\dimen284
\Gm@layoutheight=\dimen285
\Gm@layouthoffset=\dimen286
\Gm@layoutvoffset=\dimen287
\Gm@dimlist=\toks34
)
(/usr/share/texlive/texmf-dist/tex/latex/hyperref/hyperref.sty
Package: hyperref 2021-06-07 v7.00m Hypertext links for LaTeX

(/usr/share/texlive/texmf-dist/tex/generic/pdftexcmds/pdftexcmds.sty
Package: pdftexcmds 2020-06-27 v0.33 Utility functions of pdfTeX for LuaTeX (HO
)

(/usr/share/texlive/texmf-dist/tex/generic/infwarerr/infwarerr.sty
Package: infwarerr 2019/12/03 v1.5 Providing info/warning/error messages (HO)
)
Package pdftexcmds Info: \pdf@primitive is available.
Package pdftexcmds Info: \pdf@ifprimitive is available.
Package pdftexcmds Info: \pdfdraftmode found.
)
(/usr/share/texlive/texmf-dist/tex/generic/kvdefinekeys/kvdefinekeys.sty
Package: kvdefinekeys 2019-12-19 v1.6 Define keys (HO)
)
(/usr/share/texlive/texmf-dist/tex/generic/pdfescape/pdfescape.sty
Package: pdfescape 2019/12/09 v1.15 Implements pdfTeX's escape features (HO)
)
(/usr/share/texlive/texmf-dist/tex/latex/hycolor/hycolor.sty
Package: hycolor 2020-01-27 v1.10 Color options for hyperref/bookmark (HO)
)
(/usr/share/texlive/texmf-dist/tex/latex/letltxmacro/letltxmacro.sty
Package: letltxmacro 2019/12/03 v1.6 Let assignment for LaTeX macros (HO)
)
(/usr/share/texlive/texmf-dist/tex/latex/auxhook/auxhook.sty
Package: auxhook 2019-12-17 v1.6 Hooks for auxiliary files (HO)
)
\@linkdim=\dimen288
\Hy@linkcounter=\count309
\Hy@pagecounter=\count310

(/usr/share/texlive/texmf-dist/tex/latex/hyperref/pd1enc.def
File: pd1enc.def 2021-06-07 v7.00m Hyperref: PDFDocEncoding definition (HO)
Now handling font encoding PD1 ...
... no UTF-8 mapping file for font encoding PD1
)
(/usr/share/texlive/texmf-dist/tex/latex/hyperref/hyperref-langpatches.def
File: hyperref-langpatches.def 2021-06-07 v7.00m Hyperref: patches for babel la
nguages
)
(/usr/share/texlive/texmf-dist/tex/generic/intcalc/intcalc.sty
Package: intcalc 2019/12/15 v1.3 Expandable calculations with integers (HO)
)
(/usr/share/texlive/texmf-dist/tex/generic/etexcmds/etexcmds.sty
Package: etexcmds 2019/12/15 v1.7 Avoid name clashes with e-TeX commands (HO)
)
\Hy@SavedSpaceFactor=\count311

(/usr/share/texlive/texmf-dist/tex/latex/hyperref/puenc.def
File: puenc.def 2021-06-07 v7.00m Hyperref: PDF Unicode definition (HO)
Now handling font encoding PU ...
... no UTF-8 mapping file for font encoding PU
)
Package hyperref Info: Option `unicode' set `true' on input line 4073.
Package hyperref Info: Option `colorlinks' set `true' on input line 4073.
Package hyperref Info: Option `breaklinks' set `true' on input line 4073.
Package hyperref Info: Hyper figures OFF on input line 4192.
Package hyperref Info: Link nesting OFF on input line 4197.
Package hyperref Info: Hyper index ON on input line 4200.
Package hyperref Info: Plain pages OFF on input line 4207.
Package hyperref Info: Backreferencing OFF on input line 4212.
Package hyperref Info: Implicit mode ON; LaTeX internals redefined.
Package hyperref Info: Bookmarks ON on input line 4445.
\c@Hy@tempcnt=\count312

(/usr/share/texlive/texmf-dist/tex/latex/url/url.sty
\Urlmuskip=\muskip17
Package: url 2013/09/16  ver 3.4  Verb mode for urls, etc.
)
LaTeX Info: Redefining \url on input line 4804.
\XeTeXLinkMargin=\dimen289

(/usr/share/texlive/texmf-dist/tex/generic/bitset/bitset.sty
Package: bitset 2019/12/09 v1.3 Handle bit-vector datatype (HO)

(/usr/share/texlive/texmf-dist/tex/generic/bigintcalc/bigintcalc.sty
Package: bigintcalc 2019/12/15 v1.5 Expandable calculations on big integers (HO
)
))
\Fld@menulength=\count313
\Field@Width=\dimen290
\Fld@charsize=\dimen291
Package hyperref Info: Hyper figures OFF on input line 6076.
Package hyperref Info: Link nesting OFF on input line 6081.
Package hyperref Info: Hyper index ON on input line 6084.
Package hyperref Info: backreferencing OFF on input line 6091.
Package hyperref Info: Link coloring ON on input line 6094.
Package hyperref Info: Link coloring with OCG OFF on input line 6101.
Package hyperref Info: PDF/A mode OFF on input line 6106.
LaTeX Info: Redefining \ref on input line 6146.
LaTeX Info: Redefining \pageref on input line 6150.

(/usr/share/texlive/texmf-dist/tex/latex/base/atbegshi-ltx.sty
Package: atbegshi-ltx 2021/01/10 v1.0c Emulation of the original atbegshi
package with kernel methods
)
\Hy@abspage=\count314
\c@Item=\count315
\c@Hfootnote=\count316
)
Package hyperref Info: Driver (autodetected): hpdftex.

(/usr/share/texlive/texmf-dist/tex/latex/hyperref/hpdftex.def
File: hpdftex.def 2021-06-07 v7.00m Hyperref driver for pdfTeX

(/usr/share/texlive/texmf-dist/tex/latex/base/atveryend-ltx.sty
Package: atveryend-ltx 2020/08/19 v1.0a Emulation of the original atveryend pac
kage
with kernel methods
)
\Fld@listcount=\count317
\c@bookmark@seq@number=\count318

(/usr/share/texlive/texmf-dist/tex/latex/rerunfilecheck/rerunfilecheck.sty
Package: rerunfilecheck 2019/12/05 v1.9 Rerun checks for auxiliary files (HO)

(/usr/share/texlive/texmf-dist/tex/generic/uniquecounter/uniquecounter.sty
Package: uniquecounter 2019/12/15 v1.4 Provide unlimited unique counter (HO)
)
Package uniquecounter Info: New unique counter `rerunfilecheck' on input line 2
86.
)
\Hy@SectionHShift=\skip85
)
(/usr/share/texlive/texmf-dist/tex/latex/oberdiek/hypcap.sty
Package: hypcap 2016/05/16 v1.12 Adjusting the anchors of captions (HO)
)
(./sphinxmessages.sty
Package: sphinxmessages 2019/01/04 v2.0 Localized LaTeX macros (Sphinx team)
) (./idxlayout.sty
Package: idxlayout 2012/03/30 v0.4d Configurable index layout

(/usr/share/texlive/texmf-dist/tex/latex/etoolbox/etoolbox.sty
Package: etoolbox 2020/10/05 v2.5k e-TeX tools for LaTeX (JAW)
\etb@tempcnta=\count319
)
\c@idxcols=\count320
\indexcolsep=\skip86
\indexrule=\skip87
\ila@indentunit=\skip88
\ila@initsep=\skip89
)
LaTeX Font Info:    Redeclaring symbol font `operators' on input line 71.
LaTeX Font Info:    Overwriting symbol font `operators' in version `normal'
(Font)                  OT1/cmr/m/n --> OT1/ptm/m/n on input line 71.
LaTeX Font Info:    Overwriting symbol font `operators' in version `bold'
(Font)                  OT1/cmr/bx/n --> OT1/ptm/m/n on input line 71.
\symbold=\mathgroup6
\symitalic=\mathgroup7
\symextraops=\mathgroup8
LaTeX Font Info:    Redeclaring symbol font `letters' on input line 75.
LaTeX Font Info:    Overwriting symbol font `letters' in version `normal'
(Font)                  OML/cmm/m/it --> OML/ztmcm/m/it on input line 75.
LaTeX Font Info:    Overwriting symbol font `letters' in version `bold'
(Font)                  OML/cmm/b/it --> OML/ztmcm/m/it on input line 75.
LaTeX Font Info:    Redeclaring symbol font `largesymbols' on input line 76.
LaTeX Font Info:    Overwriting symbol font `largesymbols' in version `normal'
(Font)                  OMX/cmex/m/n --> OMX/ztmcm/m/n on input line 76.
LaTeX Font Info:    Overwriting symbol font `largesymbols' in version `bold'
(Font)                  OMX/cmex/m/n --> OMX/ztmcm/m/n on input line 76.
LaTeX Font Info:    Redeclaring math alphabet \mathnormal on input line 81.
LaTeX Font Info:    Redeclaring math alphabet \mathrm on input line 82.
LaTeX Font Info:    Redeclaring math alphabet \mathbf on input line 83.
LaTeX Font Info:    Overwriting math alphabet `\mathbf' in version `normal'
(Font)                  OT1/cmr/bx/n --> OT1/ptm/bx/n on input line 83.
LaTeX Font Info:    Overwriting math alphabet `\mathbf' in version `bold'
(Font)                  OT1/cmr/bx/n --> OT1/ptm/bx/n on input line 83.
LaTeX Font Info:    Redeclaring math alphabet \mathit on input line 84.
LaTeX Font Info:    Overwriting math alphabet `\mathit' in version `normal'
(Font)                  OT1/cmr/m/it --> OT1/ptm/m/it on input line 84.
LaTeX Font Info:    Overwriting math alphabet `\mathit' in version `bold'
(Font)                  OT1/cmr/bx/it --> OT1/ptm/m/it on input line 84.
LaTeX Font Info:    Redeclaring math alphabet \mathtt on input line 85.
LaTeX Font Info:    Overwriting math alphabet `\mathtt' in version `normal'
(Font)                  OT1/cmtt/m/n --> OT1/pcr/m/n on input line 85.
LaTeX Font Info:    Overwriting math alphabet `\mathtt' in version `bold'
(Font)                  OT1/cmtt/m/n --> OT1/pcr/m/n on input line 85.
LaTeX Font Info:    Overwriting math alphabet `\mathit' in version `bold'
(Font)                  OT1/ptm/m/it --> OT1/ptm/bx/it on input line 86.
LaTeX Font Info:    Redeclaring math symbol \Gamma on input line 89.
LaTeX Font Info:    Redeclaring math symbol \Delta on input line 90.
LaTeX Font Info:    Redeclaring math symbol \Theta on input line 91.
LaTeX Font Info:    Redeclaring math symbol \Lambda on input line 92.
LaTeX Font Info:    Redeclaring math symbol \Xi on input line 93.
LaTeX Font Info:    Redeclaring math symbol \Pi on input line 94.
LaTeX Font Info:    Redeclaring math symbol \Sigma on input line 95.
LaTeX Font Info:    Redeclaring math symbol \Upsilon on input line 96.
LaTeX Font Info:    Redeclaring math symbol \Phi on input line 97.
LaTeX Font Info:    Redeclaring math symbol \Psi on input line 98.
LaTeX Font Info:    Redeclaring math symbol \Omega on input line 99.
\@indexfile=\write4
\openout4 = `LAMMPS.idx'.


Writing index file LAMMPS.idx
(/usr/share/texlive/texmf-dist/tex/latex/ragged2e/ragged2e.sty
Package: ragged2e 2021/12/15 v3.1 ragged2e Package
\CenteringLeftskip=\skip90
\RaggedLeftLeftskip=\skip91
\RaggedRightLeftskip=\skip92
\CenteringRightskip=\skip93
\RaggedLeftRightskip=\skip94
\RaggedRightRightskip=\skip95
\CenteringParfillskip=\skip96
\RaggedLeftParfillskip=\skip97
\RaggedRightParfillskip=\skip98
\JustifyingParfillskip=\skip99
\CenteringParindent=\skip100
\RaggedLeftParindent=\skip101
\RaggedRightParindent=\skip102
\JustifyingParindent=\skip103
)
LaTeX Font Info:    Trying to load font information for T1+qtm on input line 12
1.

(/usr/share/texmf/tex/latex/tex-gyre/t1qtm.fd
File: t1qtm.fd 2009/09/25 v1.2 font definition file for T1/qtm
)
(/usr/share/texlive/texmf-dist/tex/latex/l3backend/l3backend-pdftex.def
File: l3backend-pdftex.def 2022-01-12 L3 backend support: PDF output (pdfTeX)
\l__color_backend_stack_int=\count321
\l__pdf_internal_box=\box118
)
(./LAMMPS.aux)
\openout1 = `LAMMPS.aux'.

LaTeX Font Info:    Checking defaults for OML/cmm/m/it on input line 121.
LaTeX Font Info:    ... okay on input line 121.
LaTeX Font Info:    Checking defaults for OMS/cmsy/m/n on input line 121.
LaTeX Font Info:    ... okay on input line 121.
LaTeX Font Info:    Checking defaults for OT1/cmr/m/n on input line 121.
LaTeX Font Info:    ... okay on input line 121.
LaTeX Font Info:    Checking defaults for T1/cmr/m/n on input line 121.
LaTeX Font Info:    ... okay on input line 121.
LaTeX Font Info:    Checking defaults for TS1/cmr/m/n on input line 121.
LaTeX Font Info:    ... okay on input line 121.
LaTeX Font Info:    Checking defaults for OMX/cmex/m/n on input line 121.
LaTeX Font Info:    ... okay on input line 121.
LaTeX Font Info:    Checking defaults for U/cmr/m/n on input line 121.
LaTeX Font Info:    ... okay on input line 121.
LaTeX Font Info:    Checking defaults for PD1/pdf/m/n on input line 121.
LaTeX Font Info:    ... okay on input line 121.
LaTeX Font Info:    Checking defaults for PU/pdf/m/n on input line 121.
LaTeX Font Info:    ... okay on input line 121.

(/usr/share/texlive/texmf-dist/tex/context/base/mkii/supp-pdf.mkii
[Loading MPS to PDF converter (version 2006.09.02).]
\scratchcounter=\count322
\scratchdimen=\dimen292
\scratchbox=\box119
\nofMPsegments=\count323
\nofMParguments=\count324
\everyMPshowfont=\toks35
\MPscratchCnt=\count325
\MPscratchDim=\dimen293
\MPnumerator=\count326
\makeMPintoPDFobject=\count327
\everyMPtoPDFconversion=\toks36
) (/usr/share/texlive/texmf-dist/tex/latex/epstopdf-pkg/epstopdf-base.sty
Package: epstopdf-base 2020-01-24 v2.11 Base part for package epstopdf
Package epstopdf-base Info: Redefining graphics rule for `.eps' on input line 4
85.

(/usr/share/texlive/texmf-dist/tex/latex/latexconfig/epstopdf-sys.cfg
File: epstopdf-sys.cfg 2010/07/13 v1.3 Configuration of (r)epstopdf for TeX Liv
e
))
(/usr/share/texlive/texmf-dist/tex/latex/fontawesome5/fontawesome5.sty
(/usr/share/texlive/texmf-dist/tex/latex/l3kernel/expl3.sty
Package: expl3 2022-01-21 L3 programming layer (loader) 
)
Package: fontawesome5 2021/06/04 v5.15.3 Font Awesome 5

(/usr/share/texlive/texmf-dist/tex/latex/l3packages/l3keys2e/l3keys2e.sty
Package: l3keys2e 2022-01-12 LaTeX2e option processing using LaTeX3 keys
)
(/usr/share/texlive/texmf-dist/tex/latex/l3packages/xparse/xparse.sty
Package: xparse 2022-01-12 L3 Experimental document command parser
)
(/usr/share/texlive/texmf-dist/tex/latex/fontawesome5/fontawesome5-generic-help
er.sty
Package: fontawesome5-generic-helper 2021/06/04 v5.15.3 non-uTeX helper for fon
tawesome5

(/usr/share/texlive/texmf-dist/tex/latex/fontawesome5/fontawesome5-mapping.def)
))
\c@literalblock=\count328

*geometry* driver: auto-detecting
*geometry* detected driver: pdftex
*geometry* verbose mode - [ preamble ] result:
* driver: pdftex
* paper: letterpaper
* layout: <same size as paper>
* layoutoffset:(h,v)=(0.0pt,0.0pt)
* modes: twoside 
* h-part:(L,W,R)=(72.26999pt, 469.75502pt, 72.26999pt)
* v-part:(T,H,B)=(72.26999pt, 650.43001pt, 72.26999pt)
* \paperwidth=614.295pt
* \paperheight=794.96999pt
* \textwidth=469.75502pt
* \textheight=650.43001pt
* \oddsidemargin=0.0pt
* \evensidemargin=0.0pt
* \topmargin=-37.0pt
* \headheight=12.0pt
* \headsep=25.0pt
* \topskip=10.0pt
* \footskip=30.0pt
* \marginparwidth=36.135pt
* \marginparsep=11.0pt
* \columnsep=10.0pt
* \skip\footins=9.0pt plus 4.0pt minus 2.0pt
* \hoffset=0.0pt
* \voffset=0.0pt
* \mag=1000
* \@twocolumnfalse
* \@twosidetrue
* \@mparswitchtrue
* \@reversemarginfalse
* (1in=72.27pt=25.4mm, 1cm=28.453pt)

Package hyperref Info: Link coloring ON on input line 121.
(/usr/share/texlive/texmf-dist/tex/latex/hyperref/nameref.sty
Package: nameref 2021-04-02 v2.47 Cross-referencing by name of section

(/usr/share/texlive/texmf-dist/tex/latex/refcount/refcount.sty
Package: refcount 2019/12/15 v3.6 Data extraction from label references (HO)
)
(/usr/share/texlive/texmf-dist/tex/generic/gettitlestring/gettitlestring.sty
Package: gettitlestring 2019/12/15 v1.6 Cleanup title references (HO)
)
\c@section@level=\count329
)
LaTeX Info: Redefining \ref on input line 121.
LaTeX Info: Redefining \pageref on input line 121.
LaTeX Info: Redefining \nameref on input line 121.

(./LAMMPS.out) (./LAMMPS.out)
\@outlinefile=\write5
\openout5 = `LAMMPS.out'.

Package hyperref Info: Option `pageanchor' set `false' on input line 133.
LaTeX Font Info:    Trying to load font information for T1+phv on input line 13
5.

(/usr/share/texlive/texmf-dist/tex/latex/psnfss/t1phv.fd
File: t1phv.fd 2020/03/25 scalable font definitions for T1/phv.
)
<lammps-logo-large.png, id=29113, 435.0654pt x 216.0873pt>
LaTeX Font Info:    Trying to load font information for T1+txtt on input line 1
43.

(/usr/share/texlive/texmf-dist/tex/latex/txfonts/t1txtt.fd
File: t1txtt.fd 2000/12/15 v3.1
)
LaTeX Font Info:    Font shape `T1/txtt/b/n' in size <10> not available
(Font)              Font shape `T1/txtt/bx/n' tried instead on input line 143.
File: lammps-logo-large.png Graphic file (type png)
<use lammps-logo-large.png>
Package pdftex.def Info: lammps-logo-large.png  used on input line 143.
(pdftex.def)             Requested size: 435.06432pt x 216.08676pt.
LaTeX Font Info:    Trying to load font information for OT1+ptm on input line 1
50.

(/usr/share/texlive/texmf-dist/tex/latex/psnfss/ot1ptm.fd
File: ot1ptm.fd 2001/06/04 font definitions for OT1/ptm.
)<<ot1.cmap>>
LaTeX Font Info:    Trying to load font information for OML+ztmcm on input line
 150.

(/usr/share/texlive/texmf-dist/tex/latex/psnfss/omlztmcm.fd
File: omlztmcm.fd 2000/01/03 Fontinst v1.801 font definitions for OML/ztmcm.
)<<oml.cmap>><<oms.cmap>>
LaTeX Font Info:    Trying to load font information for OMX+ztmcm on input line
 150.
 (/usr/share/texlive/texmf-dist/tex/latex/psnfss/omxztmcm.fd
File: omxztmcm.fd 2000/01/03 Fontinst v1.801 font definitions for OMX/ztmcm.
)<<omx.cmap>>
LaTeX Font Info:    Trying to load font information for U+msa on input line 150
.

(/usr/share/texlive/texmf-dist/tex/latex/amsfonts/umsa.fd
File: umsa.fd 2013/01/14 v3.01 AMS symbols A
)
LaTeX Font Info:    Trying to load font information for U+msb on input line 150
.

(/usr/share/texlive/texmf-dist/tex/latex/amsfonts/umsb.fd
File: umsb.fd 2013/01/14 v3.01 AMS symbols B
)
LaTeX Font Info:    Font shape `OT1/ptm/bx/n' in size <14.4> not available
(Font)              Font shape `OT1/ptm/b/n' tried instead on input line 150.
LaTeX Font Info:    Font shape `OT1/ptm/bx/n' in size <10> not available
(Font)              Font shape `OT1/ptm/b/n' tried instead on input line 150.
LaTeX Font Info:    Font shape `OT1/ptm/bx/n' in size <7> not available
(Font)              Font shape `OT1/ptm/b/n' tried instead on input line 150.
LaTeX Font Info:    Trying to load font information for OT1+ztmcm on input line
 150.

(/usr/share/texlive/texmf-dist/tex/latex/psnfss/ot1ztmcm.fd
File: ot1ztmcm.fd 2000/01/03 Fontinst v1.801 font definitions for OT1/ztmcm.
)
LaTeX Font Info:    Font shape `OT1/ptm/bx/n' in size <5> not available
(Font)              Font shape `OT1/ptm/b/n' tried instead on input line 152.
 [1

{/var/lib/texmf/fonts/map/pdftex/updmap/pdftex.map} <./lammps-logo-large.png>] 
(./LAMMPS.toc
[1


] [2] [3] [4] [5] [6] [7] [8] [9] [10] [11] [12] [13] [14] [15] [16]
Overfull \hbox (4.49997pt too wide) detected at line 1111
 []\T1/qtm/m/n/10 1000
 []


Overfull \hbox (4.49997pt too wide) detected at line 1112
 []\T1/qtm/m/n/10 1000
 []


Overfull \hbox (4.49997pt too wide) detected at line 1113
 []\T1/qtm/m/n/10 1000
 []


Overfull \hbox (4.49997pt too wide) detected at line 1114
 []\T1/qtm/m/n/10 1000
 []


Overfull \hbox (4.49997pt too wide) detected at line 1115
 []\T1/qtm/m/n/10 1000
 []


Overfull \hbox (4.49997pt too wide) detected at line 1116
 []\T1/qtm/m/n/10 1001
 []


Overfull \hbox (4.49997pt too wide) detected at line 1117
 []\T1/qtm/m/n/10 1003
 []


Overfull \hbox (4.49997pt too wide) detected at line 1118
 []\T1/qtm/m/n/10 1003
 []


Overfull \hbox (4.49997pt too wide) detected at line 1119
 []\T1/qtm/m/n/10 1003
 []


Overfull \hbox (4.49997pt too wide) detected at line 1120
 []\T1/qtm/m/n/10 1003
 []


Overfull \hbox (4.49997pt too wide) detected at line 1121
 []\T1/qtm/m/n/10 1003
 []


Overfull \hbox (4.49997pt too wide) detected at line 1122
 []\T1/qtm/m/n/10 1003
 []


Overfull \hbox (4.49997pt too wide) detected at line 1123
 []\T1/qtm/m/n/10 1003
 []


Overfull \hbox (4.49997pt too wide) detected at line 1125
 []\T1/qtm/m/n/10 1006
 []


Overfull \hbox (4.49997pt too wide) detected at line 1126
 []\T1/qtm/m/n/10 1006
 []


Overfull \hbox (4.49997pt too wide) detected at line 1127
 []\T1/qtm/m/n/10 1007
 []


Overfull \hbox (4.49997pt too wide) detected at line 1128
 []\T1/qtm/m/n/10 1007
 []


Overfull \hbox (4.49997pt too wide) detected at line 1129
 []\T1/qtm/m/n/10 1007
 []


Overfull \hbox (4.49997pt too wide) detected at line 1130
 []\T1/qtm/m/n/10 1007
 []


Overfull \hbox (4.49997pt too wide) detected at line 1131
 []\T1/qtm/m/n/10 1007
 []


Overfull \hbox (4.49997pt too wide) detected at line 1132
 []\T1/qtm/m/n/10 1007
 []


Overfull \hbox (4.49997pt too wide) detected at line 1133
 []\T1/qtm/m/n/10 1008
 []


Overfull \hbox (4.49997pt too wide) detected at line 1134
 []\T1/qtm/m/n/10 1008
 []


Overfull \hbox (4.49997pt too wide) detected at line 1135
 []\T1/qtm/m/n/10 1008
 []


Overfull \hbox (4.49997pt too wide) detected at line 1136
 []\T1/qtm/m/n/10 1008
 []


Overfull \hbox (4.49997pt too wide) detected at line 1137
 []\T1/qtm/m/n/10 1008
 []


Overfull \hbox (4.49997pt too wide) detected at line 1138
 []\T1/qtm/m/n/10 1009
 []


Overfull \hbox (4.49997pt too wide) detected at line 1139
 []\T1/qtm/m/n/10 1009
 []


Overfull \hbox (4.49997pt too wide) detected at line 1140
 []\T1/qtm/m/n/10 1009
 []


Overfull \hbox (4.49997pt too wide) detected at line 1141
 []\T1/qtm/m/n/10 1010
 []


Overfull \hbox (4.49997pt too wide) detected at line 1142
 []\T1/qtm/m/n/10 1013
 []


Overfull \hbox (4.49997pt too wide) detected at line 1143
 []\T1/qtm/m/n/10 1013
 []


Overfull \hbox (4.49997pt too wide) detected at line 1144
 []\T1/qtm/m/n/10 1013
 []


Overfull \hbox (4.49997pt too wide) detected at line 1145
 []\T1/qtm/m/n/10 1013
 []


Overfull \hbox (4.49997pt too wide) detected at line 1146
 []\T1/qtm/m/n/10 1013
 []


Overfull \hbox (4.49997pt too wide) detected at line 1147
 []\T1/qtm/m/n/10 1013
 []


Overfull \hbox (4.49997pt too wide) detected at line 1148
 []\T1/qtm/m/n/10 1014
 []


Overfull \hbox (4.49997pt too wide) detected at line 1149
 []\T1/qtm/m/n/10 1014
 []


Overfull \hbox (4.49997pt too wide) detected at line 1150
 []\T1/qtm/m/n/10 1014
 []


Overfull \hbox (4.49997pt too wide) detected at line 1151
 []\T1/qtm/m/n/10 1015
 []


Overfull \hbox (4.49997pt too wide) detected at line 1152
 []\T1/qtm/m/n/10 1015
 []


Overfull \hbox (4.49997pt too wide) detected at line 1153
 []\T1/qtm/m/n/10 1015
 []


Overfull \hbox (4.49997pt too wide) detected at line 1154
 []\T1/qtm/m/n/10 1015
 []


Overfull \hbox (4.49997pt too wide) detected at line 1155
 []\T1/qtm/m/n/10 1015
 []


Overfull \hbox (4.49997pt too wide) detected at line 1156
 []\T1/qtm/m/n/10 1015
 []


Overfull \hbox (4.49997pt too wide) detected at line 1157
 []\T1/qtm/m/n/10 1016
 []


Overfull \hbox (4.49997pt too wide) detected at line 1158
 []\T1/qtm/m/n/10 1017
 []


Overfull \hbox (4.49997pt too wide) detected at line 1159
 []\T1/qtm/m/n/10 1017
 []


Overfull \hbox (4.49997pt too wide) detected at line 1160
 []\T1/qtm/m/n/10 1017
 []


Overfull \hbox (4.49997pt too wide) detected at line 1161
 []\T1/qtm/m/n/10 1018
 []


Overfull \hbox (4.49997pt too wide) detected at line 1162
 []\T1/qtm/m/n/10 1018
 []


Overfull \hbox (4.49997pt too wide) detected at line 1163
 []\T1/qtm/m/n/10 1018
 []


Overfull \hbox (4.49997pt too wide) detected at line 1164
 []\T1/qtm/m/n/10 1018
 []


Overfull \hbox (4.49997pt too wide) detected at line 1165
 []\T1/qtm/m/n/10 1021
 []

[17]
Overfull \hbox (4.49997pt too wide) detected at line 1166
 []\T1/qtm/m/n/10 1021
 []


Overfull \hbox (4.49997pt too wide) detected at line 1167
 []\T1/qtm/m/n/10 1021
 []


Overfull \hbox (4.49997pt too wide) detected at line 1168
 []\T1/qtm/m/n/10 1021
 []


Overfull \hbox (4.49997pt too wide) detected at line 1169
 []\T1/qtm/m/n/10 1021
 []


Overfull \hbox (4.49997pt too wide) detected at line 1170
 []\T1/qtm/m/n/10 1021
 []


Overfull \hbox (4.49997pt too wide) detected at line 1171
 []\T1/qtm/m/n/10 1021
 []


Overfull \hbox (4.49997pt too wide) detected at line 1172
 []\T1/qtm/m/n/10 1022
 []


Overfull \hbox (4.49997pt too wide) detected at line 1173
 []\T1/qtm/m/n/10 1022
 []


Overfull \hbox (4.49997pt too wide) detected at line 1174
 []\T1/qtm/m/n/10 1022
 []


Overfull \hbox (4.49997pt too wide) detected at line 1175
 []\T1/qtm/m/n/10 1022
 []


Overfull \hbox (4.49997pt too wide) detected at line 1176
 []\T1/qtm/m/n/10 1022
 []


Overfull \hbox (4.49997pt too wide) detected at line 1177
 []\T1/qtm/m/n/10 1023
 []


Overfull \hbox (4.49997pt too wide) detected at line 1178
 []\T1/qtm/m/n/10 1023
 []


Overfull \hbox (4.49997pt too wide) detected at line 1179
 []\T1/qtm/m/n/10 1024
 []


Overfull \hbox (4.49997pt too wide) detected at line 1180
 []\T1/qtm/m/n/10 1024
 []


Overfull \hbox (4.49997pt too wide) detected at line 1181
 []\T1/qtm/m/n/10 1024
 []


Overfull \hbox (4.49997pt too wide) detected at line 1182
 []\T1/qtm/m/n/10 1024
 []


Overfull \hbox (4.49997pt too wide) detected at line 1183
 []\T1/qtm/m/n/10 1024
 []


Overfull \hbox (4.49997pt too wide) detected at line 1184
 []\T1/qtm/m/n/10 1024
 []


Overfull \hbox (4.49997pt too wide) detected at line 1185
 []\T1/qtm/m/n/10 1025
 []


Overfull \hbox (4.49997pt too wide) detected at line 1186
 []\T1/qtm/m/n/10 1025
 []


Overfull \hbox (4.49997pt too wide) detected at line 1187
 []\T1/qtm/m/n/10 1025
 []


Overfull \hbox (4.49997pt too wide) detected at line 1188
 []\T1/qtm/m/n/10 1025
 []


Overfull \hbox (4.49997pt too wide) detected at line 1189
 []\T1/qtm/m/n/10 1025
 []


Overfull \hbox (4.49997pt too wide) detected at line 1190
 []\T1/qtm/m/n/10 1025
 []


Overfull \hbox (4.49997pt too wide) detected at line 1191
 []\T1/qtm/m/n/10 1025
 []


Overfull \hbox (4.49997pt too wide) detected at line 1192
 []\T1/qtm/m/n/10 1026
 []


Overfull \hbox (4.49997pt too wide) detected at line 1193
 []\T1/qtm/m/n/10 1027
 []


Overfull \hbox (4.49997pt too wide) detected at line 1194
 []\T1/qtm/m/n/10 1027
 []


Overfull \hbox (4.49997pt too wide) detected at line 1195
 []\T1/qtm/m/n/10 1027
 []


Overfull \hbox (4.49997pt too wide) detected at line 1196
 []\T1/qtm/m/n/10 1027
 []


Overfull \hbox (4.49997pt too wide) detected at line 1197
 []\T1/qtm/m/n/10 1027
 []


Overfull \hbox (4.49997pt too wide) detected at line 1198
 []\T1/qtm/m/n/10 1028
 []


Overfull \hbox (4.49997pt too wide) detected at line 1199
 []\T1/qtm/m/n/10 1028
 []


Overfull \hbox (4.49997pt too wide) detected at line 1200
 []\T1/qtm/m/n/10 1029
 []


Overfull \hbox (4.49997pt too wide) detected at line 1201
 []\T1/qtm/m/n/10 1030
 []


Overfull \hbox (4.49997pt too wide) detected at line 1202
 []\T1/qtm/m/n/10 1030
 []


Overfull \hbox (4.49997pt too wide) detected at line 1203
 []\T1/qtm/m/n/10 1030
 []


Overfull \hbox (4.49997pt too wide) detected at line 1204
 []\T1/qtm/m/n/10 1030
 []


Overfull \hbox (4.49997pt too wide) detected at line 1205
 []\T1/qtm/m/n/10 1030
 []


Overfull \hbox (4.49997pt too wide) detected at line 1206
 []\T1/qtm/m/n/10 1030
 []


Overfull \hbox (4.49997pt too wide) detected at line 1207
 []\T1/qtm/m/n/10 1031
 []


Overfull \hbox (4.49997pt too wide) detected at line 1212
 []\T1/qtm/m/n/10 1036
 []


Overfull \hbox (4.49997pt too wide) detected at line 1216
 []\T1/qtm/m/n/10 1039
 []


Overfull \hbox (4.49997pt too wide) detected at line 1219
 []\T1/qtm/m/n/10 1043
 []


Overfull \hbox (4.49997pt too wide) detected at line 1222
 []\T1/qtm/m/n/10 1049
 []


Overfull \hbox (4.49997pt too wide) detected at line 1223
 []\T1/qtm/m/n/10 1049
 []


Overfull \hbox (4.49997pt too wide) detected at line 1224
 []\T1/qtm/m/n/10 1049
 []


Overfull \hbox (4.49997pt too wide) detected at line 1225
 []\T1/qtm/m/n/10 1049
 []


Overfull \hbox (4.49997pt too wide) detected at line 1226
 []\T1/qtm/m/n/10 1049
 []


Overfull \hbox (4.49997pt too wide) detected at line 1227
 []\T1/qtm/m/n/10 1050
 []


Overfull \hbox (4.49997pt too wide) detected at line 1228
 []\T1/qtm/m/n/10 1051
 []


Overfull \hbox (4.49997pt too wide) detected at line 1229
 []\T1/qtm/m/n/10 1055
 []


Overfull \hbox (4.49997pt too wide) detected at line 1230
 []\T1/qtm/m/n/10 1055
 []

[18]
Overfull \hbox (4.49997pt too wide) detected at line 1231
 []\T1/qtm/m/n/10 1055
 []


Overfull \hbox (4.49997pt too wide) detected at line 1232
 []\T1/qtm/m/n/10 1056
 []


Overfull \hbox (4.49997pt too wide) detected at line 1233
 []\T1/qtm/m/n/10 1056
 []


Overfull \hbox (4.49997pt too wide) detected at line 1234
 []\T1/qtm/m/n/10 1058
 []


Overfull \hbox (4.49997pt too wide) detected at line 1235
 []\T1/qtm/m/n/10 1058
 []


Overfull \hbox (4.49997pt too wide) detected at line 1236
 []\T1/qtm/m/n/10 1062
 []


Overfull \hbox (4.49997pt too wide) detected at line 1237
 []\T1/qtm/m/n/10 1063
 []


Overfull \hbox (4.49997pt too wide) detected at line 1238
 []\T1/qtm/m/n/10 1063
 []


Overfull \hbox (4.49997pt too wide) detected at line 1239
 []\T1/qtm/m/n/10 1064
 []


Overfull \hbox (4.49997pt too wide) detected at line 1240
 []\T1/qtm/m/n/10 1064
 []


Overfull \hbox (4.49997pt too wide) detected at line 1241
 []\T1/qtm/m/n/10 1064
 []


Overfull \hbox (4.49997pt too wide) detected at line 1242
 []\T1/qtm/m/n/10 1064
 []


Overfull \hbox (4.49997pt too wide) detected at line 1243
 []\T1/qtm/m/n/10 1064
 []


Overfull \hbox (4.49997pt too wide) detected at line 1244
 []\T1/qtm/m/n/10 1064
 []


Overfull \hbox (4.49997pt too wide) detected at line 1245
 []\T1/qtm/m/n/10 1064
 []


Overfull \hbox (4.49997pt too wide) detected at line 1246
 []\T1/qtm/m/n/10 1064
 []


Overfull \hbox (4.49997pt too wide) detected at line 1247
 []\T1/qtm/m/n/10 1064
 []


Overfull \hbox (4.49997pt too wide) detected at line 1248
 []\T1/qtm/m/n/10 1065
 []


Overfull \hbox (4.49997pt too wide) detected at line 1249
 []\T1/qtm/m/n/10 1065
 []


Overfull \hbox (4.49997pt too wide) detected at line 1250
 []\T1/qtm/m/n/10 1065
 []


Overfull \hbox (4.49997pt too wide) detected at line 1251
 []\T1/qtm/m/n/10 1066
 []


Overfull \hbox (4.49997pt too wide) detected at line 1252
 []\T1/qtm/m/n/10 1066
 []


Overfull \hbox (4.49997pt too wide) detected at line 1253
 []\T1/qtm/m/n/10 1066
 []


Overfull \hbox (4.49997pt too wide) detected at line 1254
 []\T1/qtm/m/n/10 1066
 []


Overfull \hbox (4.49997pt too wide) detected at line 1255
 []\T1/qtm/m/n/10 1066
 []


Overfull \hbox (4.49997pt too wide) detected at line 1256
 []\T1/qtm/m/n/10 1067
 []


Overfull \hbox (4.49997pt too wide) detected at line 1257
 []\T1/qtm/m/n/10 1070
 []


Overfull \hbox (4.49997pt too wide) detected at line 1258
 []\T1/qtm/m/n/10 1071
 []


Overfull \hbox (4.49997pt too wide) detected at line 1259
 []\T1/qtm/m/n/10 1071
 []


Overfull \hbox (4.49997pt too wide) detected at line 1260
 []\T1/qtm/m/n/10 1071
 []


Overfull \hbox (4.49997pt too wide) detected at line 1261
 []\T1/qtm/m/n/10 1071
 []


Overfull \hbox (4.49997pt too wide) detected at line 1262
 []\T1/qtm/m/n/10 1071
 []


Overfull \hbox (4.49997pt too wide) detected at line 1263
 []\T1/qtm/m/n/10 1071
 []


Overfull \hbox (4.49997pt too wide) detected at line 1264
 []\T1/qtm/m/n/10 1071
 []


Overfull \hbox (4.49997pt too wide) detected at line 1265
 []\T1/qtm/m/n/10 1072
 []


Overfull \hbox (4.49997pt too wide) detected at line 1266
 []\T1/qtm/m/n/10 1072
 []


Overfull \hbox (4.49997pt too wide) detected at line 1267
 []\T1/qtm/m/n/10 1072
 []


Overfull \hbox (4.49997pt too wide) detected at line 1268
 []\T1/qtm/m/n/10 1072
 []


Overfull \hbox (4.49997pt too wide) detected at line 1269
 []\T1/qtm/m/n/10 1072
 []


Overfull \hbox (4.49997pt too wide) detected at line 1270
 []\T1/qtm/m/n/10 1072
 []


Overfull \hbox (4.49997pt too wide) detected at line 1271
 []\T1/qtm/m/n/10 1073
 []


Overfull \hbox (4.49997pt too wide) detected at line 1272
 []\T1/qtm/m/n/10 1073
 []


Overfull \hbox (4.49997pt too wide) detected at line 1273
 []\T1/qtm/m/n/10 1073
 []


Overfull \hbox (4.49997pt too wide) detected at line 1274
 []\T1/qtm/m/n/10 1073
 []


Overfull \hbox (4.49997pt too wide) detected at line 1275
 []\T1/qtm/m/n/10 1073
 []


Overfull \hbox (4.49997pt too wide) detected at line 1276
 []\T1/qtm/m/n/10 1074
 []


Overfull \hbox (4.49997pt too wide) detected at line 1277
 []\T1/qtm/m/n/10 1074
 []


Overfull \hbox (4.49997pt too wide) detected at line 1278
 []\T1/qtm/m/n/10 1078
 []


Overfull \hbox (4.49997pt too wide) detected at line 1279
 []\T1/qtm/m/n/10 1078
 []


Overfull \hbox (4.49997pt too wide) detected at line 1280
 []\T1/qtm/m/n/10 1078
 []


Overfull \hbox (4.49997pt too wide) detected at line 1281
 []\T1/qtm/m/n/10 1079
 []


Overfull \hbox (4.49997pt too wide) detected at line 1282
 []\T1/qtm/m/n/10 1079
 []


Overfull \hbox (4.49997pt too wide) detected at line 1283
 []\T1/qtm/m/n/10 1079
 []


Overfull \hbox (4.49997pt too wide) detected at line 1284
 []\T1/qtm/m/n/10 1079
 []

[19]
Overfull \hbox (4.49997pt too wide) detected at line 1285
 []\T1/qtm/m/n/10 1081
 []


Overfull \hbox (4.49997pt too wide) detected at line 1286
 []\T1/qtm/m/n/10 1081
 []


Overfull \hbox (4.49997pt too wide) detected at line 1287
 []\T1/qtm/m/n/10 1081
 []


Overfull \hbox (4.49997pt too wide) detected at line 1288
 []\T1/qtm/m/n/10 1081
 []


Overfull \hbox (4.49997pt too wide) detected at line 1289
 []\T1/qtm/m/n/10 1081
 []


Overfull \hbox (4.49997pt too wide) detected at line 1290
 []\T1/qtm/m/n/10 1081
 []


Overfull \hbox (4.49997pt too wide) detected at line 1291
 []\T1/qtm/m/n/10 1081
 []


Overfull \hbox (4.49997pt too wide) detected at line 1292
 []\T1/qtm/m/n/10 1081
 []


Overfull \hbox (4.49997pt too wide) detected at line 1293
 []\T1/qtm/m/n/10 1082
 []


Overfull \hbox (4.49997pt too wide) detected at line 1294
 []\T1/qtm/m/n/10 1083
 []


Overfull \hbox (4.49997pt too wide) detected at line 1295
 []\T1/qtm/m/n/10 1083
 []


Overfull \hbox (4.49997pt too wide) detected at line 1296
 []\T1/qtm/m/n/10 1083
 []


Overfull \hbox (4.49997pt too wide) detected at line 1297
 []\T1/qtm/m/n/10 1083
 []


Overfull \hbox (4.49997pt too wide) detected at line 1298
 []\T1/qtm/m/n/10 1083
 []


Overfull \hbox (4.49997pt too wide) detected at line 1299
 []\T1/qtm/m/n/10 1083
 []


Overfull \hbox (4.49997pt too wide) detected at line 1300
 []\T1/qtm/m/n/10 1083
 []


Overfull \hbox (4.49997pt too wide) detected at line 1301
 []\T1/qtm/m/n/10 1083
 []


Overfull \hbox (4.49997pt too wide) detected at line 1302
 []\T1/qtm/m/n/10 1083
 []


Overfull \hbox (4.49997pt too wide) detected at line 1303
 []\T1/qtm/m/n/10 1083
 []


Overfull \hbox (4.49997pt too wide) detected at line 1304
 []\T1/qtm/m/n/10 1083
 []


Overfull \hbox (4.49997pt too wide) detected at line 1305
 []\T1/qtm/m/n/10 1083
 []


Overfull \hbox (4.49997pt too wide) detected at line 1306
 []\T1/qtm/m/n/10 1084
 []


Overfull \hbox (4.49997pt too wide) detected at line 1307
 []\T1/qtm/m/n/10 1084
 []


Overfull \hbox (4.49997pt too wide) detected at line 1308
 []\T1/qtm/m/n/10 1085
 []


Overfull \hbox (4.49997pt too wide) detected at line 1309
 []\T1/qtm/m/n/10 1085
 []


Overfull \hbox (4.49997pt too wide) detected at line 1310
 []\T1/qtm/m/n/10 1085
 []


Overfull \hbox (4.49997pt too wide) detected at line 1311
 []\T1/qtm/m/n/10 1086
 []


Overfull \hbox (4.49997pt too wide) detected at line 1312
 []\T1/qtm/m/n/10 1086
 []


Overfull \hbox (4.49997pt too wide) detected at line 1313
 []\T1/qtm/m/n/10 1086
 []


Overfull \hbox (4.49997pt too wide) detected at line 1314
 []\T1/qtm/m/n/10 1086
 []


Overfull \hbox (4.49997pt too wide) detected at line 1315
 []\T1/qtm/m/n/10 1090
 []


Overfull \hbox (4.49997pt too wide) detected at line 1316
 []\T1/qtm/m/n/10 1090
 []


Overfull \hbox (4.49997pt too wide) detected at line 1317
 []\T1/qtm/m/n/10 1090
 []


Overfull \hbox (4.49997pt too wide) detected at line 1318
 []\T1/qtm/m/n/10 1091
 []


Overfull \hbox (4.49997pt too wide) detected at line 1319
 []\T1/qtm/m/n/10 1091
 []


Overfull \hbox (4.49997pt too wide) detected at line 1320
 []\T1/qtm/m/n/10 1091
 []


Overfull \hbox (4.49997pt too wide) detected at line 1321
 []\T1/qtm/m/n/10 1091
 []


Overfull \hbox (4.49997pt too wide) detected at line 1322
 []\T1/qtm/m/n/10 1093
 []


Overfull \hbox (4.49997pt too wide) detected at line 1323
 []\T1/qtm/m/n/10 1100
 []


Overfull \hbox (4.49997pt too wide) detected at line 1324
 []\T1/qtm/m/n/10 1100
 []


Overfull \hbox (4.49997pt too wide) detected at line 1325
 []\T1/qtm/m/n/10 1100
 []


Overfull \hbox (4.49997pt too wide) detected at line 1326
 []\T1/qtm/m/n/10 1100
 []


Overfull \hbox (4.49997pt too wide) detected at line 1327
 []\T1/qtm/m/n/10 1100
 []


Overfull \hbox (4.49997pt too wide) detected at line 1328
 []\T1/qtm/m/n/10 1101
 []


Overfull \hbox (4.49997pt too wide) detected at line 1329
 []\T1/qtm/m/n/10 1101
 []


Overfull \hbox (4.49997pt too wide) detected at line 1330
 []\T1/qtm/m/n/10 1106
 []


Overfull \hbox (4.49997pt too wide) detected at line 1331
 []\T1/qtm/m/n/10 1106
 []


Overfull \hbox (4.49997pt too wide) detected at line 1332
 []\T1/qtm/m/n/10 1106
 []


Overfull \hbox (4.49997pt too wide) detected at line 1333
 []\T1/qtm/m/n/10 1106
 []


Overfull \hbox (4.49997pt too wide) detected at line 1334
 []\T1/qtm/m/n/10 1106
 []


Overfull \hbox (4.49997pt too wide) detected at line 1335
 []\T1/qtm/m/n/10 1107
 []


Overfull \hbox (4.49997pt too wide) detected at line 1336
 []\T1/qtm/m/n/10 1107
 []


Overfull \hbox (4.49997pt too wide) detected at line 1337
 []\T1/qtm/m/n/10 1111
 []


Overfull \hbox (4.49997pt too wide) detected at line 1338
 []\T1/qtm/m/n/10 1111
 []

[20]
Overfull \hbox (4.49997pt too wide) detected at line 1339
 []\T1/qtm/m/n/10 1111
 []


Overfull \hbox (4.49997pt too wide) detected at line 1340
 []\T1/qtm/m/n/10 1111
 []


Overfull \hbox (4.49997pt too wide) detected at line 1341
 []\T1/qtm/m/n/10 1111
 []


Overfull \hbox (4.49997pt too wide) detected at line 1342
 []\T1/qtm/m/n/10 1112
 []


Overfull \hbox (4.49997pt too wide) detected at line 1343
 []\T1/qtm/m/n/10 1113
 []


Overfull \hbox (4.49997pt too wide) detected at line 1344
 []\T1/qtm/m/n/10 1115
 []


Overfull \hbox (4.49997pt too wide) detected at line 1345
 []\T1/qtm/m/n/10 1115
 []


Overfull \hbox (4.49997pt too wide) detected at line 1346
 []\T1/qtm/m/n/10 1115
 []


Overfull \hbox (4.49997pt too wide) detected at line 1347
 []\T1/qtm/m/n/10 1115
 []


Overfull \hbox (4.49997pt too wide) detected at line 1348
 []\T1/qtm/m/n/10 1115
 []


Overfull \hbox (4.49997pt too wide) detected at line 1349
 []\T1/qtm/m/n/10 1116
 []


Overfull \hbox (4.49997pt too wide) detected at line 1350
 []\T1/qtm/m/n/10 1116
 []


Overfull \hbox (4.49997pt too wide) detected at line 1351
 []\T1/qtm/m/n/10 1117
 []


Overfull \hbox (4.49997pt too wide) detected at line 1352
 []\T1/qtm/m/n/10 1117
 []


Overfull \hbox (4.49997pt too wide) detected at line 1353
 []\T1/qtm/m/n/10 1117
 []


Overfull \hbox (4.49997pt too wide) detected at line 1354
 []\T1/qtm/m/n/10 1117
 []


Overfull \hbox (4.49997pt too wide) detected at line 1355
 []\T1/qtm/m/n/10 1117
 []


Overfull \hbox (4.49997pt too wide) detected at line 1356
 []\T1/qtm/m/n/10 1118
 []


Overfull \hbox (4.49997pt too wide) detected at line 1357
 []\T1/qtm/m/n/10 1118
 []


Overfull \hbox (4.49997pt too wide) detected at line 1358
 []\T1/qtm/m/n/10 1118
 []


Overfull \hbox (4.49997pt too wide) detected at line 1359
 []\T1/qtm/m/n/10 1118
 []


Overfull \hbox (4.49997pt too wide) detected at line 1360
 []\T1/qtm/m/n/10 1118
 []


Overfull \hbox (4.49997pt too wide) detected at line 1361
 []\T1/qtm/m/n/10 1118
 []


Overfull \hbox (4.49997pt too wide) detected at line 1362
 []\T1/qtm/m/n/10 1118
 []


Overfull \hbox (4.49997pt too wide) detected at line 1363
 []\T1/qtm/m/n/10 1119
 []


Overfull \hbox (4.49997pt too wide) detected at line 1364
 []\T1/qtm/m/n/10 1119
 []


Overfull \hbox (4.49997pt too wide) detected at line 1365
 []\T1/qtm/m/n/10 1120
 []


Overfull \hbox (4.49997pt too wide) detected at line 1366
 []\T1/qtm/m/n/10 1121
 []


Overfull \hbox (4.49997pt too wide) detected at line 1367
 []\T1/qtm/m/n/10 1121
 []


Overfull \hbox (4.49997pt too wide) detected at line 1368
 []\T1/qtm/m/n/10 1121
 []


Overfull \hbox (4.49997pt too wide) detected at line 1369
 []\T1/qtm/m/n/10 1121
 []


Overfull \hbox (4.49997pt too wide) detected at line 1370
 []\T1/qtm/m/n/10 1123
 []


Overfull \hbox (4.49997pt too wide) detected at line 1371
 []\T1/qtm/m/n/10 1124
 []


Overfull \hbox (4.49997pt too wide) detected at line 1372
 []\T1/qtm/m/n/10 1130
 []


Overfull \hbox (4.49997pt too wide) detected at line 1373
 []\T1/qtm/m/n/10 1130
 []


Overfull \hbox (4.49997pt too wide) detected at line 1374
 []\T1/qtm/m/n/10 1130
 []


Overfull \hbox (4.49997pt too wide) detected at line 1375
 []\T1/qtm/m/n/10 1131
 []


Overfull \hbox (4.49997pt too wide) detected at line 1376
 []\T1/qtm/m/n/10 1131
 []


Overfull \hbox (4.49997pt too wide) detected at line 1377
 []\T1/qtm/m/n/10 1131
 []


Overfull \hbox (4.49997pt too wide) detected at line 1378
 []\T1/qtm/m/n/10 1132
 []


Overfull \hbox (4.49997pt too wide) detected at line 1379
 []\T1/qtm/m/n/10 1133
 []


Overfull \hbox (4.49997pt too wide) detected at line 1380
 []\T1/qtm/m/n/10 1133
 []


Overfull \hbox (4.49997pt too wide) detected at line 1381
 []\T1/qtm/m/n/10 1133
 []


Overfull \hbox (4.49997pt too wide) detected at line 1382
 []\T1/qtm/m/n/10 1133
 []


Overfull \hbox (4.49997pt too wide) detected at line 1383
 []\T1/qtm/m/n/10 1133
 []


Overfull \hbox (4.49997pt too wide) detected at line 1384
 []\T1/qtm/m/n/10 1134
 []


Overfull \hbox (4.49997pt too wide) detected at line 1385
 []\T1/qtm/m/n/10 1134
 []


Overfull \hbox (4.49997pt too wide) detected at line 1386
 []\T1/qtm/m/n/10 1138
 []


Overfull \hbox (4.49997pt too wide) detected at line 1387
 []\T1/qtm/m/n/10 1138
 []


Overfull \hbox (4.49997pt too wide) detected at line 1388
 []\T1/qtm/m/n/10 1138
 []


Overfull \hbox (4.49997pt too wide) detected at line 1389
 []\T1/qtm/m/n/10 1138
 []


Overfull \hbox (4.49997pt too wide) detected at line 1390
 []\T1/qtm/m/n/10 1138
 []


Overfull \hbox (4.49997pt too wide) detected at line 1391
 []\T1/qtm/m/n/10 1138
 []


Overfull \hbox (4.49997pt too wide) detected at line 1392
 []\T1/qtm/m/n/10 1138
 []

[21]
Overfull \hbox (4.49997pt too wide) detected at line 1393
 []\T1/qtm/m/n/10 1147
 []


Overfull \hbox (4.49997pt too wide) detected at line 1394
 []\T1/qtm/m/n/10 1148
 []


Overfull \hbox (4.49997pt too wide) detected at line 1395
 []\T1/qtm/m/n/10 1148
 []


Overfull \hbox (4.49997pt too wide) detected at line 1396
 []\T1/qtm/m/n/10 1148
 []


Overfull \hbox (4.49997pt too wide) detected at line 1397
 []\T1/qtm/m/n/10 1148
 []


Overfull \hbox (4.49997pt too wide) detected at line 1398
 []\T1/qtm/m/n/10 1148
 []


Overfull \hbox (4.49997pt too wide) detected at line 1399
 []\T1/qtm/m/n/10 1148
 []


Overfull \hbox (4.49997pt too wide) detected at line 1400
 []\T1/qtm/m/n/10 1149
 []


Overfull \hbox (4.49997pt too wide) detected at line 1401
 []\T1/qtm/m/n/10 1149
 []


Overfull \hbox (4.49997pt too wide) detected at line 1402
 []\T1/qtm/m/n/10 1149
 []


Overfull \hbox (4.49997pt too wide) detected at line 1403
 []\T1/qtm/m/n/10 1149
 []


Overfull \hbox (4.49997pt too wide) detected at line 1404
 []\T1/qtm/m/n/10 1149
 []


Overfull \hbox (4.49997pt too wide) detected at line 1405
 []\T1/qtm/m/n/10 1149
 []


Overfull \hbox (4.49997pt too wide) detected at line 1406
 []\T1/qtm/m/n/10 1150
 []


Overfull \hbox (4.49997pt too wide) detected at line 1407
 []\T1/qtm/m/n/10 1150
 []


Overfull \hbox (4.49997pt too wide) detected at line 1408
 []\T1/qtm/m/n/10 1150
 []


Overfull \hbox (4.49997pt too wide) detected at line 1409
 []\T1/qtm/m/n/10 1150
 []


Overfull \hbox (4.49997pt too wide) detected at line 1410
 []\T1/qtm/m/n/10 1150
 []


Overfull \hbox (4.49997pt too wide) detected at line 1411
 []\T1/qtm/m/n/10 1150
 []


Overfull \hbox (4.49997pt too wide) detected at line 1412
 []\T1/qtm/m/n/10 1151
 []


Overfull \hbox (4.49997pt too wide) detected at line 1413
 []\T1/qtm/m/n/10 1151
 []


Overfull \hbox (4.49997pt too wide) detected at line 1414
 []\T1/qtm/m/n/10 1151
 []


Overfull \hbox (4.49997pt too wide) detected at line 1415
 []\T1/qtm/m/n/10 1152
 []


Overfull \hbox (4.49997pt too wide) detected at line 1416
 []\T1/qtm/m/n/10 1152
 []


Overfull \hbox (4.49997pt too wide) detected at line 1417
 []\T1/qtm/m/n/10 1152
 []


Overfull \hbox (4.49997pt too wide) detected at line 1418
 []\T1/qtm/m/n/10 1152
 []


Overfull \hbox (4.49997pt too wide) detected at line 1419
 []\T1/qtm/m/n/10 1153
 []


Overfull \hbox (4.49997pt too wide) detected at line 1420
 []\T1/qtm/m/n/10 1153
 []


Overfull \hbox (4.49997pt too wide) detected at line 1421
 []\T1/qtm/m/n/10 1156
 []


Overfull \hbox (4.49997pt too wide) detected at line 1422
 []\T1/qtm/m/n/10 1156
 []


Overfull \hbox (4.49997pt too wide) detected at line 1423
 []\T1/qtm/m/n/10 1156
 []


Overfull \hbox (4.49997pt too wide) detected at line 1424
 []\T1/qtm/m/n/10 1156
 []


Overfull \hbox (4.49997pt too wide) detected at line 1425
 []\T1/qtm/m/n/10 1156
 []


Overfull \hbox (4.49997pt too wide) detected at line 1426
 []\T1/qtm/m/n/10 1156
 []


Overfull \hbox (4.49997pt too wide) detected at line 1427
 []\T1/qtm/m/n/10 1157
 []


Overfull \hbox (4.49997pt too wide) detected at line 1428
 []\T1/qtm/m/n/10 1158
 []


Overfull \hbox (4.49997pt too wide) detected at line 1429
 []\T1/qtm/m/n/10 1158
 []


Overfull \hbox (4.49997pt too wide) detected at line 1430
 []\T1/qtm/m/n/10 1158
 []


Overfull \hbox (4.49997pt too wide) detected at line 1431
 []\T1/qtm/m/n/10 1158
 []


Overfull \hbox (4.49997pt too wide) detected at line 1432
 []\T1/qtm/m/n/10 1158
 []


Overfull \hbox (4.49997pt too wide) detected at line 1433
 []\T1/qtm/m/n/10 1159
 []


Overfull \hbox (4.49997pt too wide) detected at line 1434
 []\T1/qtm/m/n/10 1159
 []


Overfull \hbox (4.49997pt too wide) detected at line 1435
 []\T1/qtm/m/n/10 1162
 []


Overfull \hbox (4.49997pt too wide) detected at line 1436
 []\T1/qtm/m/n/10 1163
 []


Overfull \hbox (4.49997pt too wide) detected at line 1437
 []\T1/qtm/m/n/10 1163
 []


Overfull \hbox (4.49997pt too wide) detected at line 1438
 []\T1/qtm/m/n/10 1163
 []


Overfull \hbox (4.49997pt too wide) detected at line 1439
 []\T1/qtm/m/n/10 1163
 []


Overfull \hbox (4.49997pt too wide) detected at line 1440
 []\T1/qtm/m/n/10 1164
 []


Overfull \hbox (4.49997pt too wide) detected at line 1441
 []\T1/qtm/m/n/10 1164
 []


Overfull \hbox (4.49997pt too wide) detected at line 1442
 []\T1/qtm/m/n/10 1170
 []


Overfull \hbox (4.49997pt too wide) detected at line 1443
 []\T1/qtm/m/n/10 1170
 []


Overfull \hbox (4.49997pt too wide) detected at line 1444
 []\T1/qtm/m/n/10 1170
 []


Overfull \hbox (4.49997pt too wide) detected at line 1445
 []\T1/qtm/m/n/10 1171
 []


Overfull \hbox (4.49997pt too wide) detected at line 1446
 []\T1/qtm/m/n/10 1171
 []

[22]
Overfull \hbox (4.49997pt too wide) detected at line 1447
 []\T1/qtm/m/n/10 1171
 []


Overfull \hbox (4.49997pt too wide) detected at line 1448
 []\T1/qtm/m/n/10 1171
 []


Overfull \hbox (4.49997pt too wide) detected at line 1449
 []\T1/qtm/m/n/10 1171
 []


Overfull \hbox (4.49997pt too wide) detected at line 1450
 []\T1/qtm/m/n/10 1171
 []


Overfull \hbox (4.49997pt too wide) detected at line 1451
 []\T1/qtm/m/n/10 1171
 []


Overfull \hbox (4.49997pt too wide) detected at line 1452
 []\T1/qtm/m/n/10 1171
 []


Overfull \hbox (4.49997pt too wide) detected at line 1453
 []\T1/qtm/m/n/10 1171
 []


Overfull \hbox (4.49997pt too wide) detected at line 1454
 []\T1/qtm/m/n/10 1172
 []


Overfull \hbox (4.49997pt too wide) detected at line 1455
 []\T1/qtm/m/n/10 1173
 []


Overfull \hbox (4.49997pt too wide) detected at line 1456
 []\T1/qtm/m/n/10 1173
 []


Overfull \hbox (4.49997pt too wide) detected at line 1457
 []\T1/qtm/m/n/10 1175
 []


Overfull \hbox (4.49997pt too wide) detected at line 1458
 []\T1/qtm/m/n/10 1176
 []


Overfull \hbox (4.49997pt too wide) detected at line 1459
 []\T1/qtm/m/n/10 1177
 []


Overfull \hbox (4.49997pt too wide) detected at line 1460
 []\T1/qtm/m/n/10 1180
 []


Overfull \hbox (4.49997pt too wide) detected at line 1461
 []\T1/qtm/m/n/10 1180
 []


Overfull \hbox (4.49997pt too wide) detected at line 1462
 []\T1/qtm/m/n/10 1195
 []


Overfull \hbox (4.49997pt too wide) detected at line 1463
 []\T1/qtm/m/n/10 1195
 []


Overfull \hbox (4.49997pt too wide) detected at line 1464
 []\T1/qtm/m/n/10 1195
 []


Overfull \hbox (4.49997pt too wide) detected at line 1465
 []\T1/qtm/m/n/10 1195
 []


Overfull \hbox (4.49997pt too wide) detected at line 1466
 []\T1/qtm/m/n/10 1195
 []


Overfull \hbox (4.49997pt too wide) detected at line 1467
 []\T1/qtm/m/n/10 1196
 []


Overfull \hbox (4.49997pt too wide) detected at line 1468
 []\T1/qtm/m/n/10 1197
 []


Overfull \hbox (4.49997pt too wide) detected at line 1469
 []\T1/qtm/m/n/10 1200
 []


Overfull \hbox (4.49997pt too wide) detected at line 1470
 []\T1/qtm/m/n/10 1200
 []


Overfull \hbox (4.49997pt too wide) detected at line 1471
 []\T1/qtm/m/n/10 1201
 []


Overfull \hbox (4.49997pt too wide) detected at line 1472
 []\T1/qtm/m/n/10 1201
 []


Overfull \hbox (4.49997pt too wide) detected at line 1473
 []\T1/qtm/m/n/10 1201
 []


Overfull \hbox (4.49997pt too wide) detected at line 1474
 []\T1/qtm/m/n/10 1201
 []


Overfull \hbox (4.49997pt too wide) detected at line 1475
 []\T1/qtm/m/n/10 1201
 []


Overfull \hbox (4.49997pt too wide) detected at line 1476
 []\T1/qtm/m/n/10 1204
 []


Overfull \hbox (4.49997pt too wide) detected at line 1477
 []\T1/qtm/m/n/10 1204
 []


Overfull \hbox (4.49997pt too wide) detected at line 1478
 []\T1/qtm/m/n/10 1204
 []


Overfull \hbox (4.49997pt too wide) detected at line 1479
 []\T1/qtm/m/n/10 1204
 []


Overfull \hbox (4.49997pt too wide) detected at line 1480
 []\T1/qtm/m/n/10 1204
 []


Overfull \hbox (4.49997pt too wide) detected at line 1481
 []\T1/qtm/m/n/10 1206
 []


Overfull \hbox (4.49997pt too wide) detected at line 1482
 []\T1/qtm/m/n/10 1206
 []


Overfull \hbox (4.49997pt too wide) detected at line 1483
 []\T1/qtm/m/n/10 1210
 []


Overfull \hbox (4.49997pt too wide) detected at line 1484
 []\T1/qtm/m/n/10 1210
 []


Overfull \hbox (4.49997pt too wide) detected at line 1485
 []\T1/qtm/m/n/10 1210
 []


Overfull \hbox (4.49997pt too wide) detected at line 1486
 []\T1/qtm/m/n/10 1210
 []


Overfull \hbox (4.49997pt too wide) detected at line 1487
 []\T1/qtm/m/n/10 1210
 []


Overfull \hbox (4.49997pt too wide) detected at line 1488
 []\T1/qtm/m/n/10 1210
 []


Overfull \hbox (4.49997pt too wide) detected at line 1489
 []\T1/qtm/m/n/10 1211
 []


Overfull \hbox (4.49997pt too wide) detected at line 1490
 []\T1/qtm/m/n/10 1212
 []


Overfull \hbox (4.49997pt too wide) detected at line 1491
 []\T1/qtm/m/n/10 1212
 []


Overfull \hbox (4.49997pt too wide) detected at line 1492
 []\T1/qtm/m/n/10 1212
 []


Overfull \hbox (4.49997pt too wide) detected at line 1493
 []\T1/qtm/m/n/10 1212
 []


Overfull \hbox (4.49997pt too wide) detected at line 1494
 []\T1/qtm/m/n/10 1212
 []


Overfull \hbox (4.49997pt too wide) detected at line 1495
 []\T1/qtm/m/n/10 1213
 []


Overfull \hbox (4.49997pt too wide) detected at line 1496
 []\T1/qtm/m/n/10 1213
 []


Overfull \hbox (4.49997pt too wide) detected at line 1497
 []\T1/qtm/m/n/10 1215
 []


Overfull \hbox (4.49997pt too wide) detected at line 1498
 []\T1/qtm/m/n/10 1215
 []


Overfull \hbox (4.49997pt too wide) detected at line 1499
 []\T1/qtm/m/n/10 1215
 []


Overfull \hbox (4.49997pt too wide) detected at line 1500
 []\T1/qtm/m/n/10 1215
 []

[23]
Overfull \hbox (4.49997pt too wide) detected at line 1501
 []\T1/qtm/m/n/10 1215
 []


Overfull \hbox (4.49997pt too wide) detected at line 1502
 []\T1/qtm/m/n/10 1216
 []


Overfull \hbox (4.49997pt too wide) detected at line 1503
 []\T1/qtm/m/n/10 1216
 []


Overfull \hbox (4.49997pt too wide) detected at line 1504
 []\T1/qtm/m/n/10 1218
 []


Overfull \hbox (4.49997pt too wide) detected at line 1505
 []\T1/qtm/m/n/10 1219
 []


Overfull \hbox (4.49997pt too wide) detected at line 1506
 []\T1/qtm/m/n/10 1219
 []


Overfull \hbox (4.49997pt too wide) detected at line 1507
 []\T1/qtm/m/n/10 1219
 []


Overfull \hbox (4.49997pt too wide) detected at line 1508
 []\T1/qtm/m/n/10 1219
 []


Overfull \hbox (4.49997pt too wide) detected at line 1509
 []\T1/qtm/m/n/10 1219
 []


Overfull \hbox (4.49997pt too wide) detected at line 1510
 []\T1/qtm/m/n/10 1219
 []


Overfull \hbox (4.49997pt too wide) detected at line 1511
 []\T1/qtm/m/n/10 1220
 []


Overfull \hbox (4.49997pt too wide) detected at line 1512
 []\T1/qtm/m/n/10 1220
 []


Overfull \hbox (4.49997pt too wide) detected at line 1513
 []\T1/qtm/m/n/10 1220
 []


Overfull \hbox (4.49997pt too wide) detected at line 1514
 []\T1/qtm/m/n/10 1220
 []


Overfull \hbox (4.49997pt too wide) detected at line 1515
 []\T1/qtm/m/n/10 1220
 []


Overfull \hbox (4.49997pt too wide) detected at line 1516
 []\T1/qtm/m/n/10 1221
 []


Overfull \hbox (4.49997pt too wide) detected at line 1517
 []\T1/qtm/m/n/10 1221
 []


Overfull \hbox (4.49997pt too wide) detected at line 1518
 []\T1/qtm/m/n/10 1222
 []


Overfull \hbox (4.49997pt too wide) detected at line 1519
 []\T1/qtm/m/n/10 1222
 []


Overfull \hbox (4.49997pt too wide) detected at line 1520
 []\T1/qtm/m/n/10 1222
 []


Overfull \hbox (4.49997pt too wide) detected at line 1521
 []\T1/qtm/m/n/10 1222
 []


Overfull \hbox (4.49997pt too wide) detected at line 1522
 []\T1/qtm/m/n/10 1222
 []


Overfull \hbox (4.49997pt too wide) detected at line 1523
 []\T1/qtm/m/n/10 1223
 []


Overfull \hbox (4.49997pt too wide) detected at line 1524
 []\T1/qtm/m/n/10 1223
 []


Overfull \hbox (4.49997pt too wide) detected at line 1525
 []\T1/qtm/m/n/10 1225
 []


Overfull \hbox (4.49997pt too wide) detected at line 1526
 []\T1/qtm/m/n/10 1225
 []


Overfull \hbox (4.49997pt too wide) detected at line 1527
 []\T1/qtm/m/n/10 1225
 []


Overfull \hbox (4.49997pt too wide) detected at line 1528
 []\T1/qtm/m/n/10 1225
 []


Overfull \hbox (4.49997pt too wide) detected at line 1529
 []\T1/qtm/m/n/10 1225
 []


Overfull \hbox (4.49997pt too wide) detected at line 1530
 []\T1/qtm/m/n/10 1226
 []


Overfull \hbox (4.49997pt too wide) detected at line 1531
 []\T1/qtm/m/n/10 1226
 []


Overfull \hbox (4.49997pt too wide) detected at line 1532
 []\T1/qtm/m/n/10 1229
 []


Overfull \hbox (4.49997pt too wide) detected at line 1533
 []\T1/qtm/m/n/10 1230
 []


Overfull \hbox (4.49997pt too wide) detected at line 1534
 []\T1/qtm/m/n/10 1230
 []


Overfull \hbox (4.49997pt too wide) detected at line 1535
 []\T1/qtm/m/n/10 1230
 []


Overfull \hbox (4.49997pt too wide) detected at line 1536
 []\T1/qtm/m/n/10 1230
 []


Overfull \hbox (4.49997pt too wide) detected at line 1537
 []\T1/qtm/m/n/10 1233
 []


Overfull \hbox (4.49997pt too wide) detected at line 1538
 []\T1/qtm/m/n/10 1233
 []


Overfull \hbox (4.49997pt too wide) detected at line 1539
 []\T1/qtm/m/n/10 1238
 []


Overfull \hbox (4.49997pt too wide) detected at line 1540
 []\T1/qtm/m/n/10 1238
 []


Overfull \hbox (4.49997pt too wide) detected at line 1541
 []\T1/qtm/m/n/10 1238
 []


Overfull \hbox (4.49997pt too wide) detected at line 1542
 []\T1/qtm/m/n/10 1238
 []


Overfull \hbox (4.49997pt too wide) detected at line 1543
 []\T1/qtm/m/n/10 1238
 []


Overfull \hbox (4.49997pt too wide) detected at line 1544
 []\T1/qtm/m/n/10 1239
 []


Overfull \hbox (4.49997pt too wide) detected at line 1545
 []\T1/qtm/m/n/10 1239
 []


Overfull \hbox (4.49997pt too wide) detected at line 1546
 []\T1/qtm/m/n/10 1240
 []


Overfull \hbox (4.49997pt too wide) detected at line 1547
 []\T1/qtm/m/n/10 1240
 []


Overfull \hbox (4.49997pt too wide) detected at line 1548
 []\T1/qtm/m/n/10 1240
 []


Overfull \hbox (4.49997pt too wide) detected at line 1549
 []\T1/qtm/m/n/10 1240
 []


Overfull \hbox (4.49997pt too wide) detected at line 1550
 []\T1/qtm/m/n/10 1240
 []


Overfull \hbox (4.49997pt too wide) detected at line 1551
 []\T1/qtm/m/n/10 1241
 []


Overfull \hbox (4.49997pt too wide) detected at line 1552
 []\T1/qtm/m/n/10 1241
 []


Overfull \hbox (4.49997pt too wide) detected at line 1553
 []\T1/qtm/m/n/10 1244
 []


Overfull \hbox (4.49997pt too wide) detected at line 1554
 []\T1/qtm/m/n/10 1244
 []

[24]
Overfull \hbox (4.49997pt too wide) detected at line 1555
 []\T1/qtm/m/n/10 1244
 []


Overfull \hbox (4.49997pt too wide) detected at line 1556
 []\T1/qtm/m/n/10 1244
 []


Overfull \hbox (4.49997pt too wide) detected at line 1557
 []\T1/qtm/m/n/10 1244
 []


Overfull \hbox (4.49997pt too wide) detected at line 1558
 []\T1/qtm/m/n/10 1244
 []


Overfull \hbox (4.49997pt too wide) detected at line 1559
 []\T1/qtm/m/n/10 1245
 []


Overfull \hbox (4.49997pt too wide) detected at line 1560
 []\T1/qtm/m/n/10 1246
 []


Overfull \hbox (4.49997pt too wide) detected at line 1561
 []\T1/qtm/m/n/10 1246
 []


Overfull \hbox (4.49997pt too wide) detected at line 1562
 []\T1/qtm/m/n/10 1246
 []


Overfull \hbox (4.49997pt too wide) detected at line 1563
 []\T1/qtm/m/n/10 1246
 []


Overfull \hbox (4.49997pt too wide) detected at line 1564
 []\T1/qtm/m/n/10 1246
 []


Overfull \hbox (4.49997pt too wide) detected at line 1565
 []\T1/qtm/m/n/10 1247
 []


Overfull \hbox (4.49997pt too wide) detected at line 1566
 []\T1/qtm/m/n/10 1247
 []


Overfull \hbox (4.49997pt too wide) detected at line 1567
 []\T1/qtm/m/n/10 1249
 []


Overfull \hbox (4.49997pt too wide) detected at line 1568
 []\T1/qtm/m/n/10 1250
 []


Overfull \hbox (4.49997pt too wide) detected at line 1569
 []\T1/qtm/m/n/10 1250
 []


Overfull \hbox (4.49997pt too wide) detected at line 1570
 []\T1/qtm/m/n/10 1250
 []


Overfull \hbox (4.49997pt too wide) detected at line 1571
 []\T1/qtm/m/n/10 1250
 []


Overfull \hbox (4.49997pt too wide) detected at line 1572
 []\T1/qtm/m/n/10 1250
 []


Overfull \hbox (4.49997pt too wide) detected at line 1573
 []\T1/qtm/m/n/10 1250
 []


Overfull \hbox (4.49997pt too wide) detected at line 1574
 []\T1/qtm/m/n/10 1252
 []


Overfull \hbox (4.49997pt too wide) detected at line 1575
 []\T1/qtm/m/n/10 1252
 []


Overfull \hbox (4.49997pt too wide) detected at line 1576
 []\T1/qtm/m/n/10 1252
 []


Overfull \hbox (4.49997pt too wide) detected at line 1577
 []\T1/qtm/m/n/10 1252
 []


Overfull \hbox (4.49997pt too wide) detected at line 1578
 []\T1/qtm/m/n/10 1252
 []


Overfull \hbox (4.49997pt too wide) detected at line 1579
 []\T1/qtm/m/n/10 1253
 []


Overfull \hbox (4.49997pt too wide) detected at line 1580
 []\T1/qtm/m/n/10 1253
 []


Overfull \hbox (4.49997pt too wide) detected at line 1581
 []\T1/qtm/m/n/10 1254
 []


Overfull \hbox (4.49997pt too wide) detected at line 1582
 []\T1/qtm/m/n/10 1254
 []


Overfull \hbox (4.49997pt too wide) detected at line 1583
 []\T1/qtm/m/n/10 1254
 []


Overfull \hbox (4.49997pt too wide) detected at line 1584
 []\T1/qtm/m/n/10 1254
 []


Overfull \hbox (4.49997pt too wide) detected at line 1585
 []\T1/qtm/m/n/10 1254
 []


Overfull \hbox (4.49997pt too wide) detected at line 1586
 []\T1/qtm/m/n/10 1254
 []


Overfull \hbox (4.49997pt too wide) detected at line 1587
 []\T1/qtm/m/n/10 1255
 []


Overfull \hbox (4.49997pt too wide) detected at line 1588
 []\T1/qtm/m/n/10 1255
 []


Overfull \hbox (4.49997pt too wide) detected at line 1589
 []\T1/qtm/m/n/10 1255
 []


Overfull \hbox (4.49997pt too wide) detected at line 1590
 []\T1/qtm/m/n/10 1255
 []


Overfull \hbox (4.49997pt too wide) detected at line 1591
 []\T1/qtm/m/n/10 1255
 []


Overfull \hbox (4.49997pt too wide) detected at line 1592
 []\T1/qtm/m/n/10 1255
 []


Overfull \hbox (4.49997pt too wide) detected at line 1593
 []\T1/qtm/m/n/10 1256
 []


Overfull \hbox (4.49997pt too wide) detected at line 1594
 []\T1/qtm/m/n/10 1256
 []


Overfull \hbox (4.49997pt too wide) detected at line 1595
 []\T1/qtm/m/n/10 1256
 []


Overfull \hbox (4.49997pt too wide) detected at line 1596
 []\T1/qtm/m/n/10 1256
 []


Overfull \hbox (4.49997pt too wide) detected at line 1597
 []\T1/qtm/m/n/10 1256
 []


Overfull \hbox (4.49997pt too wide) detected at line 1598
 []\T1/qtm/m/n/10 1256
 []


Overfull \hbox (4.49997pt too wide) detected at line 1599
 []\T1/qtm/m/n/10 1256
 []


Overfull \hbox (4.49997pt too wide) detected at line 1600
 []\T1/qtm/m/n/10 1257
 []


Overfull \hbox (4.49997pt too wide) detected at line 1601
 []\T1/qtm/m/n/10 1257
 []


Overfull \hbox (4.49997pt too wide) detected at line 1602
 []\T1/qtm/m/n/10 1260
 []


Overfull \hbox (4.49997pt too wide) detected at line 1603
 []\T1/qtm/m/n/10 1260
 []


Overfull \hbox (4.49997pt too wide) detected at line 1604
 []\T1/qtm/m/n/10 1260
 []


Overfull \hbox (4.49997pt too wide) detected at line 1605
 []\T1/qtm/m/n/10 1260
 []


Overfull \hbox (4.49997pt too wide) detected at line 1606
 []\T1/qtm/m/n/10 1260
 []


Overfull \hbox (4.49997pt too wide) detected at line 1607
 []\T1/qtm/m/n/10 1262
 []


Overfull \hbox (4.49997pt too wide) detected at line 1608
 []\T1/qtm/m/n/10 1262
 []

[25]
Overfull \hbox (4.49997pt too wide) detected at line 1609
 []\T1/qtm/m/n/10 1267
 []


Overfull \hbox (4.49997pt too wide) detected at line 1610
 []\T1/qtm/m/n/10 1267
 []


Overfull \hbox (4.49997pt too wide) detected at line 1611
 []\T1/qtm/m/n/10 1267
 []


Overfull \hbox (4.49997pt too wide) detected at line 1612
 []\T1/qtm/m/n/10 1267
 []


Overfull \hbox (4.49997pt too wide) detected at line 1613
 []\T1/qtm/m/n/10 1267
 []


Overfull \hbox (4.49997pt too wide) detected at line 1614
 []\T1/qtm/m/n/10 1267
 []


Overfull \hbox (4.49997pt too wide) detected at line 1615
 []\T1/qtm/m/n/10 1268
 []


Overfull \hbox (4.49997pt too wide) detected at line 1616
 []\T1/qtm/m/n/10 1268
 []


Overfull \hbox (4.49997pt too wide) detected at line 1617
 []\T1/qtm/m/n/10 1268
 []


Overfull \hbox (4.49997pt too wide) detected at line 1618
 []\T1/qtm/m/n/10 1268
 []


Overfull \hbox (4.49997pt too wide) detected at line 1619
 []\T1/qtm/m/n/10 1269
 []


Overfull \hbox (4.49997pt too wide) detected at line 1620
 []\T1/qtm/m/n/10 1269
 []


Overfull \hbox (4.49997pt too wide) detected at line 1621
 []\T1/qtm/m/n/10 1269
 []


Overfull \hbox (4.49997pt too wide) detected at line 1622
 []\T1/qtm/m/n/10 1269
 []


Overfull \hbox (4.49997pt too wide) detected at line 1623
 []\T1/qtm/m/n/10 1270
 []


Overfull \hbox (4.49997pt too wide) detected at line 1624
 []\T1/qtm/m/n/10 1270
 []


Overfull \hbox (4.49997pt too wide) detected at line 1625
 []\T1/qtm/m/n/10 1270
 []


Overfull \hbox (4.49997pt too wide) detected at line 1626
 []\T1/qtm/m/n/10 1270
 []


Overfull \hbox (4.49997pt too wide) detected at line 1627
 []\T1/qtm/m/n/10 1270
 []


Overfull \hbox (4.49997pt too wide) detected at line 1628
 []\T1/qtm/m/n/10 1271
 []


Overfull \hbox (4.49997pt too wide) detected at line 1629
 []\T1/qtm/m/n/10 1271
 []


Overfull \hbox (4.49997pt too wide) detected at line 1630
 []\T1/qtm/m/n/10 1271
 []


Overfull \hbox (4.49997pt too wide) detected at line 1631
 []\T1/qtm/m/n/10 1271
 []


Overfull \hbox (4.49997pt too wide) detected at line 1632
 []\T1/qtm/m/n/10 1271
 []


Overfull \hbox (4.49997pt too wide) detected at line 1633
 []\T1/qtm/m/n/10 1271
 []


Overfull \hbox (4.49997pt too wide) detected at line 1634
 []\T1/qtm/m/n/10 1271
 []


Overfull \hbox (4.49997pt too wide) detected at line 1635
 []\T1/qtm/m/n/10 1272
 []


Overfull \hbox (4.49997pt too wide) detected at line 1636
 []\T1/qtm/m/n/10 1272
 []


Overfull \hbox (4.49997pt too wide) detected at line 1637
 []\T1/qtm/m/n/10 1272
 []


Overfull \hbox (4.49997pt too wide) detected at line 1638
 []\T1/qtm/m/n/10 1272
 []


Overfull \hbox (4.49997pt too wide) detected at line 1639
 []\T1/qtm/m/n/10 1272
 []


Overfull \hbox (4.49997pt too wide) detected at line 1640
 []\T1/qtm/m/n/10 1272
 []


Overfull \hbox (4.49997pt too wide) detected at line 1641
 []\T1/qtm/m/n/10 1272
 []


Overfull \hbox (4.49997pt too wide) detected at line 1642
 []\T1/qtm/m/n/10 1272
 []


Overfull \hbox (4.49997pt too wide) detected at line 1643
 []\T1/qtm/m/n/10 1272
 []


Overfull \hbox (4.49997pt too wide) detected at line 1644
 []\T1/qtm/m/n/10 1273
 []


Overfull \hbox (4.49997pt too wide) detected at line 1645
 []\T1/qtm/m/n/10 1273
 []


Overfull \hbox (4.49997pt too wide) detected at line 1646
 []\T1/qtm/m/n/10 1273
 []


Overfull \hbox (4.49997pt too wide) detected at line 1647
 []\T1/qtm/m/n/10 1273
 []


Overfull \hbox (4.49997pt too wide) detected at line 1648
 []\T1/qtm/m/n/10 1273
 []


Overfull \hbox (4.49997pt too wide) detected at line 1649
 []\T1/qtm/m/n/10 1273
 []


Overfull \hbox (4.49997pt too wide) detected at line 1650
 []\T1/qtm/m/n/10 1273
 []


Overfull \hbox (4.49997pt too wide) detected at line 1651
 []\T1/qtm/m/n/10 1273
 []


Overfull \hbox (4.49997pt too wide) detected at line 1652
 []\T1/qtm/m/n/10 1273
 []


Overfull \hbox (4.49997pt too wide) detected at line 1653
 []\T1/qtm/m/n/10 1274
 []


Overfull \hbox (4.49997pt too wide) detected at line 1654
 []\T1/qtm/m/n/10 1274
 []


Overfull \hbox (4.49997pt too wide) detected at line 1655
 []\T1/qtm/m/n/10 1274
 []


Overfull \hbox (4.49997pt too wide) detected at line 1656
 []\T1/qtm/m/n/10 1274
 []


Overfull \hbox (4.49997pt too wide) detected at line 1657
 []\T1/qtm/m/n/10 1274
 []


Overfull \hbox (4.49997pt too wide) detected at line 1658
 []\T1/qtm/m/n/10 1278
 []


Overfull \hbox (4.49997pt too wide) detected at line 1659
 []\T1/qtm/m/n/10 1278
 []


Overfull \hbox (4.49997pt too wide) detected at line 1660
 []\T1/qtm/m/n/10 1278
 []


Overfull \hbox (4.49997pt too wide) detected at line 1661
 []\T1/qtm/m/n/10 1279
 []


Overfull \hbox (4.49997pt too wide) detected at line 1662
 []\T1/qtm/m/n/10 1279
 []

[26]
Overfull \hbox (4.49997pt too wide) detected at line 1663
 []\T1/qtm/m/n/10 1280
 []


Overfull \hbox (4.49997pt too wide) detected at line 1664
 []\T1/qtm/m/n/10 1281
 []


Overfull \hbox (4.49997pt too wide) detected at line 1677
 []\T1/qtm/m/n/10 1299
 []


Overfull \hbox (4.49997pt too wide) detected at line 1678
 []\T1/qtm/m/n/10 1300
 []


Overfull \hbox (4.49997pt too wide) detected at line 1679
 []\T1/qtm/m/n/10 1301
 []


Overfull \hbox (4.49997pt too wide) detected at line 1680
 []\T1/qtm/m/n/10 1301
 []


Overfull \hbox (4.49997pt too wide) detected at line 1681
 []\T1/qtm/m/n/10 1301
 []


Overfull \hbox (4.49997pt too wide) detected at line 1682
 []\T1/qtm/m/n/10 1301
 []


Overfull \hbox (4.49997pt too wide) detected at line 1683
 []\T1/qtm/m/n/10 1301
 []


Overfull \hbox (4.49997pt too wide) detected at line 1684
 []\T1/qtm/m/n/10 1302
 []


Overfull \hbox (4.49997pt too wide) detected at line 1685
 []\T1/qtm/m/n/10 1302
 []


Overfull \hbox (4.49997pt too wide) detected at line 1686
 []\T1/qtm/m/n/10 1304
 []


Overfull \hbox (4.49997pt too wide) detected at line 1687
 []\T1/qtm/m/n/10 1304
 []


Overfull \hbox (4.49997pt too wide) detected at line 1688
 []\T1/qtm/m/n/10 1304
 []


Overfull \hbox (4.49997pt too wide) detected at line 1689
 []\T1/qtm/m/n/10 1304
 []


Overfull \hbox (4.49997pt too wide) detected at line 1690
 []\T1/qtm/m/n/10 1304
 []


Overfull \hbox (4.49997pt too wide) detected at line 1691
 []\T1/qtm/m/n/10 1305
 []


Overfull \hbox (4.49997pt too wide) detected at line 1692
 []\T1/qtm/m/n/10 1305
 []


Overfull \hbox (4.49997pt too wide) detected at line 1693
 []\T1/qtm/m/n/10 1305
 []


Overfull \hbox (4.49997pt too wide) detected at line 1694
 []\T1/qtm/m/n/10 1305
 []


Overfull \hbox (4.49997pt too wide) detected at line 1695
 []\T1/qtm/m/n/10 1305
 []


Overfull \hbox (4.49997pt too wide) detected at line 1696
 []\T1/qtm/m/n/10 1305
 []


Overfull \hbox (4.49997pt too wide) detected at line 1697
 []\T1/qtm/m/n/10 1306
 []


Overfull \hbox (4.49997pt too wide) detected at line 1698
 []\T1/qtm/m/n/10 1306
 []


Overfull \hbox (4.49997pt too wide) detected at line 1699
 []\T1/qtm/m/n/10 1307
 []


Overfull \hbox (4.49997pt too wide) detected at line 1700
 []\T1/qtm/m/n/10 1308
 []


Overfull \hbox (4.49997pt too wide) detected at line 1701
 []\T1/qtm/m/n/10 1308
 []


Overfull \hbox (4.49997pt too wide) detected at line 1702
 []\T1/qtm/m/n/10 1308
 []


Overfull \hbox (4.49997pt too wide) detected at line 1703
 []\T1/qtm/m/n/10 1308
 []


Overfull \hbox (4.49997pt too wide) detected at line 1704
 []\T1/qtm/m/n/10 1308
 []


Overfull \hbox (4.49997pt too wide) detected at line 1705
 []\T1/qtm/m/n/10 1309
 []


Overfull \hbox (4.49997pt too wide) detected at line 1706
 []\T1/qtm/m/n/10 1309
 []


Overfull \hbox (4.49997pt too wide) detected at line 1707
 []\T1/qtm/m/n/10 1309
 []


Overfull \hbox (4.49997pt too wide) detected at line 1708
 []\T1/qtm/m/n/10 1309
 []


Overfull \hbox (4.49997pt too wide) detected at line 1709
 []\T1/qtm/m/n/10 1309
 []


Overfull \hbox (4.49997pt too wide) detected at line 1710
 []\T1/qtm/m/n/10 1309
 []


Overfull \hbox (4.49997pt too wide) detected at line 1711
 []\T1/qtm/m/n/10 1310
 []


Overfull \hbox (4.49997pt too wide) detected at line 1712
 []\T1/qtm/m/n/10 1310
 []


Overfull \hbox (4.49997pt too wide) detected at line 1713
 []\T1/qtm/m/n/10 1311
 []


Overfull \hbox (4.49997pt too wide) detected at line 1714
 []\T1/qtm/m/n/10 1311
 []


Overfull \hbox (4.49997pt too wide) detected at line 1715
 []\T1/qtm/m/n/10 1311
 []


Overfull \hbox (4.49997pt too wide) detected at line 1717
 []\T1/qtm/m/n/10 1313
 []


Overfull \hbox (4.49997pt too wide) detected at line 1718
 []\T1/qtm/m/n/10 1313
 []


Overfull \hbox (4.49997pt too wide) detected at line 1719
 []\T1/qtm/m/n/10 1313
 []


Overfull \hbox (4.49997pt too wide) detected at line 1720
 []\T1/qtm/m/n/10 1313
 []


Overfull \hbox (4.49997pt too wide) detected at line 1721
 []\T1/qtm/m/n/10 1314
 []


Overfull \hbox (4.49997pt too wide) detected at line 1722
 []\T1/qtm/m/n/10 1314
 []


Overfull \hbox (4.49997pt too wide) detected at line 1723
 []\T1/qtm/m/n/10 1314
 []


Overfull \hbox (4.49997pt too wide) detected at line 1724
 []\T1/qtm/m/n/10 1314
 []


Overfull \hbox (4.49997pt too wide) detected at line 1725
 []\T1/qtm/m/n/10 1314
 []


Overfull \hbox (4.49997pt too wide) detected at line 1726
 []\T1/qtm/m/n/10 1315
 []


Overfull \hbox (4.49997pt too wide) detected at line 1727
 []\T1/qtm/m/n/10 1315
 []

[27]
Overfull \hbox (4.49997pt too wide) detected at line 1728
 []\T1/qtm/m/n/10 1315
 []


Overfull \hbox (4.49997pt too wide) detected at line 1729
 []\T1/qtm/m/n/10 1316
 []


Overfull \hbox (4.49997pt too wide) detected at line 1730
 []\T1/qtm/m/n/10 1316
 []


Overfull \hbox (4.49997pt too wide) detected at line 1731
 []\T1/qtm/m/n/10 1316
 []


Overfull \hbox (4.49997pt too wide) detected at line 1732
 []\T1/qtm/m/n/10 1317
 []


Overfull \hbox (4.49997pt too wide) detected at line 1733
 []\T1/qtm/m/n/10 1317
 []


Overfull \hbox (4.49997pt too wide) detected at line 1734
 []\T1/qtm/m/n/10 1317
 []


Overfull \hbox (4.49997pt too wide) detected at line 1735
 []\T1/qtm/m/n/10 1318
 []


Overfull \hbox (4.49997pt too wide) detected at line 1736
 []\T1/qtm/m/n/10 1318
 []


Overfull \hbox (4.49997pt too wide) detected at line 1737
 []\T1/qtm/m/n/10 1322
 []


Overfull \hbox (4.49997pt too wide) detected at line 1738
 []\T1/qtm/m/n/10 1322
 []


Overfull \hbox (4.49997pt too wide) detected at line 1739
 []\T1/qtm/m/n/10 1323
 []


Overfull \hbox (4.49997pt too wide) detected at line 1740
 []\T1/qtm/m/n/10 1323
 []


Overfull \hbox (4.49997pt too wide) detected at line 1741
 []\T1/qtm/m/n/10 1323
 []


Overfull \hbox (4.49997pt too wide) detected at line 1742
 []\T1/qtm/m/n/10 1323
 []


Overfull \hbox (4.49997pt too wide) detected at line 1743
 []\T1/qtm/m/n/10 1324
 []


Overfull \hbox (4.49997pt too wide) detected at line 1744
 []\T1/qtm/m/n/10 1324
 []


Overfull \hbox (4.49997pt too wide) detected at line 1745
 []\T1/qtm/m/n/10 1327
 []


Overfull \hbox (4.49997pt too wide) detected at line 1746
 []\T1/qtm/m/n/10 1327
 []


Overfull \hbox (4.49997pt too wide) detected at line 1747
 []\T1/qtm/m/n/10 1327
 []


Overfull \hbox (4.49997pt too wide) detected at line 1748
 []\T1/qtm/m/n/10 1327
 []


Overfull \hbox (4.49997pt too wide) detected at line 1749
 []\T1/qtm/m/n/10 1327
 []


Overfull \hbox (4.49997pt too wide) detected at line 1750
 []\T1/qtm/m/n/10 1327
 []


Overfull \hbox (4.49997pt too wide) detected at line 1751
 []\T1/qtm/m/n/10 1328
 []


Overfull \hbox (4.49997pt too wide) detected at line 1752
 []\T1/qtm/m/n/10 1328
 []


Overfull \hbox (4.49997pt too wide) detected at line 1753
 []\T1/qtm/m/n/10 1328
 []


Overfull \hbox (4.49997pt too wide) detected at line 1754
 []\T1/qtm/m/n/10 1328
 []


Overfull \hbox (4.49997pt too wide) detected at line 1755
 []\T1/qtm/m/n/10 1329
 []


Overfull \hbox (4.49997pt too wide) detected at line 1756
 []\T1/qtm/m/n/10 1329
 []


Overfull \hbox (4.49997pt too wide) detected at line 1757
 []\T1/qtm/m/n/10 1329
 []


Overfull \hbox (4.49997pt too wide) detected at line 1758
 []\T1/qtm/m/n/10 1329
 []


Overfull \hbox (4.49997pt too wide) detected at line 1759
 []\T1/qtm/m/n/10 1329
 []


Overfull \hbox (4.49997pt too wide) detected at line 1760
 []\T1/qtm/m/n/10 1329
 []


Overfull \hbox (4.49997pt too wide) detected at line 1761
 []\T1/qtm/m/n/10 1331
 []


Overfull \hbox (4.49997pt too wide) detected at line 1762
 []\T1/qtm/m/n/10 1331
 []


Overfull \hbox (4.49997pt too wide) detected at line 1763
 []\T1/qtm/m/n/10 1331
 []


Overfull \hbox (4.49997pt too wide) detected at line 1764
 []\T1/qtm/m/n/10 1331
 []


Overfull \hbox (4.49997pt too wide) detected at line 1765
 []\T1/qtm/m/n/10 1332
 []


Overfull \hbox (4.49997pt too wide) detected at line 1766
 []\T1/qtm/m/n/10 1332
 []


Overfull \hbox (4.49997pt too wide) detected at line 1767
 []\T1/qtm/m/n/10 1332
 []


Overfull \hbox (4.49997pt too wide) detected at line 1768
 []\T1/qtm/m/n/10 1332
 []


Overfull \hbox (4.49997pt too wide) detected at line 1769
 []\T1/qtm/m/n/10 1332
 []


Overfull \hbox (4.49997pt too wide) detected at line 1770
 []\T1/qtm/m/n/10 1333
 []


Overfull \hbox (4.49997pt too wide) detected at line 1771
 []\T1/qtm/m/n/10 1333
 []


Overfull \hbox (4.49997pt too wide) detected at line 1772
 []\T1/qtm/m/n/10 1333
 []


Overfull \hbox (4.49997pt too wide) detected at line 1773
 []\T1/qtm/m/n/10 1333
 []


Overfull \hbox (4.49997pt too wide) detected at line 1774
 []\T1/qtm/m/n/10 1333
 []


Overfull \hbox (4.49997pt too wide) detected at line 1775
 []\T1/qtm/m/n/10 1334
 []


Overfull \hbox (4.49997pt too wide) detected at line 1776
 []\T1/qtm/m/n/10 1334
 []


Overfull \hbox (4.49997pt too wide) detected at line 1777
 []\T1/qtm/m/n/10 1335
 []


Overfull \hbox (4.49997pt too wide) detected at line 1778
 []\T1/qtm/m/n/10 1335
 []


Overfull \hbox (4.49997pt too wide) detected at line 1779
 []\T1/qtm/m/n/10 1336
 []


Overfull \hbox (4.49997pt too wide) detected at line 1780
 []\T1/qtm/m/n/10 1336
 []


Overfull \hbox (4.49997pt too wide) detected at line 1781
 []\T1/qtm/m/n/10 1336
 []

[28]
Overfull \hbox (4.49997pt too wide) detected at line 1782
 []\T1/qtm/m/n/10 1336
 []


Overfull \hbox (4.49997pt too wide) detected at line 1783
 []\T1/qtm/m/n/10 1336
 []


Overfull \hbox (4.49997pt too wide) detected at line 1784
 []\T1/qtm/m/n/10 1336
 []


Overfull \hbox (4.49997pt too wide) detected at line 1785
 []\T1/qtm/m/n/10 1337
 []


Overfull \hbox (4.49997pt too wide) detected at line 1786
 []\T1/qtm/m/n/10 1338
 []


Overfull \hbox (4.49997pt too wide) detected at line 1787
 []\T1/qtm/m/n/10 1338
 []


Overfull \hbox (4.49997pt too wide) detected at line 1788
 []\T1/qtm/m/n/10 1338
 []


Overfull \hbox (4.49997pt too wide) detected at line 1789
 []\T1/qtm/m/n/10 1338
 []


Overfull \hbox (4.49997pt too wide) detected at line 1790
 []\T1/qtm/m/n/10 1338
 []


Overfull \hbox (4.49997pt too wide) detected at line 1791
 []\T1/qtm/m/n/10 1338
 []


Overfull \hbox (4.49997pt too wide) detected at line 1792
 []\T1/qtm/m/n/10 1338
 []


Overfull \hbox (4.49997pt too wide) detected at line 1793
 []\T1/qtm/m/n/10 1339
 []


Overfull \hbox (4.49997pt too wide) detected at line 1794
 []\T1/qtm/m/n/10 1340
 []


Overfull \hbox (4.49997pt too wide) detected at line 1795
 []\T1/qtm/m/n/10 1340
 []


Overfull \hbox (4.49997pt too wide) detected at line 1796
 []\T1/qtm/m/n/10 1340
 []


Overfull \hbox (4.49997pt too wide) detected at line 1797
 []\T1/qtm/m/n/10 1340
 []


Overfull \hbox (4.49997pt too wide) detected at line 1798
 []\T1/qtm/m/n/10 1340
 []


Overfull \hbox (4.49997pt too wide) detected at line 1799
 []\T1/qtm/m/n/10 1341
 []


Overfull \hbox (4.49997pt too wide) detected at line 1800
 []\T1/qtm/m/n/10 1341
 []


Overfull \hbox (4.49997pt too wide) detected at line 1801
 []\T1/qtm/m/n/10 1342
 []


Overfull \hbox (4.49997pt too wide) detected at line 1802
 []\T1/qtm/m/n/10 1342
 []


Overfull \hbox (4.49997pt too wide) detected at line 1803
 []\T1/qtm/m/n/10 1342
 []


Overfull \hbox (4.49997pt too wide) detected at line 1804
 []\T1/qtm/m/n/10 1342
 []


Overfull \hbox (4.49997pt too wide) detected at line 1805
 []\T1/qtm/m/n/10 1342
 []


Overfull \hbox (4.49997pt too wide) detected at line 1806
 []\T1/qtm/m/n/10 1342
 []


Overfull \hbox (4.49997pt too wide) detected at line 1807
 []\T1/qtm/m/n/10 1343
 []


Overfull \hbox (4.49997pt too wide) detected at line 1808
 []\T1/qtm/m/n/10 1343
 []


Overfull \hbox (4.49997pt too wide) detected at line 1809
 []\T1/qtm/m/n/10 1345
 []


Overfull \hbox (4.49997pt too wide) detected at line 1810
 []\T1/qtm/m/n/10 1345
 []


Overfull \hbox (4.49997pt too wide) detected at line 1811
 []\T1/qtm/m/n/10 1345
 []


Overfull \hbox (4.49997pt too wide) detected at line 1812
 []\T1/qtm/m/n/10 1347
 []


Overfull \hbox (4.49997pt too wide) detected at line 1813
 []\T1/qtm/m/n/10 1348
 []


Overfull \hbox (4.49997pt too wide) detected at line 1814
 []\T1/qtm/m/n/10 1348
 []


Overfull \hbox (4.49997pt too wide) detected at line 1815
 []\T1/qtm/m/n/10 1349
 []


Overfull \hbox (4.49997pt too wide) detected at line 1816
 []\T1/qtm/m/n/10 1349
 []


Overfull \hbox (4.49997pt too wide) detected at line 1817
 []\T1/qtm/m/n/10 1350
 []


Overfull \hbox (4.49997pt too wide) detected at line 1818
 []\T1/qtm/m/n/10 1350
 []


Overfull \hbox (4.49997pt too wide) detected at line 1819
 []\T1/qtm/m/n/10 1351
 []


Overfull \hbox (4.49997pt too wide) detected at line 1820
 []\T1/qtm/m/n/10 1351
 []


Overfull \hbox (4.49997pt too wide) detected at line 1821
 []\T1/qtm/m/n/10 1351
 []


Overfull \hbox (4.49997pt too wide) detected at line 1822
 []\T1/qtm/m/n/10 1351
 []


Overfull \hbox (4.49997pt too wide) detected at line 1823
 []\T1/qtm/m/n/10 1351
 []


Overfull \hbox (4.49997pt too wide) detected at line 1824
 []\T1/qtm/m/n/10 1352
 []


Overfull \hbox (4.49997pt too wide) detected at line 1825
 []\T1/qtm/m/n/10 1353
 []


Overfull \hbox (4.49997pt too wide) detected at line 1826
 []\T1/qtm/m/n/10 1353
 []


Overfull \hbox (4.49997pt too wide) detected at line 1827
 []\T1/qtm/m/n/10 1353
 []


Overfull \hbox (4.49997pt too wide) detected at line 1828
 []\T1/qtm/m/n/10 1354
 []


Overfull \hbox (4.49997pt too wide) detected at line 1829
 []\T1/qtm/m/n/10 1354
 []


Overfull \hbox (4.49997pt too wide) detected at line 1830
 []\T1/qtm/m/n/10 1354
 []


Overfull \hbox (4.49997pt too wide) detected at line 1831
 []\T1/qtm/m/n/10 1355
 []


Overfull \hbox (4.49997pt too wide) detected at line 1832
 []\T1/qtm/m/n/10 1355
 []


Overfull \hbox (4.49997pt too wide) detected at line 1833
 []\T1/qtm/m/n/10 1360
 []


Overfull \hbox (4.49997pt too wide) detected at line 1834
 []\T1/qtm/m/n/10 1360
 []


Overfull \hbox (4.49997pt too wide) detected at line 1835
 []\T1/qtm/m/n/10 1360
 []

[29]
Overfull \hbox (4.49997pt too wide) detected at line 1836
 []\T1/qtm/m/n/10 1361
 []


Overfull \hbox (4.49997pt too wide) detected at line 1837
 []\T1/qtm/m/n/10 1361
 []


Overfull \hbox (4.49997pt too wide) detected at line 1838
 []\T1/qtm/m/n/10 1361
 []


Overfull \hbox (4.49997pt too wide) detected at line 1839
 []\T1/qtm/m/n/10 1362
 []


Overfull \hbox (4.49997pt too wide) detected at line 1840
 []\T1/qtm/m/n/10 1362
 []


Overfull \hbox (4.49997pt too wide) detected at line 1841
 []\T1/qtm/m/n/10 1365
 []


Overfull \hbox (4.49997pt too wide) detected at line 1842
 []\T1/qtm/m/n/10 1366
 []


Overfull \hbox (4.49997pt too wide) detected at line 1843
 []\T1/qtm/m/n/10 1366
 []


Overfull \hbox (4.49997pt too wide) detected at line 1844
 []\T1/qtm/m/n/10 1366
 []


Overfull \hbox (4.49997pt too wide) detected at line 1845
 []\T1/qtm/m/n/10 1366
 []


Overfull \hbox (4.49997pt too wide) detected at line 1846
 []\T1/qtm/m/n/10 1366
 []


Overfull \hbox (4.49997pt too wide) detected at line 1847
 []\T1/qtm/m/n/10 1367
 []


Overfull \hbox (4.49997pt too wide) detected at line 1848
 []\T1/qtm/m/n/10 1367
 []


Overfull \hbox (4.49997pt too wide) detected at line 1849
 []\T1/qtm/m/n/10 1368
 []


Overfull \hbox (4.49997pt too wide) detected at line 1850
 []\T1/qtm/m/n/10 1368
 []


Overfull \hbox (4.49997pt too wide) detected at line 1851
 []\T1/qtm/m/n/10 1368
 []


Overfull \hbox (4.49997pt too wide) detected at line 1852
 []\T1/qtm/m/n/10 1368
 []


Overfull \hbox (4.49997pt too wide) detected at line 1853
 []\T1/qtm/m/n/10 1368
 []


Overfull \hbox (4.49997pt too wide) detected at line 1854
 []\T1/qtm/m/n/10 1368
 []


Overfull \hbox (4.49997pt too wide) detected at line 1855
 []\T1/qtm/m/n/10 1370
 []


Overfull \hbox (4.49997pt too wide) detected at line 1856
 []\T1/qtm/m/n/10 1370
 []


Overfull \hbox (4.49997pt too wide) detected at line 1857
 []\T1/qtm/m/n/10 1374
 []


Overfull \hbox (4.49997pt too wide) detected at line 1858
 []\T1/qtm/m/n/10 1374
 []


Overfull \hbox (4.49997pt too wide) detected at line 1859
 []\T1/qtm/m/n/10 1375
 []


Overfull \hbox (4.49997pt too wide) detected at line 1860
 []\T1/qtm/m/n/10 1375
 []


Overfull \hbox (4.49997pt too wide) detected at line 1861
 []\T1/qtm/m/n/10 1375
 []


Overfull \hbox (4.49997pt too wide) detected at line 1862
 []\T1/qtm/m/n/10 1375
 []


Overfull \hbox (4.49997pt too wide) detected at line 1863
 []\T1/qtm/m/n/10 1375
 []


Overfull \hbox (4.49997pt too wide) detected at line 1864
 []\T1/qtm/m/n/10 1376
 []


Overfull \hbox (4.49997pt too wide) detected at line 1865
 []\T1/qtm/m/n/10 1376
 []


Overfull \hbox (4.49997pt too wide) detected at line 1866
 []\T1/qtm/m/n/10 1379
 []


Overfull \hbox (4.49997pt too wide) detected at line 1867
 []\T1/qtm/m/n/10 1380
 []


Overfull \hbox (4.49997pt too wide) detected at line 1868
 []\T1/qtm/m/n/10 1380
 []


Overfull \hbox (4.49997pt too wide) detected at line 1869
 []\T1/qtm/m/n/10 1380
 []


Overfull \hbox (4.49997pt too wide) detected at line 1870
 []\T1/qtm/m/n/10 1380
 []


Overfull \hbox (4.49997pt too wide) detected at line 1871
 []\T1/qtm/m/n/10 1380
 []


Overfull \hbox (4.49997pt too wide) detected at line 1872
 []\T1/qtm/m/n/10 1380
 []


Overfull \hbox (4.49997pt too wide) detected at line 1873
 []\T1/qtm/m/n/10 1380
 []


Overfull \hbox (4.49997pt too wide) detected at line 1874
 []\T1/qtm/m/n/10 1382
 []


Overfull \hbox (4.49997pt too wide) detected at line 1875
 []\T1/qtm/m/n/10 1382
 []


Overfull \hbox (4.49997pt too wide) detected at line 1876
 []\T1/qtm/m/n/10 1385
 []


Overfull \hbox (4.49997pt too wide) detected at line 1877
 []\T1/qtm/m/n/10 1385
 []


Overfull \hbox (4.49997pt too wide) detected at line 1878
 []\T1/qtm/m/n/10 1385
 []


Overfull \hbox (4.49997pt too wide) detected at line 1879
 []\T1/qtm/m/n/10 1386
 []


Overfull \hbox (4.49997pt too wide) detected at line 1880
 []\T1/qtm/m/n/10 1386
 []


Overfull \hbox (4.49997pt too wide) detected at line 1881
 []\T1/qtm/m/n/10 1386
 []


Overfull \hbox (4.49997pt too wide) detected at line 1882
 []\T1/qtm/m/n/10 1386
 []


Overfull \hbox (4.49997pt too wide) detected at line 1883
 []\T1/qtm/m/n/10 1386
 []


Overfull \hbox (4.49997pt too wide) detected at line 1884
 []\T1/qtm/m/n/10 1387
 []


Overfull \hbox (4.49997pt too wide) detected at line 1885
 []\T1/qtm/m/n/10 1387
 []


Overfull \hbox (4.49997pt too wide) detected at line 1886
 []\T1/qtm/m/n/10 1387
 []


Overfull \hbox (4.49997pt too wide) detected at line 1887
 []\T1/qtm/m/n/10 1387
 []


Overfull \hbox (4.49997pt too wide) detected at line 1888
 []\T1/qtm/m/n/10 1388
 []


Overfull \hbox (4.49997pt too wide) detected at line 1889
 []\T1/qtm/m/n/10 1388
 []

[30]
Overfull \hbox (4.49997pt too wide) detected at line 1890
 []\T1/qtm/m/n/10 1388
 []


Overfull \hbox (4.49997pt too wide) detected at line 1891
 []\T1/qtm/m/n/10 1389
 []


Overfull \hbox (4.49997pt too wide) detected at line 1892
 []\T1/qtm/m/n/10 1393
 []


Overfull \hbox (4.49997pt too wide) detected at line 1893
 []\T1/qtm/m/n/10 1393
 []


Overfull \hbox (4.49997pt too wide) detected at line 1894
 []\T1/qtm/m/n/10 1393
 []


Overfull \hbox (4.49997pt too wide) detected at line 1895
 []\T1/qtm/m/n/10 1394
 []


Overfull \hbox (4.49997pt too wide) detected at line 1896
 []\T1/qtm/m/n/10 1394
 []


Overfull \hbox (4.49997pt too wide) detected at line 1897
 []\T1/qtm/m/n/10 1394
 []


Overfull \hbox (4.49997pt too wide) detected at line 1898
 []\T1/qtm/m/n/10 1394
 []


Overfull \hbox (4.49997pt too wide) detected at line 1899
 []\T1/qtm/m/n/10 1394
 []


Overfull \hbox (4.49997pt too wide) detected at line 1900
 []\T1/qtm/m/n/10 1395
 []


Overfull \hbox (4.49997pt too wide) detected at line 1901
 []\T1/qtm/m/n/10 1395
 []


Overfull \hbox (4.49997pt too wide) detected at line 1902
 []\T1/qtm/m/n/10 1396
 []


Overfull \hbox (4.49997pt too wide) detected at line 1903
 []\T1/qtm/m/n/10 1396
 []


Overfull \hbox (4.49997pt too wide) detected at line 1904
 []\T1/qtm/m/n/10 1396
 []


Overfull \hbox (4.49997pt too wide) detected at line 1905
 []\T1/qtm/m/n/10 1396
 []


Overfull \hbox (4.49997pt too wide) detected at line 1906
 []\T1/qtm/m/n/10 1396
 []


Overfull \hbox (4.49997pt too wide) detected at line 1907
 []\T1/qtm/m/n/10 1398
 []


Overfull \hbox (4.49997pt too wide) detected at line 1908
 []\T1/qtm/m/n/10 1398
 []


Overfull \hbox (4.49997pt too wide) detected at line 1909
 []\T1/qtm/m/n/10 1398
 []


Overfull \hbox (4.49997pt too wide) detected at line 1910
 []\T1/qtm/m/n/10 1398
 []


Overfull \hbox (4.49997pt too wide) detected at line 1911
 []\T1/qtm/m/n/10 1398
 []


Overfull \hbox (4.49997pt too wide) detected at line 1912
 []\T1/qtm/m/n/10 1398
 []


Overfull \hbox (4.49997pt too wide) detected at line 1913
 []\T1/qtm/m/n/10 1398
 []


Overfull \hbox (4.49997pt too wide) detected at line 1914
 []\T1/qtm/m/n/10 1399
 []


Overfull \hbox (4.49997pt too wide) detected at line 1915
 []\T1/qtm/m/n/10 1399
 []


Overfull \hbox (4.49997pt too wide) detected at line 1916
 []\T1/qtm/m/n/10 1402
 []


Overfull \hbox (4.49997pt too wide) detected at line 1917
 []\T1/qtm/m/n/10 1402
 []


Overfull \hbox (4.49997pt too wide) detected at line 1918
 []\T1/qtm/m/n/10 1402
 []


Overfull \hbox (4.49997pt too wide) detected at line 1919
 []\T1/qtm/m/n/10 1402
 []


Overfull \hbox (4.49997pt too wide) detected at line 1920
 []\T1/qtm/m/n/10 1402
 []


Overfull \hbox (4.49997pt too wide) detected at line 1921
 []\T1/qtm/m/n/10 1402
 []


Overfull \hbox (4.49997pt too wide) detected at line 1922
 []\T1/qtm/m/n/10 1404
 []


Overfull \hbox (4.49997pt too wide) detected at line 1923
 []\T1/qtm/m/n/10 1404
 []


Overfull \hbox (4.49997pt too wide) detected at line 1924
 []\T1/qtm/m/n/10 1412
 []


Overfull \hbox (4.49997pt too wide) detected at line 1925
 []\T1/qtm/m/n/10 1412
 []


Overfull \hbox (4.49997pt too wide) detected at line 1926
 []\T1/qtm/m/n/10 1412
 []


Overfull \hbox (4.49997pt too wide) detected at line 1927
 []\T1/qtm/m/n/10 1412
 []


Overfull \hbox (4.49997pt too wide) detected at line 1928
 []\T1/qtm/m/n/10 1413
 []


Overfull \hbox (4.49997pt too wide) detected at line 1929
 []\T1/qtm/m/n/10 1413
 []


Overfull \hbox (4.49997pt too wide) detected at line 1930
 []\T1/qtm/m/n/10 1413
 []


Overfull \hbox (4.49997pt too wide) detected at line 1931
 []\T1/qtm/m/n/10 1413
 []


Overfull \hbox (4.49997pt too wide) detected at line 1932
 []\T1/qtm/m/n/10 1415
 []


Overfull \hbox (4.49997pt too wide) detected at line 1933
 []\T1/qtm/m/n/10 1416
 []


Overfull \hbox (4.49997pt too wide) detected at line 1934
 []\T1/qtm/m/n/10 1416
 []


Overfull \hbox (4.49997pt too wide) detected at line 1935
 []\T1/qtm/m/n/10 1416
 []


Overfull \hbox (4.49997pt too wide) detected at line 1936
 []\T1/qtm/m/n/10 1416
 []


Overfull \hbox (4.49997pt too wide) detected at line 1937
 []\T1/qtm/m/n/10 1416
 []


Overfull \hbox (4.49997pt too wide) detected at line 1938
 []\T1/qtm/m/n/10 1417
 []


Overfull \hbox (4.49997pt too wide) detected at line 1939
 []\T1/qtm/m/n/10 1417
 []


Overfull \hbox (4.49997pt too wide) detected at line 1940
 []\T1/qtm/m/n/10 1420
 []


Overfull \hbox (4.49997pt too wide) detected at line 1941
 []\T1/qtm/m/n/10 1421
 []


Overfull \hbox (4.49997pt too wide) detected at line 1942
 []\T1/qtm/m/n/10 1421
 []


Overfull \hbox (4.49997pt too wide) detected at line 1943
 []\T1/qtm/m/n/10 1421
 []

[31]
Overfull \hbox (4.49997pt too wide) detected at line 1944
 []\T1/qtm/m/n/10 1421
 []


Overfull \hbox (4.49997pt too wide) detected at line 1945
 []\T1/qtm/m/n/10 1421
 []


Overfull \hbox (4.49997pt too wide) detected at line 1946
 []\T1/qtm/m/n/10 1421
 []


Overfull \hbox (4.49997pt too wide) detected at line 1947
 []\T1/qtm/m/n/10 1421
 []


Overfull \hbox (4.49997pt too wide) detected at line 1948
 []\T1/qtm/m/n/10 1422
 []


Overfull \hbox (4.49997pt too wide) detected at line 1949
 []\T1/qtm/m/n/10 1422
 []


Overfull \hbox (4.49997pt too wide) detected at line 1950
 []\T1/qtm/m/n/10 1424
 []


Overfull \hbox (4.49997pt too wide) detected at line 1951
 []\T1/qtm/m/n/10 1424
 []


Overfull \hbox (4.49997pt too wide) detected at line 1952
 []\T1/qtm/m/n/10 1424
 []


Overfull \hbox (4.49997pt too wide) detected at line 1953
 []\T1/qtm/m/n/10 1424
 []


Overfull \hbox (4.49997pt too wide) detected at line 1954
 []\T1/qtm/m/n/10 1425
 []


Overfull \hbox (4.49997pt too wide) detected at line 1955
 []\T1/qtm/m/n/10 1425
 []


Overfull \hbox (4.49997pt too wide) detected at line 1956
 []\T1/qtm/m/n/10 1426
 []


Overfull \hbox (4.49997pt too wide) detected at line 1957
 []\T1/qtm/m/n/10 1426
 []


Overfull \hbox (4.49997pt too wide) detected at line 1958
 []\T1/qtm/m/n/10 1428
 []


Overfull \hbox (4.49997pt too wide) detected at line 1959
 []\T1/qtm/m/n/10 1428
 []


Overfull \hbox (4.49997pt too wide) detected at line 1960
 []\T1/qtm/m/n/10 1428
 []


Overfull \hbox (4.49997pt too wide) detected at line 1961
 []\T1/qtm/m/n/10 1429
 []


Overfull \hbox (4.49997pt too wide) detected at line 1962
 []\T1/qtm/m/n/10 1429
 []


Overfull \hbox (4.49997pt too wide) detected at line 1963
 []\T1/qtm/m/n/10 1429
 []


Overfull \hbox (4.49997pt too wide) detected at line 1964
 []\T1/qtm/m/n/10 1429
 []


Overfull \hbox (4.49997pt too wide) detected at line 1965
 []\T1/qtm/m/n/10 1429
 []


Overfull \hbox (4.49997pt too wide) detected at line 1966
 []\T1/qtm/m/n/10 1430
 []


Overfull \hbox (4.49997pt too wide) detected at line 1967
 []\T1/qtm/m/n/10 1431
 []


Overfull \hbox (4.49997pt too wide) detected at line 1968
 []\T1/qtm/m/n/10 1431
 []


Overfull \hbox (4.49997pt too wide) detected at line 1969
 []\T1/qtm/m/n/10 1431
 []


Overfull \hbox (4.49997pt too wide) detected at line 1970
 []\T1/qtm/m/n/10 1431
 []


Overfull \hbox (4.49997pt too wide) detected at line 1971
 []\T1/qtm/m/n/10 1431
 []


Overfull \hbox (4.49997pt too wide) detected at line 1972
 []\T1/qtm/m/n/10 1432
 []


Overfull \hbox (4.49997pt too wide) detected at line 1973
 []\T1/qtm/m/n/10 1432
 []


Overfull \hbox (4.49997pt too wide) detected at line 1974
 []\T1/qtm/m/n/10 1433
 []


Overfull \hbox (4.49997pt too wide) detected at line 1975
 []\T1/qtm/m/n/10 1433
 []


Overfull \hbox (4.49997pt too wide) detected at line 1976
 []\T1/qtm/m/n/10 1433
 []


Overfull \hbox (4.49997pt too wide) detected at line 1977
 []\T1/qtm/m/n/10 1434
 []


Overfull \hbox (4.49997pt too wide) detected at line 1978
 []\T1/qtm/m/n/10 1434
 []


Overfull \hbox (4.49997pt too wide) detected at line 1979
 []\T1/qtm/m/n/10 1434
 []


Overfull \hbox (4.49997pt too wide) detected at line 1980
 []\T1/qtm/m/n/10 1434
 []


Overfull \hbox (4.49997pt too wide) detected at line 1981
 []\T1/qtm/m/n/10 1435
 []


Overfull \hbox (4.49997pt too wide) detected at line 1982
 []\T1/qtm/m/n/10 1435
 []


Overfull \hbox (4.49997pt too wide) detected at line 1983
 []\T1/qtm/m/n/10 1437
 []


Overfull \hbox (4.49997pt too wide) detected at line 1984
 []\T1/qtm/m/n/10 1437
 []


Overfull \hbox (4.49997pt too wide) detected at line 1985
 []\T1/qtm/m/n/10 1437
 []


Overfull \hbox (4.49997pt too wide) detected at line 1986
 []\T1/qtm/m/n/10 1437
 []


Overfull \hbox (4.49997pt too wide) detected at line 1987
 []\T1/qtm/m/n/10 1437
 []


Overfull \hbox (4.49997pt too wide) detected at line 1988
 []\T1/qtm/m/n/10 1437
 []


Overfull \hbox (4.49997pt too wide) detected at line 1989
 []\T1/qtm/m/n/10 1438
 []


Overfull \hbox (4.49997pt too wide) detected at line 1990
 []\T1/qtm/m/n/10 1438
 []


Overfull \hbox (4.49997pt too wide) detected at line 1991
 []\T1/qtm/m/n/10 1439
 []


Overfull \hbox (4.49997pt too wide) detected at line 1992
 []\T1/qtm/m/n/10 1439
 []


Overfull \hbox (4.49997pt too wide) detected at line 1993
 []\T1/qtm/m/n/10 1439
 []


Overfull \hbox (4.49997pt too wide) detected at line 1994
 []\T1/qtm/m/n/10 1439
 []


Overfull \hbox (4.49997pt too wide) detected at line 1995
 []\T1/qtm/m/n/10 1439
 []


Overfull \hbox (4.49997pt too wide) detected at line 1996
 []\T1/qtm/m/n/10 1440
 []


Overfull \hbox (4.49997pt too wide) detected at line 1997
 []\T1/qtm/m/n/10 1440
 []

[32]
Overfull \hbox (4.49997pt too wide) detected at line 1998
 []\T1/qtm/m/n/10 1441
 []


Overfull \hbox (4.49997pt too wide) detected at line 1999
 []\T1/qtm/m/n/10 1441
 []


Overfull \hbox (4.49997pt too wide) detected at line 2000
 []\T1/qtm/m/n/10 1447
 []


Overfull \hbox (4.49997pt too wide) detected at line 2001
 []\T1/qtm/m/n/10 1447
 []


Overfull \hbox (4.49997pt too wide) detected at line 2002
 []\T1/qtm/m/n/10 1447
 []


Overfull \hbox (4.49997pt too wide) detected at line 2003
 []\T1/qtm/m/n/10 1447
 []


Overfull \hbox (4.49997pt too wide) detected at line 2004
 []\T1/qtm/m/n/10 1448
 []


Overfull \hbox (4.49997pt too wide) detected at line 2005
 []\T1/qtm/m/n/10 1448
 []


Overfull \hbox (4.49997pt too wide) detected at line 2006
 []\T1/qtm/m/n/10 1450
 []


Overfull \hbox (4.49997pt too wide) detected at line 2007
 []\T1/qtm/m/n/10 1450
 []


Overfull \hbox (4.49997pt too wide) detected at line 2008
 []\T1/qtm/m/n/10 1452
 []


Overfull \hbox (4.49997pt too wide) detected at line 2009
 []\T1/qtm/m/n/10 1453
 []


Overfull \hbox (4.49997pt too wide) detected at line 2010
 []\T1/qtm/m/n/10 1453
 []


Overfull \hbox (4.49997pt too wide) detected at line 2011
 []\T1/qtm/m/n/10 1453
 []


Overfull \hbox (4.49997pt too wide) detected at line 2012
 []\T1/qtm/m/n/10 1453
 []


Overfull \hbox (4.49997pt too wide) detected at line 2013
 []\T1/qtm/m/n/10 1453
 []


Overfull \hbox (4.49997pt too wide) detected at line 2014
 []\T1/qtm/m/n/10 1454
 []


Overfull \hbox (4.49997pt too wide) detected at line 2015
 []\T1/qtm/m/n/10 1455
 []


Overfull \hbox (4.49997pt too wide) detected at line 2016
 []\T1/qtm/m/n/10 1457
 []


Overfull \hbox (4.49997pt too wide) detected at line 2017
 []\T1/qtm/m/n/10 1458
 []


Overfull \hbox (4.49997pt too wide) detected at line 2018
 []\T1/qtm/m/n/10 1458
 []


Overfull \hbox (4.49997pt too wide) detected at line 2019
 []\T1/qtm/m/n/10 1458
 []


Overfull \hbox (4.49997pt too wide) detected at line 2020
 []\T1/qtm/m/n/10 1458
 []


Overfull \hbox (4.49997pt too wide) detected at line 2021
 []\T1/qtm/m/n/10 1458
 []


Overfull \hbox (4.49997pt too wide) detected at line 2022
 []\T1/qtm/m/n/10 1458
 []


Overfull \hbox (4.49997pt too wide) detected at line 2023
 []\T1/qtm/m/n/10 1458
 []


Overfull \hbox (4.49997pt too wide) detected at line 2024
 []\T1/qtm/m/n/10 1459
 []


Overfull \hbox (4.49997pt too wide) detected at line 2025
 []\T1/qtm/m/n/10 1459
 []


Overfull \hbox (4.49997pt too wide) detected at line 2026
 []\T1/qtm/m/n/10 1459
 []


Overfull \hbox (4.49997pt too wide) detected at line 2027
 []\T1/qtm/m/n/10 1459
 []


Overfull \hbox (4.49997pt too wide) detected at line 2028
 []\T1/qtm/m/n/10 1459
 []


Overfull \hbox (4.49997pt too wide) detected at line 2029
 []\T1/qtm/m/n/10 1459
 []


Overfull \hbox (4.49997pt too wide) detected at line 2030
 []\T1/qtm/m/n/10 1460
 []


Overfull \hbox (4.49997pt too wide) detected at line 2031
 []\T1/qtm/m/n/10 1460
 []


Overfull \hbox (4.49997pt too wide) detected at line 2032
 []\T1/qtm/m/n/10 1461
 []


Overfull \hbox (4.49997pt too wide) detected at line 2033
 []\T1/qtm/m/n/10 1461
 []


Overfull \hbox (4.49997pt too wide) detected at line 2034
 []\T1/qtm/m/n/10 1461
 []


Overfull \hbox (4.49997pt too wide) detected at line 2035
 []\T1/qtm/m/n/10 1461
 []


Overfull \hbox (4.49997pt too wide) detected at line 2036
 []\T1/qtm/m/n/10 1461
 []


Overfull \hbox (4.49997pt too wide) detected at line 2037
 []\T1/qtm/m/n/10 1461
 []


Overfull \hbox (4.49997pt too wide) detected at line 2038
 []\T1/qtm/m/n/10 1462
 []


Overfull \hbox (4.49997pt too wide) detected at line 2039
 []\T1/qtm/m/n/10 1462
 []


Overfull \hbox (4.49997pt too wide) detected at line 2040
 []\T1/qtm/m/n/10 1462
 []


Overfull \hbox (4.49997pt too wide) detected at line 2041
 []\T1/qtm/m/n/10 1462
 []


Overfull \hbox (4.49997pt too wide) detected at line 2042
 []\T1/qtm/m/n/10 1462
 []


Overfull \hbox (4.49997pt too wide) detected at line 2043
 []\T1/qtm/m/n/10 1462
 []


Overfull \hbox (4.49997pt too wide) detected at line 2044
 []\T1/qtm/m/n/10 1462
 []


Overfull \hbox (4.49997pt too wide) detected at line 2045
 []\T1/qtm/m/n/10 1462
 []


Overfull \hbox (4.49997pt too wide) detected at line 2046
 []\T1/qtm/m/n/10 1463
 []


Overfull \hbox (4.49997pt too wide) detected at line 2047
 []\T1/qtm/m/n/10 1463
 []


Overfull \hbox (4.49997pt too wide) detected at line 2048
 []\T1/qtm/m/n/10 1463
 []


Overfull \hbox (4.49997pt too wide) detected at line 2049
 []\T1/qtm/m/n/10 1463
 []


Overfull \hbox (4.49997pt too wide) detected at line 2050
 []\T1/qtm/m/n/10 1463
 []


Overfull \hbox (4.49997pt too wide) detected at line 2051
 []\T1/qtm/m/n/10 1463
 []

[33]
Overfull \hbox (4.49997pt too wide) detected at line 2052
 []\T1/qtm/m/n/10 1463
 []


Overfull \hbox (4.49997pt too wide) detected at line 2053
 []\T1/qtm/m/n/10 1463
 []


Overfull \hbox (4.49997pt too wide) detected at line 2054
 []\T1/qtm/m/n/10 1464
 []


Overfull \hbox (4.49997pt too wide) detected at line 2055
 []\T1/qtm/m/n/10 1464
 []


Overfull \hbox (4.49997pt too wide) detected at line 2056
 []\T1/qtm/m/n/10 1466
 []


Overfull \hbox (4.49997pt too wide) detected at line 2057
 []\T1/qtm/m/n/10 1466
 []


Overfull \hbox (4.49997pt too wide) detected at line 2058
 []\T1/qtm/m/n/10 1466
 []


Overfull \hbox (4.49997pt too wide) detected at line 2059
 []\T1/qtm/m/n/10 1466
 []


Overfull \hbox (4.49997pt too wide) detected at line 2060
 []\T1/qtm/m/n/10 1466
 []


Overfull \hbox (4.49997pt too wide) detected at line 2061
 []\T1/qtm/m/n/10 1466
 []


Overfull \hbox (4.49997pt too wide) detected at line 2062
 []\T1/qtm/m/n/10 1467
 []


Overfull \hbox (4.49997pt too wide) detected at line 2063
 []\T1/qtm/m/n/10 1467
 []


Overfull \hbox (4.49997pt too wide) detected at line 2064
 []\T1/qtm/m/n/10 1468
 []


Overfull \hbox (4.49997pt too wide) detected at line 2065
 []\T1/qtm/m/n/10 1468
 []


Overfull \hbox (4.49997pt too wide) detected at line 2066
 []\T1/qtm/m/n/10 1468
 []


Overfull \hbox (4.49997pt too wide) detected at line 2067
 []\T1/qtm/m/n/10 1468
 []


Overfull \hbox (4.49997pt too wide) detected at line 2068
 []\T1/qtm/m/n/10 1468
 []


Overfull \hbox (4.49997pt too wide) detected at line 2069
 []\T1/qtm/m/n/10 1468
 []


Overfull \hbox (4.49997pt too wide) detected at line 2070
 []\T1/qtm/m/n/10 1468
 []


Overfull \hbox (4.49997pt too wide) detected at line 2071
 []\T1/qtm/m/n/10 1469
 []


Overfull \hbox (4.49997pt too wide) detected at line 2072
 []\T1/qtm/m/n/10 1469
 []


Overfull \hbox (4.49997pt too wide) detected at line 2073
 []\T1/qtm/m/n/10 1470
 []


Overfull \hbox (4.49997pt too wide) detected at line 2074
 []\T1/qtm/m/n/10 1471
 []


Overfull \hbox (4.49997pt too wide) detected at line 2075
 []\T1/qtm/m/n/10 1471
 []


Overfull \hbox (4.49997pt too wide) detected at line 2076
 []\T1/qtm/m/n/10 1471
 []


Overfull \hbox (4.49997pt too wide) detected at line 2077
 []\T1/qtm/m/n/10 1471
 []


Overfull \hbox (4.49997pt too wide) detected at line 2078
 []\T1/qtm/m/n/10 1471
 []


Overfull \hbox (4.49997pt too wide) detected at line 2079
 []\T1/qtm/m/n/10 1472
 []


Overfull \hbox (4.49997pt too wide) detected at line 2080
 []\T1/qtm/m/n/10 1472
 []


Overfull \hbox (4.49997pt too wide) detected at line 2081
 []\T1/qtm/m/n/10 1474
 []


Overfull \hbox (4.49997pt too wide) detected at line 2082
 []\T1/qtm/m/n/10 1474
 []


Overfull \hbox (4.49997pt too wide) detected at line 2083
 []\T1/qtm/m/n/10 1474
 []


Overfull \hbox (4.49997pt too wide) detected at line 2084
 []\T1/qtm/m/n/10 1474
 []


Overfull \hbox (4.49997pt too wide) detected at line 2085
 []\T1/qtm/m/n/10 1474
 []


Overfull \hbox (4.49997pt too wide) detected at line 2086
 []\T1/qtm/m/n/10 1474
 []


Overfull \hbox (4.49997pt too wide) detected at line 2087
 []\T1/qtm/m/n/10 1474
 []


Overfull \hbox (4.49997pt too wide) detected at line 2088
 []\T1/qtm/m/n/10 1475
 []


Overfull \hbox (4.49997pt too wide) detected at line 2089
 []\T1/qtm/m/n/10 1476
 []


Overfull \hbox (4.49997pt too wide) detected at line 2090
 []\T1/qtm/m/n/10 1476
 []


Overfull \hbox (4.49997pt too wide) detected at line 2091
 []\T1/qtm/m/n/10 1478
 []


Overfull \hbox (4.49997pt too wide) detected at line 2092
 []\T1/qtm/m/n/10 1479
 []


Overfull \hbox (4.49997pt too wide) detected at line 2093
 []\T1/qtm/m/n/10 1480
 []


Overfull \hbox (4.49997pt too wide) detected at line 2094
 []\T1/qtm/m/n/10 1480
 []


Overfull \hbox (4.49997pt too wide) detected at line 2095
 []\T1/qtm/m/n/10 1480
 []


Overfull \hbox (4.49997pt too wide) detected at line 2096
 []\T1/qtm/m/n/10 1480
 []


Overfull \hbox (4.49997pt too wide) detected at line 2097
 []\T1/qtm/m/n/10 1481
 []


Overfull \hbox (4.49997pt too wide) detected at line 2098
 []\T1/qtm/m/n/10 1481
 []


Overfull \hbox (4.49997pt too wide) detected at line 2099
 []\T1/qtm/m/n/10 1482
 []


Overfull \hbox (4.49997pt too wide) detected at line 2100
 []\T1/qtm/m/n/10 1483
 []


Overfull \hbox (4.49997pt too wide) detected at line 2101
 []\T1/qtm/m/n/10 1483
 []


Overfull \hbox (4.49997pt too wide) detected at line 2102
 []\T1/qtm/m/n/10 1483
 []


Overfull \hbox (4.49997pt too wide) detected at line 2103
 []\T1/qtm/m/n/10 1483
 []


Overfull \hbox (4.49997pt too wide) detected at line 2104
 []\T1/qtm/m/n/10 1483
 []


Overfull \hbox (4.49997pt too wide) detected at line 2105
 []\T1/qtm/m/n/10 1484
 []

[34]
Overfull \hbox (4.49997pt too wide) detected at line 2106
 []\T1/qtm/m/n/10 1484
 []


Overfull \hbox (4.49997pt too wide) detected at line 2107
 []\T1/qtm/m/n/10 1484
 []


Overfull \hbox (4.49997pt too wide) detected at line 2108
 []\T1/qtm/m/n/10 1484
 []


Overfull \hbox (4.49997pt too wide) detected at line 2109
 []\T1/qtm/m/n/10 1484
 []


Overfull \hbox (4.49997pt too wide) detected at line 2110
 []\T1/qtm/m/n/10 1484
 []


Overfull \hbox (4.49997pt too wide) detected at line 2111
 []\T1/qtm/m/n/10 1484
 []


Overfull \hbox (4.49997pt too wide) detected at line 2112
 []\T1/qtm/m/n/10 1485
 []


Overfull \hbox (4.49997pt too wide) detected at line 2113
 []\T1/qtm/m/n/10 1485
 []


Overfull \hbox (4.49997pt too wide) detected at line 2114
 []\T1/qtm/m/n/10 1485
 []


Overfull \hbox (4.49997pt too wide) detected at line 2115
 []\T1/qtm/m/n/10 1485
 []


Overfull \hbox (4.49997pt too wide) detected at line 2116
 []\T1/qtm/m/n/10 1485
 []


Overfull \hbox (4.49997pt too wide) detected at line 2117
 []\T1/qtm/m/n/10 1485
 []


Overfull \hbox (4.49997pt too wide) detected at line 2118
 []\T1/qtm/m/n/10 1485
 []


Overfull \hbox (4.49997pt too wide) detected at line 2119
 []\T1/qtm/m/n/10 1486
 []


Overfull \hbox (4.49997pt too wide) detected at line 2120
 []\T1/qtm/m/n/10 1486
 []


Overfull \hbox (4.49997pt too wide) detected at line 2121
 []\T1/qtm/m/n/10 1487
 []


Overfull \hbox (4.49997pt too wide) detected at line 2122
 []\T1/qtm/m/n/10 1487
 []


Overfull \hbox (4.49997pt too wide) detected at line 2123
 []\T1/qtm/m/n/10 1487
 []


Overfull \hbox (4.49997pt too wide) detected at line 2124
 []\T1/qtm/m/n/10 1487
 []


Overfull \hbox (4.49997pt too wide) detected at line 2125
 []\T1/qtm/m/n/10 1487
 []


Overfull \hbox (4.49997pt too wide) detected at line 2126
 []\T1/qtm/m/n/10 1488
 []


Overfull \hbox (4.49997pt too wide) detected at line 2127
 []\T1/qtm/m/n/10 1488
 []


Overfull \hbox (4.49997pt too wide) detected at line 2128
 []\T1/qtm/m/n/10 1490
 []


Overfull \hbox (4.49997pt too wide) detected at line 2129
 []\T1/qtm/m/n/10 1490
 []


Overfull \hbox (4.49997pt too wide) detected at line 2130
 []\T1/qtm/m/n/10 1490
 []


Overfull \hbox (4.49997pt too wide) detected at line 2131
 []\T1/qtm/m/n/10 1490
 []


Overfull \hbox (4.49997pt too wide) detected at line 2132
 []\T1/qtm/m/n/10 1490
 []


Overfull \hbox (4.49997pt too wide) detected at line 2133
 []\T1/qtm/m/n/10 1491
 []


Overfull \hbox (4.49997pt too wide) detected at line 2134
 []\T1/qtm/m/n/10 1491
 []


Overfull \hbox (4.49997pt too wide) detected at line 2135
 []\T1/qtm/m/n/10 1491
 []


Overfull \hbox (4.49997pt too wide) detected at line 2136
 []\T1/qtm/m/n/10 1492
 []


Overfull \hbox (4.49997pt too wide) detected at line 2137
 []\T1/qtm/m/n/10 1492
 []


Overfull \hbox (4.49997pt too wide) detected at line 2138
 []\T1/qtm/m/n/10 1492
 []


Overfull \hbox (4.49997pt too wide) detected at line 2139
 []\T1/qtm/m/n/10 1492
 []


Overfull \hbox (4.49997pt too wide) detected at line 2140
 []\T1/qtm/m/n/10 1492
 []


Overfull \hbox (4.49997pt too wide) detected at line 2141
 []\T1/qtm/m/n/10 1492
 []


Overfull \hbox (4.49997pt too wide) detected at line 2142
 []\T1/qtm/m/n/10 1492
 []


Overfull \hbox (4.49997pt too wide) detected at line 2143
 []\T1/qtm/m/n/10 1494
 []


Overfull \hbox (4.49997pt too wide) detected at line 2144
 []\T1/qtm/m/n/10 1494
 []


Overfull \hbox (4.49997pt too wide) detected at line 2145
 []\T1/qtm/m/n/10 1494
 []


Overfull \hbox (4.49997pt too wide) detected at line 2146
 []\T1/qtm/m/n/10 1494
 []


Overfull \hbox (4.49997pt too wide) detected at line 2147
 []\T1/qtm/m/n/10 1495
 []


Overfull \hbox (4.49997pt too wide) detected at line 2148
 []\T1/qtm/m/n/10 1495
 []


Overfull \hbox (4.49997pt too wide) detected at line 2149
 []\T1/qtm/m/n/10 1495
 []


Overfull \hbox (4.49997pt too wide) detected at line 2150
 []\T1/qtm/m/n/10 1495
 []


Overfull \hbox (4.49997pt too wide) detected at line 2151
 []\T1/qtm/m/n/10 1496
 []


Overfull \hbox (4.49997pt too wide) detected at line 2152
 []\T1/qtm/m/n/10 1496
 []


Overfull \hbox (4.49997pt too wide) detected at line 2153
 []\T1/qtm/m/n/10 1496
 []


Overfull \hbox (4.49997pt too wide) detected at line 2154
 []\T1/qtm/m/n/10 1496
 []


Overfull \hbox (4.49997pt too wide) detected at line 2155
 []\T1/qtm/m/n/10 1496
 []


Overfull \hbox (4.49997pt too wide) detected at line 2156
 []\T1/qtm/m/n/10 1497
 []


Overfull \hbox (4.49997pt too wide) detected at line 2157
 []\T1/qtm/m/n/10 1497
 []


Overfull \hbox (4.49997pt too wide) detected at line 2158
 []\T1/qtm/m/n/10 1497
 []


Overfull \hbox (4.49997pt too wide) detected at line 2159
 []\T1/qtm/m/n/10 1497
 []

[35]
Overfull \hbox (4.49997pt too wide) detected at line 2160
 []\T1/qtm/m/n/10 1497
 []


Overfull \hbox (4.49997pt too wide) detected at line 2161
 []\T1/qtm/m/n/10 1497
 []


Overfull \hbox (4.49997pt too wide) detected at line 2162
 []\T1/qtm/m/n/10 1498
 []


Overfull \hbox (4.49997pt too wide) detected at line 2163
 []\T1/qtm/m/n/10 1498
 []


Overfull \hbox (4.49997pt too wide) detected at line 2164
 []\T1/qtm/m/n/10 1498
 []


Overfull \hbox (4.49997pt too wide) detected at line 2165
 []\T1/qtm/m/n/10 1498
 []


Overfull \hbox (4.49997pt too wide) detected at line 2166
 []\T1/qtm/m/n/10 1499
 []


Overfull \hbox (4.49997pt too wide) detected at line 2167
 []\T1/qtm/m/n/10 1500
 []


Overfull \hbox (4.49997pt too wide) detected at line 2168
 []\T1/qtm/m/n/10 1500
 []


Overfull \hbox (4.49997pt too wide) detected at line 2169
 []\T1/qtm/m/n/10 1500
 []


Overfull \hbox (4.49997pt too wide) detected at line 2170
 []\T1/qtm/m/n/10 1500
 []


Overfull \hbox (4.49997pt too wide) detected at line 2171
 []\T1/qtm/m/n/10 1500
 []


Overfull \hbox (4.49997pt too wide) detected at line 2172
 []\T1/qtm/m/n/10 1500
 []


Overfull \hbox (4.49997pt too wide) detected at line 2173
 []\T1/qtm/m/n/10 1500
 []


Overfull \hbox (4.49997pt too wide) detected at line 2174
 []\T1/qtm/m/n/10 1501
 []


Overfull \hbox (4.49997pt too wide) detected at line 2175
 []\T1/qtm/m/n/10 1501
 []


Overfull \hbox (4.49997pt too wide) detected at line 2176
 []\T1/qtm/m/n/10 1501
 []


Overfull \hbox (4.49997pt too wide) detected at line 2177
 []\T1/qtm/m/n/10 1501
 []


Overfull \hbox (4.49997pt too wide) detected at line 2178
 []\T1/qtm/m/n/10 1501
 []


Overfull \hbox (4.49997pt too wide) detected at line 2179
 []\T1/qtm/m/n/10 1501
 []


Overfull \hbox (4.49997pt too wide) detected at line 2180
 []\T1/qtm/m/n/10 1502
 []


Overfull \hbox (4.49997pt too wide) detected at line 2181
 []\T1/qtm/m/n/10 1503
 []


Overfull \hbox (4.49997pt too wide) detected at line 2182
 []\T1/qtm/m/n/10 1506
 []


Overfull \hbox (4.49997pt too wide) detected at line 2183
 []\T1/qtm/m/n/10 1507
 []


Overfull \hbox (4.49997pt too wide) detected at line 2184
 []\T1/qtm/m/n/10 1508
 []


Overfull \hbox (4.49997pt too wide) detected at line 2185
 []\T1/qtm/m/n/10 1508
 []


Overfull \hbox (4.49997pt too wide) detected at line 2186
 []\T1/qtm/m/n/10 1508
 []


Overfull \hbox (4.49997pt too wide) detected at line 2187
 []\T1/qtm/m/n/10 1508
 []


Overfull \hbox (4.49997pt too wide) detected at line 2188
 []\T1/qtm/m/n/10 1509
 []


Overfull \hbox (4.49997pt too wide) detected at line 2189
 []\T1/qtm/m/n/10 1509
 []


Overfull \hbox (4.49997pt too wide) detected at line 2190
 []\T1/qtm/m/n/10 1510
 []


Overfull \hbox (4.49997pt too wide) detected at line 2191
 []\T1/qtm/m/n/10 1510
 []


Overfull \hbox (4.49997pt too wide) detected at line 2192
 []\T1/qtm/m/n/10 1510
 []


Overfull \hbox (4.49997pt too wide) detected at line 2193
 []\T1/qtm/m/n/10 1510
 []


Overfull \hbox (4.49997pt too wide) detected at line 2194
 []\T1/qtm/m/n/10 1510
 []


Overfull \hbox (4.49997pt too wide) detected at line 2195
 []\T1/qtm/m/n/10 1510
 []


Overfull \hbox (4.49997pt too wide) detected at line 2196
 []\T1/qtm/m/n/10 1511
 []


Overfull \hbox (4.49997pt too wide) detected at line 2197
 []\T1/qtm/m/n/10 1511
 []


Overfull \hbox (4.49997pt too wide) detected at line 2198
 []\T1/qtm/m/n/10 1512
 []


Overfull \hbox (4.49997pt too wide) detected at line 2199
 []\T1/qtm/m/n/10 1512
 []


Overfull \hbox (4.49997pt too wide) detected at line 2200
 []\T1/qtm/m/n/10 1512
 []


Overfull \hbox (4.49997pt too wide) detected at line 2201
 []\T1/qtm/m/n/10 1513
 []


Overfull \hbox (4.49997pt too wide) detected at line 2202
 []\T1/qtm/m/n/10 1513
 []


Overfull \hbox (4.49997pt too wide) detected at line 2203
 []\T1/qtm/m/n/10 1513
 []


Overfull \hbox (4.49997pt too wide) detected at line 2204
 []\T1/qtm/m/n/10 1513
 []


Overfull \hbox (4.49997pt too wide) detected at line 2205
 []\T1/qtm/m/n/10 1514
 []


Overfull \hbox (4.49997pt too wide) detected at line 2206
 []\T1/qtm/m/n/10 1514
 []


Overfull \hbox (4.49997pt too wide) detected at line 2207
 []\T1/qtm/m/n/10 1515
 []


Overfull \hbox (4.49997pt too wide) detected at line 2208
 []\T1/qtm/m/n/10 1515
 []


Overfull \hbox (4.49997pt too wide) detected at line 2209
 []\T1/qtm/m/n/10 1515
 []


Overfull \hbox (4.49997pt too wide) detected at line 2210
 []\T1/qtm/m/n/10 1515
 []


Overfull \hbox (4.49997pt too wide) detected at line 2211
 []\T1/qtm/m/n/10 1515
 []


Overfull \hbox (4.49997pt too wide) detected at line 2212
 []\T1/qtm/m/n/10 1515
 []


Overfull \hbox (4.49997pt too wide) detected at line 2213
 []\T1/qtm/m/n/10 1516
 []

[36]
Overfull \hbox (4.49997pt too wide) detected at line 2214
 []\T1/qtm/m/n/10 1516
 []


Overfull \hbox (4.49997pt too wide) detected at line 2215
 []\T1/qtm/m/n/10 1516
 []


Overfull \hbox (4.49997pt too wide) detected at line 2216
 []\T1/qtm/m/n/10 1516
 []


Overfull \hbox (4.49997pt too wide) detected at line 2217
 []\T1/qtm/m/n/10 1517
 []


Overfull \hbox (4.49997pt too wide) detected at line 2218
 []\T1/qtm/m/n/10 1517
 []


Overfull \hbox (4.49997pt too wide) detected at line 2219
 []\T1/qtm/m/n/10 1517
 []


Overfull \hbox (4.49997pt too wide) detected at line 2220
 []\T1/qtm/m/n/10 1517
 []


Overfull \hbox (4.49997pt too wide) detected at line 2221
 []\T1/qtm/m/n/10 1519
 []


Overfull \hbox (4.49997pt too wide) detected at line 2222
 []\T1/qtm/m/n/10 1519
 []


Overfull \hbox (4.49997pt too wide) detected at line 2223
 []\T1/qtm/m/n/10 1519
 []


Overfull \hbox (4.49997pt too wide) detected at line 2224
 []\T1/qtm/m/n/10 1519
 []


Overfull \hbox (4.49997pt too wide) detected at line 2225
 []\T1/qtm/m/n/10 1519
 []


Overfull \hbox (4.49997pt too wide) detected at line 2226
 []\T1/qtm/m/n/10 1519
 []


Overfull \hbox (4.49997pt too wide) detected at line 2227
 []\T1/qtm/m/n/10 1519
 []


Overfull \hbox (4.49997pt too wide) detected at line 2228
 []\T1/qtm/m/n/10 1520
 []


Overfull \hbox (4.49997pt too wide) detected at line 2229
 []\T1/qtm/m/n/10 1521
 []


Overfull \hbox (4.49997pt too wide) detected at line 2230
 []\T1/qtm/m/n/10 1521
 []


Overfull \hbox (4.49997pt too wide) detected at line 2231
 []\T1/qtm/m/n/10 1521
 []


Overfull \hbox (4.49997pt too wide) detected at line 2232
 []\T1/qtm/m/n/10 1521
 []


Overfull \hbox (4.49997pt too wide) detected at line 2233
 []\T1/qtm/m/n/10 1521
 []


Overfull \hbox (4.49997pt too wide) detected at line 2234
 []\T1/qtm/m/n/10 1521
 []


Overfull \hbox (4.49997pt too wide) detected at line 2235
 []\T1/qtm/m/n/10 1522
 []


Overfull \hbox (4.49997pt too wide) detected at line 2236
 []\T1/qtm/m/n/10 1522
 []


Overfull \hbox (4.49997pt too wide) detected at line 2237
 []\T1/qtm/m/n/10 1522
 []


Overfull \hbox (4.49997pt too wide) detected at line 2238
 []\T1/qtm/m/n/10 1522
 []


Overfull \hbox (4.49997pt too wide) detected at line 2239
 []\T1/qtm/m/n/10 1522
 []


Overfull \hbox (4.49997pt too wide) detected at line 2240
 []\T1/qtm/m/n/10 1522
 []


Overfull \hbox (4.49997pt too wide) detected at line 2241
 []\T1/qtm/m/n/10 1522
 []


Overfull \hbox (4.49997pt too wide) detected at line 2242
 []\T1/qtm/m/n/10 1522
 []


Overfull \hbox (4.49997pt too wide) detected at line 2243
 []\T1/qtm/m/n/10 1523
 []


Overfull \hbox (4.49997pt too wide) detected at line 2244
 []\T1/qtm/m/n/10 1523
 []


Overfull \hbox (4.49997pt too wide) detected at line 2245
 []\T1/qtm/m/n/10 1525
 []


Overfull \hbox (4.49997pt too wide) detected at line 2246
 []\T1/qtm/m/n/10 1526
 []


Overfull \hbox (4.49997pt too wide) detected at line 2247
 []\T1/qtm/m/n/10 1526
 []


Overfull \hbox (4.49997pt too wide) detected at line 2248
 []\T1/qtm/m/n/10 1526
 []


Overfull \hbox (4.49997pt too wide) detected at line 2249
 []\T1/qtm/m/n/10 1526
 []


Overfull \hbox (4.49997pt too wide) detected at line 2250
 []\T1/qtm/m/n/10 1526
 []


Overfull \hbox (4.49997pt too wide) detected at line 2251
 []\T1/qtm/m/n/10 1527
 []


Overfull \hbox (4.49997pt too wide) detected at line 2252
 []\T1/qtm/m/n/10 1527
 []


Overfull \hbox (4.49997pt too wide) detected at line 2253
 []\T1/qtm/m/n/10 1531
 []


Overfull \hbox (4.49997pt too wide) detected at line 2254
 []\T1/qtm/m/n/10 1533
 []


Overfull \hbox (4.49997pt too wide) detected at line 2255
 []\T1/qtm/m/n/10 1533
 []


Overfull \hbox (4.49997pt too wide) detected at line 2256
 []\T1/qtm/m/n/10 1533
 []


Overfull \hbox (4.49997pt too wide) detected at line 2257
 []\T1/qtm/m/n/10 1533
 []


Overfull \hbox (4.49997pt too wide) detected at line 2258
 []\T1/qtm/m/n/10 1533
 []


Overfull \hbox (4.49997pt too wide) detected at line 2259
 []\T1/qtm/m/n/10 1534
 []


Overfull \hbox (4.49997pt too wide) detected at line 2260
 []\T1/qtm/m/n/10 1534
 []


Overfull \hbox (4.49997pt too wide) detected at line 2261
 []\T1/qtm/m/n/10 1535
 []


Overfull \hbox (4.49997pt too wide) detected at line 2262
 []\T1/qtm/m/n/10 1535
 []


Overfull \hbox (4.49997pt too wide) detected at line 2263
 []\T1/qtm/m/n/10 1535
 []


Overfull \hbox (4.49997pt too wide) detected at line 2264
 []\T1/qtm/m/n/10 1535
 []


Overfull \hbox (4.49997pt too wide) detected at line 2265
 []\T1/qtm/m/n/10 1536
 []


Overfull \hbox (4.49997pt too wide) detected at line 2266
 []\T1/qtm/m/n/10 1536
 []


Overfull \hbox (4.49997pt too wide) detected at line 2267
 []\T1/qtm/m/n/10 1537
 []

[37]
Overfull \hbox (4.49997pt too wide) detected at line 2268
 []\T1/qtm/m/n/10 1537
 []


Overfull \hbox (4.49997pt too wide) detected at line 2269
 []\T1/qtm/m/n/10 1538
 []


Overfull \hbox (4.49997pt too wide) detected at line 2270
 []\T1/qtm/m/n/10 1539
 []


Overfull \hbox (4.49997pt too wide) detected at line 2271
 []\T1/qtm/m/n/10 1539
 []


Overfull \hbox (4.49997pt too wide) detected at line 2272
 []\T1/qtm/m/n/10 1539
 []


Overfull \hbox (4.49997pt too wide) detected at line 2273
 []\T1/qtm/m/n/10 1539
 []


Overfull \hbox (4.49997pt too wide) detected at line 2274
 []\T1/qtm/m/n/10 1539
 []


Overfull \hbox (4.49997pt too wide) detected at line 2275
 []\T1/qtm/m/n/10 1539
 []


Overfull \hbox (4.49997pt too wide) detected at line 2276
 []\T1/qtm/m/n/10 1540
 []


Overfull \hbox (4.49997pt too wide) detected at line 2277
 []\T1/qtm/m/n/10 1540
 []


Overfull \hbox (4.49997pt too wide) detected at line 2278
 []\T1/qtm/m/n/10 1541
 []


Overfull \hbox (4.49997pt too wide) detected at line 2279
 []\T1/qtm/m/n/10 1541
 []


Overfull \hbox (4.49997pt too wide) detected at line 2280
 []\T1/qtm/m/n/10 1541
 []


Overfull \hbox (4.49997pt too wide) detected at line 2281
 []\T1/qtm/m/n/10 1541
 []


Overfull \hbox (4.49997pt too wide) detected at line 2282
 []\T1/qtm/m/n/10 1541
 []


Overfull \hbox (4.49997pt too wide) detected at line 2283
 []\T1/qtm/m/n/10 1542
 []


Overfull \hbox (4.49997pt too wide) detected at line 2284
 []\T1/qtm/m/n/10 1542
 []


Overfull \hbox (4.49997pt too wide) detected at line 2285
 []\T1/qtm/m/n/10 1545
 []


Overfull \hbox (4.49997pt too wide) detected at line 2286
 []\T1/qtm/m/n/10 1545
 []


Overfull \hbox (4.49997pt too wide) detected at line 2287
 []\T1/qtm/m/n/10 1545
 []


Overfull \hbox (4.49997pt too wide) detected at line 2288
 []\T1/qtm/m/n/10 1545
 []


Overfull \hbox (4.49997pt too wide) detected at line 2289
 []\T1/qtm/m/n/10 1546
 []


Overfull \hbox (4.49997pt too wide) detected at line 2290
 []\T1/qtm/m/n/10 1546
 []


Overfull \hbox (4.49997pt too wide) detected at line 2291
 []\T1/qtm/m/n/10 1546
 []


Overfull \hbox (4.49997pt too wide) detected at line 2292
 []\T1/qtm/m/n/10 1546
 []


Overfull \hbox (4.49997pt too wide) detected at line 2293
 []\T1/qtm/m/n/10 1549
 []


Overfull \hbox (4.49997pt too wide) detected at line 2294
 []\T1/qtm/m/n/10 1549
 []


Overfull \hbox (4.49997pt too wide) detected at line 2295
 []\T1/qtm/m/n/10 1550
 []


Overfull \hbox (4.49997pt too wide) detected at line 2296
 []\T1/qtm/m/n/10 1550
 []


Overfull \hbox (4.49997pt too wide) detected at line 2297
 []\T1/qtm/m/n/10 1550
 []


Overfull \hbox (4.49997pt too wide) detected at line 2298
 []\T1/qtm/m/n/10 1550
 []


Overfull \hbox (4.49997pt too wide) detected at line 2299
 []\T1/qtm/m/n/10 1550
 []


Overfull \hbox (4.49997pt too wide) detected at line 2300
 []\T1/qtm/m/n/10 1551
 []


Overfull \hbox (4.49997pt too wide) detected at line 2301
 []\T1/qtm/m/n/10 1551
 []


Overfull \hbox (4.49997pt too wide) detected at line 2302
 []\T1/qtm/m/n/10 1551
 []


Overfull \hbox (4.49997pt too wide) detected at line 2303
 []\T1/qtm/m/n/10 1552
 []


Overfull \hbox (4.49997pt too wide) detected at line 2304
 []\T1/qtm/m/n/10 1552
 []


Overfull \hbox (4.49997pt too wide) detected at line 2305
 []\T1/qtm/m/n/10 1552
 []


Overfull \hbox (4.49997pt too wide) detected at line 2306
 []\T1/qtm/m/n/10 1552
 []


Overfull \hbox (4.49997pt too wide) detected at line 2307
 []\T1/qtm/m/n/10 1552
 []


Overfull \hbox (4.49997pt too wide) detected at line 2308
 []\T1/qtm/m/n/10 1552
 []


Overfull \hbox (4.49997pt too wide) detected at line 2309
 []\T1/qtm/m/n/10 1553
 []


Overfull \hbox (4.49997pt too wide) detected at line 2310
 []\T1/qtm/m/n/10 1553
 []


Overfull \hbox (4.49997pt too wide) detected at line 2311
 []\T1/qtm/m/n/10 1553
 []


Overfull \hbox (4.49997pt too wide) detected at line 2312
 []\T1/qtm/m/n/10 1553
 []


Overfull \hbox (4.49997pt too wide) detected at line 2313
 []\T1/qtm/m/n/10 1554
 []


Overfull \hbox (4.49997pt too wide) detected at line 2314
 []\T1/qtm/m/n/10 1554
 []


Overfull \hbox (4.49997pt too wide) detected at line 2315
 []\T1/qtm/m/n/10 1555
 []


Overfull \hbox (4.49997pt too wide) detected at line 2316
 []\T1/qtm/m/n/10 1555
 []


Overfull \hbox (4.49997pt too wide) detected at line 2317
 []\T1/qtm/m/n/10 1558
 []


Overfull \hbox (4.49997pt too wide) detected at line 2318
 []\T1/qtm/m/n/10 1559
 []


Overfull \hbox (4.49997pt too wide) detected at line 2319
 []\T1/qtm/m/n/10 1559
 []


Overfull \hbox (4.49997pt too wide) detected at line 2320
 []\T1/qtm/m/n/10 1559
 []


Overfull \hbox (4.49997pt too wide) detected at line 2321
 []\T1/qtm/m/n/10 1559
 []

[38]
Overfull \hbox (4.49997pt too wide) detected at line 2322
 []\T1/qtm/m/n/10 1559
 []


Overfull \hbox (4.49997pt too wide) detected at line 2323
 []\T1/qtm/m/n/10 1560
 []


Overfull \hbox (4.49997pt too wide) detected at line 2324
 []\T1/qtm/m/n/10 1560
 []


Overfull \hbox (4.49997pt too wide) detected at line 2325
 []\T1/qtm/m/n/10 1560
 []


Overfull \hbox (4.49997pt too wide) detected at line 2326
 []\T1/qtm/m/n/10 1560
 []


Overfull \hbox (4.49997pt too wide) detected at line 2327
 []\T1/qtm/m/n/10 1560
 []


Overfull \hbox (4.49997pt too wide) detected at line 2328
 []\T1/qtm/m/n/10 1561
 []


Overfull \hbox (4.49997pt too wide) detected at line 2329
 []\T1/qtm/m/n/10 1561
 []


Overfull \hbox (4.49997pt too wide) detected at line 2330
 []\T1/qtm/m/n/10 1561
 []


Overfull \hbox (4.49997pt too wide) detected at line 2331
 []\T1/qtm/m/n/10 1561
 []


Overfull \hbox (4.49997pt too wide) detected at line 2332
 []\T1/qtm/m/n/10 1561
 []


Overfull \hbox (4.49997pt too wide) detected at line 2333
 []\T1/qtm/m/n/10 1561
 []


Overfull \hbox (4.49997pt too wide) detected at line 2334
 []\T1/qtm/m/n/10 1562
 []


Overfull \hbox (4.49997pt too wide) detected at line 2335
 []\T1/qtm/m/n/10 1562
 []


Overfull \hbox (4.49997pt too wide) detected at line 2336
 []\T1/qtm/m/n/10 1562
 []


Overfull \hbox (4.49997pt too wide) detected at line 2337
 []\T1/qtm/m/n/10 1562
 []


Overfull \hbox (4.49997pt too wide) detected at line 2338
 []\T1/qtm/m/n/10 1562
 []


Overfull \hbox (4.49997pt too wide) detected at line 2339
 []\T1/qtm/m/n/10 1562
 []


Overfull \hbox (4.49997pt too wide) detected at line 2340
 []\T1/qtm/m/n/10 1562
 []


Overfull \hbox (4.49997pt too wide) detected at line 2341
 []\T1/qtm/m/n/10 1563
 []


Overfull \hbox (4.49997pt too wide) detected at line 2342
 []\T1/qtm/m/n/10 1563
 []


Overfull \hbox (4.49997pt too wide) detected at line 2343
 []\T1/qtm/m/n/10 1563
 []


Overfull \hbox (4.49997pt too wide) detected at line 2344
 []\T1/qtm/m/n/10 1563
 []


Overfull \hbox (4.49997pt too wide) detected at line 2345
 []\T1/qtm/m/n/10 1563
 []


Overfull \hbox (4.49997pt too wide) detected at line 2346
 []\T1/qtm/m/n/10 1563
 []


Overfull \hbox (4.49997pt too wide) detected at line 2347
 []\T1/qtm/m/n/10 1563
 []


Overfull \hbox (4.49997pt too wide) detected at line 2348
 []\T1/qtm/m/n/10 1563
 []


Overfull \hbox (4.49997pt too wide) detected at line 2349
 []\T1/qtm/m/n/10 1564
 []


Overfull \hbox (4.49997pt too wide) detected at line 2350
 []\T1/qtm/m/n/10 1564
 []


Overfull \hbox (4.49997pt too wide) detected at line 2351
 []\T1/qtm/m/n/10 1564
 []


Overfull \hbox (4.49997pt too wide) detected at line 2352
 []\T1/qtm/m/n/10 1564
 []


Overfull \hbox (4.49997pt too wide) detected at line 2353
 []\T1/qtm/m/n/10 1564
 []


Overfull \hbox (4.49997pt too wide) detected at line 2354
 []\T1/qtm/m/n/10 1565
 []


Overfull \hbox (4.49997pt too wide) detected at line 2355
 []\T1/qtm/m/n/10 1565
 []


Overfull \hbox (4.49997pt too wide) detected at line 2356
 []\T1/qtm/m/n/10 1567
 []


Overfull \hbox (4.49997pt too wide) detected at line 2357
 []\T1/qtm/m/n/10 1568
 []


Overfull \hbox (4.49997pt too wide) detected at line 2358
 []\T1/qtm/m/n/10 1568
 []


Overfull \hbox (4.49997pt too wide) detected at line 2359
 []\T1/qtm/m/n/10 1568
 []


Overfull \hbox (4.49997pt too wide) detected at line 2360
 []\T1/qtm/m/n/10 1568
 []


Overfull \hbox (4.49997pt too wide) detected at line 2361
 []\T1/qtm/m/n/10 1568
 []


Overfull \hbox (4.49997pt too wide) detected at line 2362
 []\T1/qtm/m/n/10 1569
 []


Overfull \hbox (4.49997pt too wide) detected at line 2363
 []\T1/qtm/m/n/10 1569
 []


Overfull \hbox (4.49997pt too wide) detected at line 2364
 []\T1/qtm/m/n/10 1571
 []


Overfull \hbox (4.49997pt too wide) detected at line 2365
 []\T1/qtm/m/n/10 1571
 []


Overfull \hbox (4.49997pt too wide) detected at line 2366
 []\T1/qtm/m/n/10 1572
 []


Overfull \hbox (4.49997pt too wide) detected at line 2367
 []\T1/qtm/m/n/10 1572
 []


Overfull \hbox (4.49997pt too wide) detected at line 2368
 []\T1/qtm/m/n/10 1572
 []


Overfull \hbox (4.49997pt too wide) detected at line 2369
 []\T1/qtm/m/n/10 1572
 []


Overfull \hbox (4.49997pt too wide) detected at line 2370
 []\T1/qtm/m/n/10 1572
 []


Overfull \hbox (4.49997pt too wide) detected at line 2371
 []\T1/qtm/m/n/10 1573
 []


Overfull \hbox (4.49997pt too wide) detected at line 2372
 []\T1/qtm/m/n/10 1575
 []


Overfull \hbox (4.49997pt too wide) detected at line 2373
 []\T1/qtm/m/n/10 1575
 []


Overfull \hbox (4.49997pt too wide) detected at line 2374
 []\T1/qtm/m/n/10 1575
 []


Overfull \hbox (4.49997pt too wide) detected at line 2375
 []\T1/qtm/m/n/10 1575
 []

[39]
Overfull \hbox (4.49997pt too wide) detected at line 2376
 []\T1/qtm/m/n/10 1575
 []


Overfull \hbox (4.49997pt too wide) detected at line 2377
 []\T1/qtm/m/n/10 1575
 []


Overfull \hbox (4.49997pt too wide) detected at line 2384
 []\T1/qtm/m/n/10 1576
 []


Overfull \hbox (4.49997pt too wide) detected at line 2391
 []\T1/qtm/m/n/10 1577
 []


Overfull \hbox (4.49997pt too wide) detected at line 2398
 []\T1/qtm/m/n/10 1578
 []


Overfull \hbox (4.49997pt too wide) detected at line 2405
 []\T1/qtm/m/n/10 1579
 []


Overfull \hbox (4.49997pt too wide) detected at line 2412
 []\T1/qtm/m/n/10 1580
 []


Overfull \hbox (4.49997pt too wide) detected at line 2418
 []\T1/qtm/m/n/10 1581
 []


Overfull \hbox (4.49997pt too wide) detected at line 2425
 []\T1/qtm/m/n/10 1582
 []


Overfull \hbox (4.49997pt too wide) detected at line 2432
 []\T1/qtm/m/n/10 1582
 []


Overfull \hbox (4.49997pt too wide) detected at line 2439
 []\T1/qtm/m/n/10 1583
 []


Overfull \hbox (4.49997pt too wide) detected at line 2446
 []\T1/qtm/m/n/10 1584
 []


Overfull \hbox (4.49997pt too wide) detected at line 2453
 []\T1/qtm/m/n/10 1585
 []


Overfull \hbox (4.49997pt too wide) detected at line 2460
 []\T1/qtm/m/n/10 1587
 []


Overfull \hbox (4.49997pt too wide) detected at line 2467
 []\T1/qtm/m/n/10 1588
 []


Overfull \hbox (4.49997pt too wide) detected at line 2474
 []\T1/qtm/m/n/10 1589
 []


Overfull \hbox (4.49997pt too wide) detected at line 2481
 []\T1/qtm/m/n/10 1589
 []


Overfull \hbox (4.49997pt too wide) detected at line 2488
 []\T1/qtm/m/n/10 1590
 []


Overfull \hbox (4.49997pt too wide) detected at line 2495
 []\T1/qtm/m/n/10 1591
 []


Overfull \hbox (4.49997pt too wide) detected at line 2502
 []\T1/qtm/m/n/10 1592
 []


Overfull \hbox (4.49997pt too wide) detected at line 2509
 []\T1/qtm/m/n/10 1593
 []


Overfull \hbox (4.49997pt too wide) detected at line 2516
 []\T1/qtm/m/n/10 1594
 []


Overfull \hbox (4.49997pt too wide) detected at line 2523
 []\T1/qtm/m/n/10 1594
 []


Overfull \hbox (4.49997pt too wide) detected at line 2530
 []\T1/qtm/m/n/10 1595
 []


Overfull \hbox (4.49997pt too wide) detected at line 2538
 []\T1/qtm/m/n/10 1597
 []


Overfull \hbox (4.49997pt too wide) detected at line 2546
 []\T1/qtm/m/n/10 1599
 []


Overfull \hbox (4.49997pt too wide) detected at line 2553
 []\T1/qtm/m/n/10 1600
 []


Overfull \hbox (4.49997pt too wide) detected at line 2560
 []\T1/qtm/m/n/10 1601
 []


Overfull \hbox (4.49997pt too wide) detected at line 2568
 []\T1/qtm/m/n/10 1603
 []


Overfull \hbox (4.49997pt too wide) detected at line 2575
 []\T1/qtm/m/n/10 1603
 []


Overfull \hbox (4.49997pt too wide) detected at line 2582
 []\T1/qtm/m/n/10 1604
 []


Overfull \hbox (4.49997pt too wide) detected at line 2588
 []\T1/qtm/m/n/10 1605
 []


Overfull \hbox (4.49997pt too wide) detected at line 2595
 []\T1/qtm/m/n/10 1606
 []


Overfull \hbox (4.49997pt too wide) detected at line 2602
 []\T1/qtm/m/n/10 1607
 []


Overfull \hbox (4.49997pt too wide) detected at line 2608
 []\T1/qtm/m/n/10 1607
 []


Overfull \hbox (4.49997pt too wide) detected at line 2615
 []\T1/qtm/m/n/10 1608
 []


Overfull \hbox (4.49997pt too wide) detected at line 2622
 []\T1/qtm/m/n/10 1609
 []


Overfull \hbox (4.49997pt too wide) detected at line 2629
 []\T1/qtm/m/n/10 1610
 []


Overfull \hbox (4.49997pt too wide) detected at line 2636
 []\T1/qtm/m/n/10 1611
 []


Overfull \hbox (4.49997pt too wide) detected at line 2643
 []\T1/qtm/m/n/10 1612
 []


Overfull \hbox (4.49997pt too wide) detected at line 2650
 []\T1/qtm/m/n/10 1613
 []


Overfull \hbox (4.49997pt too wide) detected at line 2657
 []\T1/qtm/m/n/10 1614
 []


Overfull \hbox (4.49997pt too wide) detected at line 2664
 []\T1/qtm/m/n/10 1614
 []


Overfull \hbox (4.49997pt too wide) detected at line 2671
 []\T1/qtm/m/n/10 1615
 []


Overfull \hbox (4.49997pt too wide) detected at line 2678
 []\T1/qtm/m/n/10 1616
 []


Overfull \hbox (4.49997pt too wide) detected at line 2685
 []\T1/qtm/m/n/10 1617
 []


Overfull \hbox (4.49997pt too wide) detected at line 2692
 []\T1/qtm/m/n/10 1618
 []


Overfull \hbox (4.49997pt too wide) detected at line 2699
 []\T1/qtm/m/n/10 1619
 []


Overfull \hbox (4.49997pt too wide) detected at line 2706
 []\T1/qtm/m/n/10 1619
 []


Overfull \hbox (4.49997pt too wide) detected at line 2713
 []\T1/qtm/m/n/10 1620
 []


Overfull \hbox (4.49997pt too wide) detected at line 2720
 []\T1/qtm/m/n/10 1621
 []


Overfull \hbox (4.49997pt too wide) detected at line 2727
 []\T1/qtm/m/n/10 1622
 []


Overfull \hbox (4.49997pt too wide) detected at line 2734
 []\T1/qtm/m/n/10 1623
 []


Overfull \hbox (4.49997pt too wide) detected at line 2741
 []\T1/qtm/m/n/10 1624
 []

[40]
Overfull \hbox (4.49997pt too wide) detected at line 2742
 []\T1/qtm/m/n/10 1624
 []


Overfull \hbox (4.49997pt too wide) detected at line 2749
 []\T1/qtm/m/n/10 1625
 []


Overfull \hbox (4.49997pt too wide) detected at line 2756
 []\T1/qtm/m/n/10 1626
 []


Overfull \hbox (4.49997pt too wide) detected at line 2763
 []\T1/qtm/m/n/10 1626
 []


Overfull \hbox (4.49997pt too wide) detected at line 2770
 []\T1/qtm/m/n/10 1627
 []


Overfull \hbox (4.49997pt too wide) detected at line 2777
 []\T1/qtm/m/n/10 1628
 []


Overfull \hbox (4.49997pt too wide) detected at line 2784
 []\T1/qtm/m/n/10 1629
 []


Overfull \hbox (4.49997pt too wide) detected at line 2791
 []\T1/qtm/m/n/10 1630
 []


Overfull \hbox (4.49997pt too wide) detected at line 2798
 []\T1/qtm/m/n/10 1630
 []


Overfull \hbox (4.49997pt too wide) detected at line 2805
 []\T1/qtm/m/n/10 1631
 []


Overfull \hbox (4.49997pt too wide) detected at line 2812
 []\T1/qtm/m/n/10 1632
 []


Overfull \hbox (4.49997pt too wide) detected at line 2819
 []\T1/qtm/m/n/10 1633
 []


Overfull \hbox (4.49997pt too wide) detected at line 2826
 []\T1/qtm/m/n/10 1634
 []


Overfull \hbox (4.49997pt too wide) detected at line 2833
 []\T1/qtm/m/n/10 1634
 []


Overfull \hbox (4.49997pt too wide) detected at line 2840
 []\T1/qtm/m/n/10 1635
 []


Overfull \hbox (4.49997pt too wide) detected at line 2847
 []\T1/qtm/m/n/10 1636
 []


Overfull \hbox (4.49997pt too wide) detected at line 2854
 []\T1/qtm/m/n/10 1637
 []


Overfull \hbox (4.49997pt too wide) detected at line 2861
 []\T1/qtm/m/n/10 1638
 []


Overfull \hbox (4.49997pt too wide) detected at line 2868
 []\T1/qtm/m/n/10 1639
 []


Overfull \hbox (4.49997pt too wide) detected at line 2875
 []\T1/qtm/m/n/10 1639
 []


Overfull \hbox (4.49997pt too wide) detected at line 2882
 []\T1/qtm/m/n/10 1640
 []


Overfull \hbox (4.49997pt too wide) detected at line 2883
 []\T1/qtm/m/n/10 1640
 []


Overfull \hbox (4.49997pt too wide) detected at line 2884
 []\T1/qtm/m/n/10 1641
 []


Overfull \hbox (4.49997pt too wide) detected at line 2885
 []\T1/qtm/m/n/10 1641
 []


Overfull \hbox (4.49997pt too wide) detected at line 2886
 []\T1/qtm/m/n/10 1642
 []


Overfull \hbox (4.49997pt too wide) detected at line 2887
 []\T1/qtm/m/n/10 1642
 []


Overfull \hbox (4.49997pt too wide) detected at line 2888
 []\T1/qtm/m/n/10 1642
 []


Overfull \hbox (4.49997pt too wide) detected at line 2889
 []\T1/qtm/m/n/10 1643
 []


Overfull \hbox (4.49997pt too wide) detected at line 2890
 []\T1/qtm/m/n/10 1643
 []


Overfull \hbox (4.49997pt too wide) detected at line 2891
 []\T1/qtm/m/n/10 1643
 []


Overfull \hbox (4.49997pt too wide) detected at line 2892
 []\T1/qtm/m/n/10 1643
 []


Overfull \hbox (4.49997pt too wide) detected at line 2893
 []\T1/qtm/m/n/10 1643
 []


Overfull \hbox (4.49997pt too wide) detected at line 2894
 []\T1/qtm/m/n/10 1644
 []


Overfull \hbox (4.49997pt too wide) detected at line 2895
 []\T1/qtm/m/n/10 1644
 []


Overfull \hbox (4.49997pt too wide) detected at line 2896
 []\T1/qtm/m/n/10 1644
 []


Overfull \hbox (4.49997pt too wide) detected at line 2897
 []\T1/qtm/m/n/10 1645
 []


Overfull \hbox (4.49997pt too wide) detected at line 2898
 []\T1/qtm/m/n/10 1645
 []


Overfull \hbox (4.49997pt too wide) detected at line 2899
 []\T1/qtm/m/n/10 1645
 []


Overfull \hbox (4.49997pt too wide) detected at line 2900
 []\T1/qtm/m/n/10 1645
 []


Overfull \hbox (4.49997pt too wide) detected at line 2901
 []\T1/qtm/m/n/10 1646
 []


Overfull \hbox (4.49997pt too wide) detected at line 2902
 []\T1/qtm/m/n/10 1646
 []


Overfull \hbox (4.49997pt too wide) detected at line 2903
 []\T1/qtm/m/n/10 1648
 []


Overfull \hbox (4.49997pt too wide) detected at line 2904
 []\T1/qtm/m/n/10 1648
 []


Overfull \hbox (4.49997pt too wide) detected at line 2905
 []\T1/qtm/m/n/10 1648
 []


Overfull \hbox (4.49997pt too wide) detected at line 2906
 []\T1/qtm/m/n/10 1649
 []


Overfull \hbox (4.49997pt too wide) detected at line 2907
 []\T1/qtm/m/n/10 1649
 []


Overfull \hbox (4.49997pt too wide) detected at line 2908
 []\T1/qtm/m/n/10 1649
 []


Overfull \hbox (4.49997pt too wide) detected at line 2909
 []\T1/qtm/m/n/10 1649
 []


Overfull \hbox (4.49997pt too wide) detected at line 2910
 []\T1/qtm/m/n/10 1649
 []


Overfull \hbox (4.49997pt too wide) detected at line 2911
 []\T1/qtm/m/n/10 1650
 []


Overfull \hbox (4.49997pt too wide) detected at line 2912
 []\T1/qtm/m/n/10 1651
 []


Overfull \hbox (4.49997pt too wide) detected at line 2913
 []\T1/qtm/m/n/10 1651
 []


Overfull \hbox (4.49997pt too wide) detected at line 2914
 []\T1/qtm/m/n/10 1651
 []


Overfull \hbox (4.49997pt too wide) detected at line 2915
 []\T1/qtm/m/n/10 1652
 []

[41]
Overfull \hbox (4.49997pt too wide) detected at line 2916
 []\T1/qtm/m/n/10 1652
 []


Overfull \hbox (4.49997pt too wide) detected at line 2917
 []\T1/qtm/m/n/10 1652
 []


Overfull \hbox (4.49997pt too wide) detected at line 2918
 []\T1/qtm/m/n/10 1652
 []


Overfull \hbox (4.49997pt too wide) detected at line 2919
 []\T1/qtm/m/n/10 1652
 []


Overfull \hbox (4.49997pt too wide) detected at line 2920
 []\T1/qtm/m/n/10 1652
 []


Overfull \hbox (4.49997pt too wide) detected at line 2921
 []\T1/qtm/m/n/10 1653
 []


Overfull \hbox (4.49997pt too wide) detected at line 2922
 []\T1/qtm/m/n/10 1653
 []


Overfull \hbox (4.49997pt too wide) detected at line 2923
 []\T1/qtm/m/n/10 1653
 []


Overfull \hbox (4.49997pt too wide) detected at line 2924
 []\T1/qtm/m/n/10 1653
 []


Overfull \hbox (4.49997pt too wide) detected at line 2925
 []\T1/qtm/m/n/10 1653
 []


Overfull \hbox (4.49997pt too wide) detected at line 2926
 []\T1/qtm/m/n/10 1653
 []


Overfull \hbox (4.49997pt too wide) detected at line 2927
 []\T1/qtm/m/n/10 1654
 []


Overfull \hbox (4.49997pt too wide) detected at line 2928
 []\T1/qtm/m/n/10 1654
 []


Overfull \hbox (4.49997pt too wide) detected at line 2929
 []\T1/qtm/m/n/10 1656
 []


Overfull \hbox (4.49997pt too wide) detected at line 2930
 []\T1/qtm/m/n/10 1656
 []


Overfull \hbox (4.49997pt too wide) detected at line 2931
 []\T1/qtm/m/n/10 1656
 []


Overfull \hbox (4.49997pt too wide) detected at line 2932
 []\T1/qtm/m/n/10 1657
 []


Overfull \hbox (4.49997pt too wide) detected at line 2933
 []\T1/qtm/m/n/10 1657
 []


Overfull \hbox (4.49997pt too wide) detected at line 2934
 []\T1/qtm/m/n/10 1657
 []


Overfull \hbox (4.49997pt too wide) detected at line 2935
 []\T1/qtm/m/n/10 1657
 []


Overfull \hbox (4.49997pt too wide) detected at line 2936
 []\T1/qtm/m/n/10 1657
 []


Overfull \hbox (4.49997pt too wide) detected at line 2937
 []\T1/qtm/m/n/10 1658
 []


Overfull \hbox (4.49997pt too wide) detected at line 2938
 []\T1/qtm/m/n/10 1658
 []


Overfull \hbox (4.49997pt too wide) detected at line 2939
 []\T1/qtm/m/n/10 1658
 []


Overfull \hbox (4.49997pt too wide) detected at line 2940
 []\T1/qtm/m/n/10 1658
 []


Overfull \hbox (4.49997pt too wide) detected at line 2941
 []\T1/qtm/m/n/10 1658
 []


Overfull \hbox (4.49997pt too wide) detected at line 2942
 []\T1/qtm/m/n/10 1658
 []


Overfull \hbox (4.49997pt too wide) detected at line 2943
 []\T1/qtm/m/n/10 1658
 []


Overfull \hbox (4.49997pt too wide) detected at line 2944
 []\T1/qtm/m/n/10 1658
 []


Overfull \hbox (4.49997pt too wide) detected at line 2945
 []\T1/qtm/m/n/10 1659
 []


Overfull \hbox (4.49997pt too wide) detected at line 2946
 []\T1/qtm/m/n/10 1660
 []


Overfull \hbox (4.49997pt too wide) detected at line 2947
 []\T1/qtm/m/n/10 1665
 []


Overfull \hbox (4.49997pt too wide) detected at line 2948
 []\T1/qtm/m/n/10 1667
 []


Overfull \hbox (4.49997pt too wide) detected at line 2949
 []\T1/qtm/m/n/10 1667
 []


Overfull \hbox (4.49997pt too wide) detected at line 2950
 []\T1/qtm/m/n/10 1667
 []


Overfull \hbox (4.49997pt too wide) detected at line 2951
 []\T1/qtm/m/n/10 1667
 []


Overfull \hbox (4.49997pt too wide) detected at line 2952
 []\T1/qtm/m/n/10 1667
 []


Overfull \hbox (4.49997pt too wide) detected at line 2953
 []\T1/qtm/m/n/10 1667
 []


Overfull \hbox (4.49997pt too wide) detected at line 2954
 []\T1/qtm/m/n/10 1667
 []


Overfull \hbox (4.49997pt too wide) detected at line 2955
 []\T1/qtm/m/n/10 1668
 []


Overfull \hbox (4.49997pt too wide) detected at line 2956
 []\T1/qtm/m/n/10 1668
 []


Overfull \hbox (4.49997pt too wide) detected at line 2957
 []\T1/qtm/m/n/10 1669
 []


Overfull \hbox (4.49997pt too wide) detected at line 2958
 []\T1/qtm/m/n/10 1669
 []


Overfull \hbox (4.49997pt too wide) detected at line 2959
 []\T1/qtm/m/n/10 1669
 []


Overfull \hbox (4.49997pt too wide) detected at line 2960
 []\T1/qtm/m/n/10 1670
 []


Overfull \hbox (4.49997pt too wide) detected at line 2961
 []\T1/qtm/m/n/10 1670
 []


Overfull \hbox (4.49997pt too wide) detected at line 2962
 []\T1/qtm/m/n/10 1670
 []


Overfull \hbox (4.49997pt too wide) detected at line 2963
 []\T1/qtm/m/n/10 1670
 []


Overfull \hbox (4.49997pt too wide) detected at line 2964
 []\T1/qtm/m/n/10 1670
 []


Overfull \hbox (4.49997pt too wide) detected at line 2965
 []\T1/qtm/m/n/10 1671
 []


Overfull \hbox (4.49997pt too wide) detected at line 2966
 []\T1/qtm/m/n/10 1673
 []


Overfull \hbox (4.49997pt too wide) detected at line 2967
 []\T1/qtm/m/n/10 1673
 []


Overfull \hbox (4.49997pt too wide) detected at line 2968
 []\T1/qtm/m/n/10 1673
 []


Overfull \hbox (4.49997pt too wide) detected at line 2969
 []\T1/qtm/m/n/10 1673
 []

[42]
Overfull \hbox (4.49997pt too wide) detected at line 2970
 []\T1/qtm/m/n/10 1674
 []


Overfull \hbox (4.49997pt too wide) detected at line 2971
 []\T1/qtm/m/n/10 1674
 []


Overfull \hbox (4.49997pt too wide) detected at line 2972
 []\T1/qtm/m/n/10 1674
 []


Overfull \hbox (4.49997pt too wide) detected at line 2973
 []\T1/qtm/m/n/10 1674
 []


Overfull \hbox (4.49997pt too wide) detected at line 2974
 []\T1/qtm/m/n/10 1675
 []


Overfull \hbox (4.49997pt too wide) detected at line 2975
 []\T1/qtm/m/n/10 1675
 []


Overfull \hbox (4.49997pt too wide) detected at line 2976
 []\T1/qtm/m/n/10 1675
 []


Overfull \hbox (4.49997pt too wide) detected at line 2977
 []\T1/qtm/m/n/10 1676
 []


Overfull \hbox (4.49997pt too wide) detected at line 2978
 []\T1/qtm/m/n/10 1676
 []


Overfull \hbox (4.49997pt too wide) detected at line 2979
 []\T1/qtm/m/n/10 1676
 []


Overfull \hbox (4.49997pt too wide) detected at line 2980
 []\T1/qtm/m/n/10 1676
 []


Overfull \hbox (4.49997pt too wide) detected at line 2981
 []\T1/qtm/m/n/10 1676
 []


Overfull \hbox (4.49997pt too wide) detected at line 2982
 []\T1/qtm/m/n/10 1677
 []


Overfull \hbox (4.49997pt too wide) detected at line 2983
 []\T1/qtm/m/n/10 1678
 []


Overfull \hbox (4.49997pt too wide) detected at line 2984
 []\T1/qtm/m/n/10 1678
 []


Overfull \hbox (4.49997pt too wide) detected at line 2985
 []\T1/qtm/m/n/10 1678
 []


Overfull \hbox (4.49997pt too wide) detected at line 2986
 []\T1/qtm/m/n/10 1678
 []


Overfull \hbox (4.49997pt too wide) detected at line 2987
 []\T1/qtm/m/n/10 1678
 []


Overfull \hbox (4.49997pt too wide) detected at line 2988
 []\T1/qtm/m/n/10 1678
 []


Overfull \hbox (4.49997pt too wide) detected at line 2989
 []\T1/qtm/m/n/10 1678
 []


Overfull \hbox (4.49997pt too wide) detected at line 2990
 []\T1/qtm/m/n/10 1679
 []


Overfull \hbox (4.49997pt too wide) detected at line 2991
 []\T1/qtm/m/n/10 1680
 []


Overfull \hbox (4.49997pt too wide) detected at line 2992
 []\T1/qtm/m/n/10 1680
 []


Overfull \hbox (4.49997pt too wide) detected at line 2993
 []\T1/qtm/m/n/10 1680
 []


Overfull \hbox (4.49997pt too wide) detected at line 2994
 []\T1/qtm/m/n/10 1680
 []


Overfull \hbox (4.49997pt too wide) detected at line 2995
 []\T1/qtm/m/n/10 1680
 []


Overfull \hbox (4.49997pt too wide) detected at line 2996
 []\T1/qtm/m/n/10 1680
 []


Overfull \hbox (4.49997pt too wide) detected at line 2997
 []\T1/qtm/m/n/10 1681
 []


Overfull \hbox (4.49997pt too wide) detected at line 2998
 []\T1/qtm/m/n/10 1682
 []


Overfull \hbox (4.49997pt too wide) detected at line 2999
 []\T1/qtm/m/n/10 1682
 []


Overfull \hbox (4.49997pt too wide) detected at line 3000
 []\T1/qtm/m/n/10 1682
 []


Overfull \hbox (4.49997pt too wide) detected at line 3001
 []\T1/qtm/m/n/10 1682
 []


Overfull \hbox (4.49997pt too wide) detected at line 3002
 []\T1/qtm/m/n/10 1682
 []


Overfull \hbox (4.49997pt too wide) detected at line 3003
 []\T1/qtm/m/n/10 1682
 []


Overfull \hbox (4.49997pt too wide) detected at line 3004
 []\T1/qtm/m/n/10 1683
 []


Overfull \hbox (4.49997pt too wide) detected at line 3005
 []\T1/qtm/m/n/10 1683
 []


Overfull \hbox (4.49997pt too wide) detected at line 3006
 []\T1/qtm/m/n/10 1685
 []


Overfull \hbox (4.49997pt too wide) detected at line 3007
 []\T1/qtm/m/n/10 1685
 []


Overfull \hbox (4.49997pt too wide) detected at line 3008
 []\T1/qtm/m/n/10 1685
 []


Overfull \hbox (4.49997pt too wide) detected at line 3009
 []\T1/qtm/m/n/10 1686
 []


Overfull \hbox (4.49997pt too wide) detected at line 3010
 []\T1/qtm/m/n/10 1686
 []


Overfull \hbox (4.49997pt too wide) detected at line 3011
 []\T1/qtm/m/n/10 1686
 []


Overfull \hbox (4.49997pt too wide) detected at line 3012
 []\T1/qtm/m/n/10 1686
 []


Overfull \hbox (4.49997pt too wide) detected at line 3013
 []\T1/qtm/m/n/10 1686
 []


Overfull \hbox (4.49997pt too wide) detected at line 3014
 []\T1/qtm/m/n/10 1687
 []


Overfull \hbox (4.49997pt too wide) detected at line 3015
 []\T1/qtm/m/n/10 1688
 []


Overfull \hbox (4.49997pt too wide) detected at line 3016
 []\T1/qtm/m/n/10 1688
 []


Overfull \hbox (4.49997pt too wide) detected at line 3017
 []\T1/qtm/m/n/10 1688
 []


Overfull \hbox (4.49997pt too wide) detected at line 3018
 []\T1/qtm/m/n/10 1688
 []


Overfull \hbox (4.49997pt too wide) detected at line 3019
 []\T1/qtm/m/n/10 1688
 []


Overfull \hbox (4.49997pt too wide) detected at line 3020
 []\T1/qtm/m/n/10 1688
 []


Overfull \hbox (4.49997pt too wide) detected at line 3021
 []\T1/qtm/m/n/10 1689
 []


Overfull \hbox (4.49997pt too wide) detected at line 3022
 []\T1/qtm/m/n/10 1690
 []


Overfull \hbox (4.49997pt too wide) detected at line 3023
 []\T1/qtm/m/n/10 1690
 []

[43]
Overfull \hbox (4.49997pt too wide) detected at line 3024
 []\T1/qtm/m/n/10 1690
 []


Overfull \hbox (4.49997pt too wide) detected at line 3025
 []\T1/qtm/m/n/10 1690
 []


Overfull \hbox (4.49997pt too wide) detected at line 3026
 []\T1/qtm/m/n/10 1690
 []


Overfull \hbox (4.49997pt too wide) detected at line 3027
 []\T1/qtm/m/n/10 1690
 []


Overfull \hbox (4.49997pt too wide) detected at line 3028
 []\T1/qtm/m/n/10 1691
 []


Overfull \hbox (4.49997pt too wide) detected at line 3029
 []\T1/qtm/m/n/10 1691
 []


Overfull \hbox (4.49997pt too wide) detected at line 3030
 []\T1/qtm/m/n/10 1696
 []


Overfull \hbox (4.49997pt too wide) detected at line 3031
 []\T1/qtm/m/n/10 1697
 []


Overfull \hbox (4.49997pt too wide) detected at line 3032
 []\T1/qtm/m/n/10 1698
 []


Overfull \hbox (4.49997pt too wide) detected at line 3033
 []\T1/qtm/m/n/10 1698
 []


Overfull \hbox (4.49997pt too wide) detected at line 3034
 []\T1/qtm/m/n/10 1698
 []


Overfull \hbox (4.49997pt too wide) detected at line 3035
 []\T1/qtm/m/n/10 1699
 []


Overfull \hbox (4.49997pt too wide) detected at line 3036
 []\T1/qtm/m/n/10 1699
 []


Overfull \hbox (4.49997pt too wide) detected at line 3037
 []\T1/qtm/m/n/10 1699
 []


Overfull \hbox (4.49997pt too wide) detected at line 3038
 []\T1/qtm/m/n/10 1700
 []


Overfull \hbox (4.49997pt too wide) detected at line 3039
 []\T1/qtm/m/n/10 1701
 []


Overfull \hbox (4.49997pt too wide) detected at line 3040
 []\T1/qtm/m/n/10 1701
 []


Overfull \hbox (4.49997pt too wide) detected at line 3041
 []\T1/qtm/m/n/10 1701
 []


Overfull \hbox (4.49997pt too wide) detected at line 3042
 []\T1/qtm/m/n/10 1701
 []


Overfull \hbox (4.49997pt too wide) detected at line 3043
 []\T1/qtm/m/n/10 1701
 []


Overfull \hbox (4.49997pt too wide) detected at line 3044
 []\T1/qtm/m/n/10 1701
 []


Overfull \hbox (4.49997pt too wide) detected at line 3045
 []\T1/qtm/m/n/10 1701
 []


Overfull \hbox (4.49997pt too wide) detected at line 3046
 []\T1/qtm/m/n/10 1702
 []


Overfull \hbox (4.49997pt too wide) detected at line 3047
 []\T1/qtm/m/n/10 1702
 []


Overfull \hbox (4.49997pt too wide) detected at line 3048
 []\T1/qtm/m/n/10 1703
 []


Overfull \hbox (4.49997pt too wide) detected at line 3049
 []\T1/qtm/m/n/10 1703
 []


Overfull \hbox (4.49997pt too wide) detected at line 3050
 []\T1/qtm/m/n/10 1703
 []


Overfull \hbox (4.49997pt too wide) detected at line 3051
 []\T1/qtm/m/n/10 1703
 []


Overfull \hbox (4.49997pt too wide) detected at line 3052
 []\T1/qtm/m/n/10 1703
 []


Overfull \hbox (4.49997pt too wide) detected at line 3053
 []\T1/qtm/m/n/10 1703
 []


Overfull \hbox (4.49997pt too wide) detected at line 3054
 []\T1/qtm/m/n/10 1704
 []


Overfull \hbox (4.49997pt too wide) detected at line 3055
 []\T1/qtm/m/n/10 1704
 []


Overfull \hbox (4.49997pt too wide) detected at line 3056
 []\T1/qtm/m/n/10 1704
 []


Overfull \hbox (4.49997pt too wide) detected at line 3057
 []\T1/qtm/m/n/10 1704
 []


Overfull \hbox (4.49997pt too wide) detected at line 3058
 []\T1/qtm/m/n/10 1704
 []


Overfull \hbox (4.49997pt too wide) detected at line 3059
 []\T1/qtm/m/n/10 1705
 []


Overfull \hbox (4.49997pt too wide) detected at line 3060
 []\T1/qtm/m/n/10 1705
 []


Overfull \hbox (4.49997pt too wide) detected at line 3061
 []\T1/qtm/m/n/10 1705
 []


Overfull \hbox (4.49997pt too wide) detected at line 3062
 []\T1/qtm/m/n/10 1705
 []


Overfull \hbox (4.49997pt too wide) detected at line 3063
 []\T1/qtm/m/n/10 1705
 []


Overfull \hbox (4.49997pt too wide) detected at line 3064
 []\T1/qtm/m/n/10 1706
 []


Overfull \hbox (4.49997pt too wide) detected at line 3065
 []\T1/qtm/m/n/10 1706
 []


Overfull \hbox (4.49997pt too wide) detected at line 3066
 []\T1/qtm/m/n/10 1706
 []


Overfull \hbox (4.49997pt too wide) detected at line 3067
 []\T1/qtm/m/n/10 1706
 []


Overfull \hbox (4.49997pt too wide) detected at line 3068
 []\T1/qtm/m/n/10 1706
 []


Overfull \hbox (4.49997pt too wide) detected at line 3069
 []\T1/qtm/m/n/10 1706
 []


Overfull \hbox (4.49997pt too wide) detected at line 3070
 []\T1/qtm/m/n/10 1706
 []


Overfull \hbox (4.49997pt too wide) detected at line 3071
 []\T1/qtm/m/n/10 1707
 []


Overfull \hbox (4.49997pt too wide) detected at line 3072
 []\T1/qtm/m/n/10 1707
 []


Overfull \hbox (4.49997pt too wide) detected at line 3073
 []\T1/qtm/m/n/10 1707
 []


Overfull \hbox (4.49997pt too wide) detected at line 3074
 []\T1/qtm/m/n/10 1707
 []


Overfull \hbox (4.49997pt too wide) detected at line 3075
 []\T1/qtm/m/n/10 1707
 []


Overfull \hbox (4.49997pt too wide) detected at line 3076
 []\T1/qtm/m/n/10 1707
 []


Overfull \hbox (4.49997pt too wide) detected at line 3077
 []\T1/qtm/m/n/10 1707
 []

[44]
Overfull \hbox (4.49997pt too wide) detected at line 3078
 []\T1/qtm/m/n/10 1708
 []


Overfull \hbox (4.49997pt too wide) detected at line 3079
 []\T1/qtm/m/n/10 1708
 []


Overfull \hbox (4.49997pt too wide) detected at line 3080
 []\T1/qtm/m/n/10 1708
 []


Overfull \hbox (4.49997pt too wide) detected at line 3081
 []\T1/qtm/m/n/10 1708
 []


Overfull \hbox (4.49997pt too wide) detected at line 3082
 []\T1/qtm/m/n/10 1708
 []


Overfull \hbox (4.49997pt too wide) detected at line 3083
 []\T1/qtm/m/n/10 1708
 []


Overfull \hbox (4.49997pt too wide) detected at line 3084
 []\T1/qtm/m/n/10 1708
 []


Overfull \hbox (4.49997pt too wide) detected at line 3085
 []\T1/qtm/m/n/10 1709
 []


Overfull \hbox (4.49997pt too wide) detected at line 3086
 []\T1/qtm/m/n/10 1709
 []


Overfull \hbox (4.49997pt too wide) detected at line 3087
 []\T1/qtm/m/n/10 1709
 []


Overfull \hbox (4.49997pt too wide) detected at line 3088
 []\T1/qtm/m/n/10 1709
 []


Overfull \hbox (4.49997pt too wide) detected at line 3089
 []\T1/qtm/m/n/10 1709
 []


Overfull \hbox (4.49997pt too wide) detected at line 3090
 []\T1/qtm/m/n/10 1709
 []


Overfull \hbox (4.49997pt too wide) detected at line 3091
 []\T1/qtm/m/n/10 1709
 []


Overfull \hbox (4.49997pt too wide) detected at line 3092
 []\T1/qtm/m/n/10 1710
 []


Overfull \hbox (4.49997pt too wide) detected at line 3093
 []\T1/qtm/m/n/10 1710
 []


Overfull \hbox (4.49997pt too wide) detected at line 3094
 []\T1/qtm/m/n/10 1710
 []


Overfull \hbox (4.49997pt too wide) detected at line 3095
 []\T1/qtm/m/n/10 1710
 []


Overfull \hbox (4.49997pt too wide) detected at line 3096
 []\T1/qtm/m/n/10 1710
 []


Overfull \hbox (4.49997pt too wide) detected at line 3097
 []\T1/qtm/m/n/10 1710
 []


Overfull \hbox (4.49997pt too wide) detected at line 3098
 []\T1/qtm/m/n/10 1710
 []


Overfull \hbox (4.49997pt too wide) detected at line 3099
 []\T1/qtm/m/n/10 1710
 []


Overfull \hbox (4.49997pt too wide) detected at line 3100
 []\T1/qtm/m/n/10 1711
 []


Overfull \hbox (4.49997pt too wide) detected at line 3101
 []\T1/qtm/m/n/10 1711
 []


Overfull \hbox (4.49997pt too wide) detected at line 3102
 []\T1/qtm/m/n/10 1711
 []


Overfull \hbox (4.49997pt too wide) detected at line 3103
 []\T1/qtm/m/n/10 1711
 []


Overfull \hbox (4.49997pt too wide) detected at line 3104
 []\T1/qtm/m/n/10 1711
 []


Overfull \hbox (4.49997pt too wide) detected at line 3105
 []\T1/qtm/m/n/10 1712
 []


Overfull \hbox (4.49997pt too wide) detected at line 3106
 []\T1/qtm/m/n/10 1712
 []


Overfull \hbox (4.49997pt too wide) detected at line 3107
 []\T1/qtm/m/n/10 1712
 []


Overfull \hbox (4.49997pt too wide) detected at line 3108
 []\T1/qtm/m/n/10 1712
 []


Overfull \hbox (4.49997pt too wide) detected at line 3109
 []\T1/qtm/m/n/10 1712
 []


Overfull \hbox (4.49997pt too wide) detected at line 3110
 []\T1/qtm/m/n/10 1712
 []


Overfull \hbox (4.49997pt too wide) detected at line 3111
 []\T1/qtm/m/n/10 1712
 []


Overfull \hbox (4.49997pt too wide) detected at line 3112
 []\T1/qtm/m/n/10 1713
 []


Overfull \hbox (4.49997pt too wide) detected at line 3113
 []\T1/qtm/m/n/10 1713
 []


Overfull \hbox (4.49997pt too wide) detected at line 3114
 []\T1/qtm/m/n/10 1713
 []


Overfull \hbox (4.49997pt too wide) detected at line 3115
 []\T1/qtm/m/n/10 1713
 []


Overfull \hbox (4.49997pt too wide) detected at line 3116
 []\T1/qtm/m/n/10 1713
 []


Overfull \hbox (4.49997pt too wide) detected at line 3117
 []\T1/qtm/m/n/10 1715
 []


Overfull \hbox (4.49997pt too wide) detected at line 3118
 []\T1/qtm/m/n/10 1715
 []


Overfull \hbox (4.49997pt too wide) detected at line 3119
 []\T1/qtm/m/n/10 1715
 []


Overfull \hbox (4.49997pt too wide) detected at line 3120
 []\T1/qtm/m/n/10 1715
 []


Overfull \hbox (4.49997pt too wide) detected at line 3121
 []\T1/qtm/m/n/10 1715
 []


Overfull \hbox (4.49997pt too wide) detected at line 3122
 []\T1/qtm/m/n/10 1715
 []


Overfull \hbox (4.49997pt too wide) detected at line 3123
 []\T1/qtm/m/n/10 1715
 []


Overfull \hbox (4.49997pt too wide) detected at line 3124
 []\T1/qtm/m/n/10 1716
 []


Overfull \hbox (4.49997pt too wide) detected at line 3125
 []\T1/qtm/m/n/10 1716
 []


Overfull \hbox (4.49997pt too wide) detected at line 3126
 []\T1/qtm/m/n/10 1716
 []


Overfull \hbox (4.49997pt too wide) detected at line 3127
 []\T1/qtm/m/n/10 1716
 []


Overfull \hbox (4.49997pt too wide) detected at line 3128
 []\T1/qtm/m/n/10 1716
 []


Overfull \hbox (4.49997pt too wide) detected at line 3129
 []\T1/qtm/m/n/10 1716
 []


Overfull \hbox (4.49997pt too wide) detected at line 3130
 []\T1/qtm/m/n/10 1716
 []


Overfull \hbox (4.49997pt too wide) detected at line 3131
 []\T1/qtm/m/n/10 1716
 []

[45]
Overfull \hbox (4.49997pt too wide) detected at line 3132
 []\T1/qtm/m/n/10 1717
 []


Overfull \hbox (4.49997pt too wide) detected at line 3133
 []\T1/qtm/m/n/10 1717
 []


Overfull \hbox (4.49997pt too wide) detected at line 3134
 []\T1/qtm/m/n/10 1717
 []


Overfull \hbox (4.49997pt too wide) detected at line 3135
 []\T1/qtm/m/n/10 1717
 []


Overfull \hbox (4.49997pt too wide) detected at line 3136
 []\T1/qtm/m/n/10 1717
 []


Overfull \hbox (4.49997pt too wide) detected at line 3137
 []\T1/qtm/m/n/10 1717
 []


Overfull \hbox (4.49997pt too wide) detected at line 3138
 []\T1/qtm/m/n/10 1718
 []


Overfull \hbox (4.49997pt too wide) detected at line 3139
 []\T1/qtm/m/n/10 1718
 []


Overfull \hbox (4.49997pt too wide) detected at line 3140
 []\T1/qtm/m/n/10 1718
 []


Overfull \hbox (4.49997pt too wide) detected at line 3141
 []\T1/qtm/m/n/10 1718
 []


Overfull \hbox (4.49997pt too wide) detected at line 3142
 []\T1/qtm/m/n/10 1718
 []


Overfull \hbox (4.49997pt too wide) detected at line 3143
 []\T1/qtm/m/n/10 1718
 []


Overfull \hbox (4.49997pt too wide) detected at line 3144
 []\T1/qtm/m/n/10 1718
 []


Overfull \hbox (4.49997pt too wide) detected at line 3145
 []\T1/qtm/m/n/10 1718
 []


Overfull \hbox (4.49997pt too wide) detected at line 3146
 []\T1/qtm/m/n/10 1719
 []


Overfull \hbox (4.49997pt too wide) detected at line 3147
 []\T1/qtm/m/n/10 1719
 []


Overfull \hbox (4.49997pt too wide) detected at line 3148
 []\T1/qtm/m/n/10 1719
 []


Overfull \hbox (4.49997pt too wide) detected at line 3149
 []\T1/qtm/m/n/10 1719
 []


Overfull \hbox (4.49997pt too wide) detected at line 3150
 []\T1/qtm/m/n/10 1720
 []


Overfull \hbox (4.49997pt too wide) detected at line 3151
 []\T1/qtm/m/n/10 1720
 []


Overfull \hbox (4.49997pt too wide) detected at line 3152
 []\T1/qtm/m/n/10 1720
 []


Overfull \hbox (4.49997pt too wide) detected at line 3153
 []\T1/qtm/m/n/10 1720
 []


Overfull \hbox (4.49997pt too wide) detected at line 3154
 []\T1/qtm/m/n/10 1720
 []


Overfull \hbox (4.49997pt too wide) detected at line 3155
 []\T1/qtm/m/n/10 1720
 []


Overfull \hbox (4.49997pt too wide) detected at line 3156
 []\T1/qtm/m/n/10 1720
 []


Overfull \hbox (4.49997pt too wide) detected at line 3157
 []\T1/qtm/m/n/10 1721
 []


Overfull \hbox (4.49997pt too wide) detected at line 3158
 []\T1/qtm/m/n/10 1721
 []


Overfull \hbox (4.49997pt too wide) detected at line 3159
 []\T1/qtm/m/n/10 1721
 []


Overfull \hbox (4.49997pt too wide) detected at line 3160
 []\T1/qtm/m/n/10 1721
 []


Overfull \hbox (4.49997pt too wide) detected at line 3161
 []\T1/qtm/m/n/10 1721
 []


Overfull \hbox (4.49997pt too wide) detected at line 3162
 []\T1/qtm/m/n/10 1721
 []


Overfull \hbox (4.49997pt too wide) detected at line 3163
 []\T1/qtm/m/n/10 1722
 []


Overfull \hbox (4.49997pt too wide) detected at line 3164
 []\T1/qtm/m/n/10 1722
 []


Overfull \hbox (4.49997pt too wide) detected at line 3165
 []\T1/qtm/m/n/10 1722
 []


Overfull \hbox (4.49997pt too wide) detected at line 3166
 []\T1/qtm/m/n/10 1723
 []


Overfull \hbox (4.49997pt too wide) detected at line 3167
 []\T1/qtm/m/n/10 1723
 []


Overfull \hbox (4.49997pt too wide) detected at line 3168
 []\T1/qtm/m/n/10 1723
 []


Overfull \hbox (4.49997pt too wide) detected at line 3169
 []\T1/qtm/m/n/10 1723
 []


Overfull \hbox (4.49997pt too wide) detected at line 3170
 []\T1/qtm/m/n/10 1723
 []


Overfull \hbox (4.49997pt too wide) detected at line 3171
 []\T1/qtm/m/n/10 1723
 []


Overfull \hbox (4.49997pt too wide) detected at line 3172
 []\T1/qtm/m/n/10 1724
 []


Overfull \hbox (4.49997pt too wide) detected at line 3173
 []\T1/qtm/m/n/10 1724
 []


Overfull \hbox (4.49997pt too wide) detected at line 3174
 []\T1/qtm/m/n/10 1724
 []


Overfull \hbox (4.49997pt too wide) detected at line 3175
 []\T1/qtm/m/n/10 1725
 []


Overfull \hbox (4.49997pt too wide) detected at line 3176
 []\T1/qtm/m/n/10 1725
 []


Overfull \hbox (4.49997pt too wide) detected at line 3177
 []\T1/qtm/m/n/10 1725
 []


Overfull \hbox (4.49997pt too wide) detected at line 3178
 []\T1/qtm/m/n/10 1725
 []


Overfull \hbox (4.49997pt too wide) detected at line 3179
 []\T1/qtm/m/n/10 1725
 []


Overfull \hbox (4.49997pt too wide) detected at line 3180
 []\T1/qtm/m/n/10 1725
 []


Overfull \hbox (4.49997pt too wide) detected at line 3181
 []\T1/qtm/m/n/10 1725
 []


Overfull \hbox (4.49997pt too wide) detected at line 3182
 []\T1/qtm/m/n/10 1726
 []


Overfull \hbox (4.49997pt too wide) detected at line 3183
 []\T1/qtm/m/n/10 1726
 []


Overfull \hbox (4.49997pt too wide) detected at line 3184
 []\T1/qtm/m/n/10 1726
 []


Overfull \hbox (4.49997pt too wide) detected at line 3185
 []\T1/qtm/m/n/10 1726
 []

[46]
Overfull \hbox (4.49997pt too wide) detected at line 3186
 []\T1/qtm/m/n/10 1726
 []


Overfull \hbox (4.49997pt too wide) detected at line 3187
 []\T1/qtm/m/n/10 1726
 []


Overfull \hbox (4.49997pt too wide) detected at line 3188
 []\T1/qtm/m/n/10 1726
 []


Overfull \hbox (4.49997pt too wide) detected at line 3189
 []\T1/qtm/m/n/10 1727
 []


Overfull \hbox (4.49997pt too wide) detected at line 3190
 []\T1/qtm/m/n/10 1727
 []


Overfull \hbox (4.49997pt too wide) detected at line 3191
 []\T1/qtm/m/n/10 1727
 []


Overfull \hbox (4.49997pt too wide) detected at line 3192
 []\T1/qtm/m/n/10 1727
 []


Overfull \hbox (4.49997pt too wide) detected at line 3193
 []\T1/qtm/m/n/10 1727
 []


Overfull \hbox (4.49997pt too wide) detected at line 3194
 []\T1/qtm/m/n/10 1727
 []


Overfull \hbox (4.49997pt too wide) detected at line 3195
 []\T1/qtm/m/n/10 1728
 []


Overfull \hbox (4.49997pt too wide) detected at line 3196
 []\T1/qtm/m/n/10 1729
 []


Overfull \hbox (4.49997pt too wide) detected at line 3197
 []\T1/qtm/m/n/10 1729
 []


Overfull \hbox (4.49997pt too wide) detected at line 3198
 []\T1/qtm/m/n/10 1729
 []


Overfull \hbox (4.49997pt too wide) detected at line 3199
 []\T1/qtm/m/n/10 1729
 []


Overfull \hbox (4.49997pt too wide) detected at line 3200
 []\T1/qtm/m/n/10 1729
 []


Overfull \hbox (4.49997pt too wide) detected at line 3201
 []\T1/qtm/m/n/10 1729
 []


Overfull \hbox (4.49997pt too wide) detected at line 3202
 []\T1/qtm/m/n/10 1729
 []


Overfull \hbox (4.49997pt too wide) detected at line 3203
 []\T1/qtm/m/n/10 1730
 []


Overfull \hbox (4.49997pt too wide) detected at line 3204
 []\T1/qtm/m/n/10 1731
 []


Overfull \hbox (4.49997pt too wide) detected at line 3205
 []\T1/qtm/m/n/10 1731
 []


Overfull \hbox (4.49997pt too wide) detected at line 3206
 []\T1/qtm/m/n/10 1731
 []


Overfull \hbox (4.49997pt too wide) detected at line 3207
 []\T1/qtm/m/n/10 1731
 []


Overfull \hbox (4.49997pt too wide) detected at line 3208
 []\T1/qtm/m/n/10 1731
 []


Overfull \hbox (4.49997pt too wide) detected at line 3209
 []\T1/qtm/m/n/10 1732
 []


Overfull \hbox (4.49997pt too wide) detected at line 3210
 []\T1/qtm/m/n/10 1732
 []


Overfull \hbox (4.49997pt too wide) detected at line 3211
 []\T1/qtm/m/n/10 1732
 []


Overfull \hbox (4.49997pt too wide) detected at line 3212
 []\T1/qtm/m/n/10 1732
 []


Overfull \hbox (4.49997pt too wide) detected at line 3213
 []\T1/qtm/m/n/10 1732
 []


Overfull \hbox (4.49997pt too wide) detected at line 3214
 []\T1/qtm/m/n/10 1732
 []


Overfull \hbox (4.49997pt too wide) detected at line 3215
 []\T1/qtm/m/n/10 1733
 []


Overfull \hbox (4.49997pt too wide) detected at line 3216
 []\T1/qtm/m/n/10 1733
 []


Overfull \hbox (4.49997pt too wide) detected at line 3217
 []\T1/qtm/m/n/10 1733
 []


Overfull \hbox (4.49997pt too wide) detected at line 3218
 []\T1/qtm/m/n/10 1734
 []


Overfull \hbox (4.49997pt too wide) detected at line 3219
 []\T1/qtm/m/n/10 1735
 []


Overfull \hbox (4.49997pt too wide) detected at line 3220
 []\T1/qtm/m/n/10 1735
 []


Overfull \hbox (4.49997pt too wide) detected at line 3221
 []\T1/qtm/m/n/10 1735
 []


Overfull \hbox (4.49997pt too wide) detected at line 3222
 []\T1/qtm/m/n/10 1735
 []


Overfull \hbox (4.49997pt too wide) detected at line 3223
 []\T1/qtm/m/n/10 1735
 []


Overfull \hbox (4.49997pt too wide) detected at line 3224
 []\T1/qtm/m/n/10 1736
 []


Overfull \hbox (4.49997pt too wide) detected at line 3225
 []\T1/qtm/m/n/10 1736
 []


Overfull \hbox (4.49997pt too wide) detected at line 3226
 []\T1/qtm/m/n/10 1736
 []


Overfull \hbox (4.49997pt too wide) detected at line 3227
 []\T1/qtm/m/n/10 1736
 []


Overfull \hbox (4.49997pt too wide) detected at line 3228
 []\T1/qtm/m/n/10 1736
 []


Overfull \hbox (4.49997pt too wide) detected at line 3229
 []\T1/qtm/m/n/10 1737
 []


Overfull \hbox (4.49997pt too wide) detected at line 3230
 []\T1/qtm/m/n/10 1737
 []


Overfull \hbox (4.49997pt too wide) detected at line 3231
 []\T1/qtm/m/n/10 1737
 []


Overfull \hbox (4.49997pt too wide) detected at line 3232
 []\T1/qtm/m/n/10 1737
 []


Overfull \hbox (4.49997pt too wide) detected at line 3233
 []\T1/qtm/m/n/10 1737
 []


Overfull \hbox (4.49997pt too wide) detected at line 3234
 []\T1/qtm/m/n/10 1738
 []


Overfull \hbox (4.49997pt too wide) detected at line 3235
 []\T1/qtm/m/n/10 1739
 []


Overfull \hbox (4.49997pt too wide) detected at line 3236
 []\T1/qtm/m/n/10 1739
 []


Overfull \hbox (4.49997pt too wide) detected at line 3237
 []\T1/qtm/m/n/10 1739
 []


Overfull \hbox (4.49997pt too wide) detected at line 3238
 []\T1/qtm/m/n/10 1739
 []


Overfull \hbox (4.49997pt too wide) detected at line 3239
 []\T1/qtm/m/n/10 1739
 []

[47]
Overfull \hbox (4.49997pt too wide) detected at line 3240
 []\T1/qtm/m/n/10 1739
 []


Overfull \hbox (4.49997pt too wide) detected at line 3241
 []\T1/qtm/m/n/10 1739
 []


Overfull \hbox (4.49997pt too wide) detected at line 3242
 []\T1/qtm/m/n/10 1740
 []


Overfull \hbox (4.49997pt too wide) detected at line 3243
 []\T1/qtm/m/n/10 1740
 []


Overfull \hbox (4.49997pt too wide) detected at line 3244
 []\T1/qtm/m/n/10 1740
 []


Overfull \hbox (4.49997pt too wide) detected at line 3245
 []\T1/qtm/m/n/10 1740
 []


Overfull \hbox (4.49997pt too wide) detected at line 3246
 []\T1/qtm/m/n/10 1740
 []


Overfull \hbox (4.49997pt too wide) detected at line 3247
 []\T1/qtm/m/n/10 1740
 []


Overfull \hbox (4.49997pt too wide) detected at line 3248
 []\T1/qtm/m/n/10 1740
 []


Overfull \hbox (4.49997pt too wide) detected at line 3249
 []\T1/qtm/m/n/10 1741
 []


Overfull \hbox (4.49997pt too wide) detected at line 3250
 []\T1/qtm/m/n/10 1741
 []


Overfull \hbox (4.49997pt too wide) detected at line 3251
 []\T1/qtm/m/n/10 1742
 []


Overfull \hbox (4.49997pt too wide) detected at line 3252
 []\T1/qtm/m/n/10 1743
 []


Overfull \hbox (4.49997pt too wide) detected at line 3253
 []\T1/qtm/m/n/10 1743
 []


Overfull \hbox (4.49997pt too wide) detected at line 3254
 []\T1/qtm/m/n/10 1743
 []


Overfull \hbox (4.49997pt too wide) detected at line 3255
 []\T1/qtm/m/n/10 1743
 []


Overfull \hbox (4.49997pt too wide) detected at line 3256
 []\T1/qtm/m/n/10 1744
 []


Overfull \hbox (4.49997pt too wide) detected at line 3257
 []\T1/qtm/m/n/10 1744
 []


Overfull \hbox (4.49997pt too wide) detected at line 3258
 []\T1/qtm/m/n/10 1745
 []


Overfull \hbox (4.49997pt too wide) detected at line 3259
 []\T1/qtm/m/n/10 1745
 []


Overfull \hbox (4.49997pt too wide) detected at line 3260
 []\T1/qtm/m/n/10 1745
 []


Overfull \hbox (4.49997pt too wide) detected at line 3261
 []\T1/qtm/m/n/10 1745
 []


Overfull \hbox (4.49997pt too wide) detected at line 3262
 []\T1/qtm/m/n/10 1746
 []


Overfull \hbox (4.49997pt too wide) detected at line 3263
 []\T1/qtm/m/n/10 1746
 []


Overfull \hbox (4.49997pt too wide) detected at line 3264
 []\T1/qtm/m/n/10 1746
 []


Overfull \hbox (4.49997pt too wide) detected at line 3265
 []\T1/qtm/m/n/10 1746
 []


Overfull \hbox (4.49997pt too wide) detected at line 3266
 []\T1/qtm/m/n/10 1747
 []


Overfull \hbox (4.49997pt too wide) detected at line 3267
 []\T1/qtm/m/n/10 1747
 []


Overfull \hbox (4.49997pt too wide) detected at line 3268
 []\T1/qtm/m/n/10 1747
 []


Overfull \hbox (4.49997pt too wide) detected at line 3269
 []\T1/qtm/m/n/10 1747
 []


Overfull \hbox (4.49997pt too wide) detected at line 3270
 []\T1/qtm/m/n/10 1747
 []


Overfull \hbox (4.49997pt too wide) detected at line 3271
 []\T1/qtm/m/n/10 1748
 []


Overfull \hbox (4.49997pt too wide) detected at line 3272
 []\T1/qtm/m/n/10 1748
 []


Overfull \hbox (4.49997pt too wide) detected at line 3273
 []\T1/qtm/m/n/10 1749
 []


Overfull \hbox (4.49997pt too wide) detected at line 3274
 []\T1/qtm/m/n/10 1749
 []


Overfull \hbox (4.49997pt too wide) detected at line 3275
 []\T1/qtm/m/n/10 1749
 []


Overfull \hbox (4.49997pt too wide) detected at line 3276
 []\T1/qtm/m/n/10 1749
 []


Overfull \hbox (4.49997pt too wide) detected at line 3277
 []\T1/qtm/m/n/10 1749
 []


Overfull \hbox (4.49997pt too wide) detected at line 3278
 []\T1/qtm/m/n/10 1749
 []


Overfull \hbox (4.49997pt too wide) detected at line 3279
 []\T1/qtm/m/n/10 1750
 []


Overfull \hbox (4.49997pt too wide) detected at line 3280
 []\T1/qtm/m/n/10 1750
 []


Overfull \hbox (4.49997pt too wide) detected at line 3281
 []\T1/qtm/m/n/10 1751
 []


Overfull \hbox (4.49997pt too wide) detected at line 3282
 []\T1/qtm/m/n/10 1751
 []


Overfull \hbox (4.49997pt too wide) detected at line 3283
 []\T1/qtm/m/n/10 1752
 []


Overfull \hbox (4.49997pt too wide) detected at line 3284
 []\T1/qtm/m/n/10 1752
 []


Overfull \hbox (4.49997pt too wide) detected at line 3285
 []\T1/qtm/m/n/10 1752
 []


Overfull \hbox (4.49997pt too wide) detected at line 3286
 []\T1/qtm/m/n/10 1752
 []


Overfull \hbox (4.49997pt too wide) detected at line 3287
 []\T1/qtm/m/n/10 1752
 []


Overfull \hbox (4.49997pt too wide) detected at line 3288
 []\T1/qtm/m/n/10 1753
 []


Overfull \hbox (4.49997pt too wide) detected at line 3289
 []\T1/qtm/m/n/10 1753
 []


Overfull \hbox (4.49997pt too wide) detected at line 3290
 []\T1/qtm/m/n/10 1757
 []


Overfull \hbox (4.49997pt too wide) detected at line 3291
 []\T1/qtm/m/n/10 1759
 []


Overfull \hbox (4.49997pt too wide) detected at line 3292
 []\T1/qtm/m/n/10 1759
 []


Overfull \hbox (4.49997pt too wide) detected at line 3293
 []\T1/qtm/m/n/10 1760
 []

[48]
Overfull \hbox (4.49997pt too wide) detected at line 3294
 []\T1/qtm/m/n/10 1760
 []


Overfull \hbox (4.49997pt too wide) detected at line 3295
 []\T1/qtm/m/n/10 1760
 []


Overfull \hbox (4.49997pt too wide) detected at line 3296
 []\T1/qtm/m/n/10 1760
 []


Overfull \hbox (4.49997pt too wide) detected at line 3297
 []\T1/qtm/m/n/10 1760
 []


Overfull \hbox (4.49997pt too wide) detected at line 3298
 []\T1/qtm/m/n/10 1761
 []


Overfull \hbox (4.49997pt too wide) detected at line 3299
 []\T1/qtm/m/n/10 1761
 []


Overfull \hbox (4.49997pt too wide) detected at line 3300
 []\T1/qtm/m/n/10 1761
 []


Overfull \hbox (4.49997pt too wide) detected at line 3301
 []\T1/qtm/m/n/10 1761
 []


Overfull \hbox (4.49997pt too wide) detected at line 3302
 []\T1/qtm/m/n/10 1761
 []


Overfull \hbox (4.49997pt too wide) detected at line 3303
 []\T1/qtm/m/n/10 1761
 []


Overfull \hbox (4.49997pt too wide) detected at line 3304
 []\T1/qtm/m/n/10 1761
 []


Overfull \hbox (4.49997pt too wide) detected at line 3305
 []\T1/qtm/m/n/10 1762
 []


Overfull \hbox (4.49997pt too wide) detected at line 3306
 []\T1/qtm/m/n/10 1762
 []


Overfull \hbox (4.49997pt too wide) detected at line 3307
 []\T1/qtm/m/n/10 1762
 []


Overfull \hbox (4.49997pt too wide) detected at line 3308
 []\T1/qtm/m/n/10 1763
 []


Overfull \hbox (4.49997pt too wide) detected at line 3309
 []\T1/qtm/m/n/10 1763
 []


Overfull \hbox (4.49997pt too wide) detected at line 3310
 []\T1/qtm/m/n/10 1763
 []


Overfull \hbox (4.49997pt too wide) detected at line 3311
 []\T1/qtm/m/n/10 1763
 []


Overfull \hbox (4.49997pt too wide) detected at line 3312
 []\T1/qtm/m/n/10 1763
 []


Overfull \hbox (4.49997pt too wide) detected at line 3313
 []\T1/qtm/m/n/10 1764
 []


Overfull \hbox (4.49997pt too wide) detected at line 3314
 []\T1/qtm/m/n/10 1764
 []


Overfull \hbox (4.49997pt too wide) detected at line 3315
 []\T1/qtm/m/n/10 1765
 []


Overfull \hbox (4.49997pt too wide) detected at line 3316
 []\T1/qtm/m/n/10 1765
 []


Overfull \hbox (4.49997pt too wide) detected at line 3317
 []\T1/qtm/m/n/10 1765
 []


Overfull \hbox (4.49997pt too wide) detected at line 3318
 []\T1/qtm/m/n/10 1765
 []


Overfull \hbox (4.49997pt too wide) detected at line 3319
 []\T1/qtm/m/n/10 1765
 []


Overfull \hbox (4.49997pt too wide) detected at line 3320
 []\T1/qtm/m/n/10 1765
 []


Overfull \hbox (4.49997pt too wide) detected at line 3321
 []\T1/qtm/m/n/10 1765
 []


Overfull \hbox (4.49997pt too wide) detected at line 3322
 []\T1/qtm/m/n/10 1766
 []


Overfull \hbox (4.49997pt too wide) detected at line 3323
 []\T1/qtm/m/n/10 1767
 []


Overfull \hbox (4.49997pt too wide) detected at line 3324
 []\T1/qtm/m/n/10 1768
 []


Overfull \hbox (4.49997pt too wide) detected at line 3325
 []\T1/qtm/m/n/10 1768
 []


Overfull \hbox (4.49997pt too wide) detected at line 3326
 []\T1/qtm/m/n/10 1768
 []


Overfull \hbox (4.49997pt too wide) detected at line 3327
 []\T1/qtm/m/n/10 1768
 []


Overfull \hbox (4.49997pt too wide) detected at line 3328
 []\T1/qtm/m/n/10 1768
 []


Overfull \hbox (4.49997pt too wide) detected at line 3329
 []\T1/qtm/m/n/10 1769
 []


Overfull \hbox (4.49997pt too wide) detected at line 3330
 []\T1/qtm/m/n/10 1770
 []


Overfull \hbox (4.49997pt too wide) detected at line 3331
 []\T1/qtm/m/n/10 1771
 []


Overfull \hbox (4.49997pt too wide) detected at line 3332
 []\T1/qtm/m/n/10 1772
 []


Overfull \hbox (4.49997pt too wide) detected at line 3333
 []\T1/qtm/m/n/10 1772
 []


Overfull \hbox (4.49997pt too wide) detected at line 3334
 []\T1/qtm/m/n/10 1772
 []


Overfull \hbox (4.49997pt too wide) detected at line 3335
 []\T1/qtm/m/n/10 1772
 []


Overfull \hbox (4.49997pt too wide) detected at line 3336
 []\T1/qtm/m/n/10 1772
 []


Overfull \hbox (4.49997pt too wide) detected at line 3337
 []\T1/qtm/m/n/10 1773
 []


Overfull \hbox (4.49997pt too wide) detected at line 3338
 []\T1/qtm/m/n/10 1773
 []


Overfull \hbox (4.49997pt too wide) detected at line 3339
 []\T1/qtm/m/n/10 1775
 []


Overfull \hbox (4.49997pt too wide) detected at line 3340
 []\T1/qtm/m/n/10 1775
 []


Overfull \hbox (4.49997pt too wide) detected at line 3341
 []\T1/qtm/m/n/10 1775
 []


Overfull \hbox (4.49997pt too wide) detected at line 3342
 []\T1/qtm/m/n/10 1775
 []


Overfull \hbox (4.49997pt too wide) detected at line 3343
 []\T1/qtm/m/n/10 1775
 []


Overfull \hbox (4.49997pt too wide) detected at line 3344
 []\T1/qtm/m/n/10 1775
 []


Overfull \hbox (4.49997pt too wide) detected at line 3345
 []\T1/qtm/m/n/10 1776
 []


Overfull \hbox (4.49997pt too wide) detected at line 3346
 []\T1/qtm/m/n/10 1776
 []


Overfull \hbox (4.49997pt too wide) detected at line 3347
 []\T1/qtm/m/n/10 1778
 []

[49]
Overfull \hbox (4.49997pt too wide) detected at line 3348
 []\T1/qtm/m/n/10 1778
 []


Overfull \hbox (4.49997pt too wide) detected at line 3349
 []\T1/qtm/m/n/10 1778
 []


Overfull \hbox (4.49997pt too wide) detected at line 3350
 []\T1/qtm/m/n/10 1778
 []


Overfull \hbox (4.49997pt too wide) detected at line 3351
 []\T1/qtm/m/n/10 1779
 []


Overfull \hbox (4.49997pt too wide) detected at line 3352
 []\T1/qtm/m/n/10 1779
 []


Overfull \hbox (4.49997pt too wide) detected at line 3353
 []\T1/qtm/m/n/10 1779
 []


Overfull \hbox (4.49997pt too wide) detected at line 3354
 []\T1/qtm/m/n/10 1779
 []


Overfull \hbox (4.49997pt too wide) detected at line 3355
 []\T1/qtm/m/n/10 1782
 []


Overfull \hbox (4.49997pt too wide) detected at line 3356
 []\T1/qtm/m/n/10 1783
 []


Overfull \hbox (4.49997pt too wide) detected at line 3357
 []\T1/qtm/m/n/10 1783
 []


Overfull \hbox (4.49997pt too wide) detected at line 3358
 []\T1/qtm/m/n/10 1783
 []


Overfull \hbox (4.49997pt too wide) detected at line 3359
 []\T1/qtm/m/n/10 1783
 []


Overfull \hbox (4.49997pt too wide) detected at line 3360
 []\T1/qtm/m/n/10 1783
 []


Overfull \hbox (4.49997pt too wide) detected at line 3361
 []\T1/qtm/m/n/10 1783
 []


Overfull \hbox (4.49997pt too wide) detected at line 3362
 []\T1/qtm/m/n/10 1784
 []


Overfull \hbox (4.49997pt too wide) detected at line 3363
 []\T1/qtm/m/n/10 1785
 []


Overfull \hbox (4.49997pt too wide) detected at line 3364
 []\T1/qtm/m/n/10 1785
 []


Overfull \hbox (4.49997pt too wide) detected at line 3365
 []\T1/qtm/m/n/10 1785
 []


Overfull \hbox (4.49997pt too wide) detected at line 3366
 []\T1/qtm/m/n/10 1785
 []


Overfull \hbox (4.49997pt too wide) detected at line 3367
 []\T1/qtm/m/n/10 1785
 []


Overfull \hbox (4.49997pt too wide) detected at line 3368
 []\T1/qtm/m/n/10 1785
 []


Overfull \hbox (4.49997pt too wide) detected at line 3369
 []\T1/qtm/m/n/10 1785
 []


Overfull \hbox (4.49997pt too wide) detected at line 3370
 []\T1/qtm/m/n/10 1786
 []


Overfull \hbox (4.49997pt too wide) detected at line 3371
 []\T1/qtm/m/n/10 1787
 []


Overfull \hbox (4.49997pt too wide) detected at line 3372
 []\T1/qtm/m/n/10 1787
 []


Overfull \hbox (4.49997pt too wide) detected at line 3373
 []\T1/qtm/m/n/10 1787
 []


Overfull \hbox (4.49997pt too wide) detected at line 3374
 []\T1/qtm/m/n/10 1787
 []


Overfull \hbox (4.49997pt too wide) detected at line 3375
 []\T1/qtm/m/n/10 1787
 []


Overfull \hbox (4.49997pt too wide) detected at line 3376
 []\T1/qtm/m/n/10 1787
 []


Overfull \hbox (4.49997pt too wide) detected at line 3377
 []\T1/qtm/m/n/10 1788
 []


Overfull \hbox (4.49997pt too wide) detected at line 3378
 []\T1/qtm/m/n/10 1788
 []


Overfull \hbox (4.49997pt too wide) detected at line 3379
 []\T1/qtm/m/n/10 1791
 []


Overfull \hbox (4.49997pt too wide) detected at line 3380
 []\T1/qtm/m/n/10 1792
 []


Overfull \hbox (4.49997pt too wide) detected at line 3381
 []\T1/qtm/m/n/10 1792
 []


Overfull \hbox (4.49997pt too wide) detected at line 3382
 []\T1/qtm/m/n/10 1792
 []


Overfull \hbox (4.49997pt too wide) detected at line 3383
 []\T1/qtm/m/n/10 1792
 []


Overfull \hbox (4.49997pt too wide) detected at line 3384
 []\T1/qtm/m/n/10 1792
 []


Overfull \hbox (4.49997pt too wide) detected at line 3385
 []\T1/qtm/m/n/10 1792
 []


Overfull \hbox (4.49997pt too wide) detected at line 3386
 []\T1/qtm/m/n/10 1793
 []


Overfull \hbox (4.49997pt too wide) detected at line 3387
 []\T1/qtm/m/n/10 1793
 []


Overfull \hbox (4.49997pt too wide) detected at line 3388
 []\T1/qtm/m/n/10 1793
 []


Overfull \hbox (4.49997pt too wide) detected at line 3389
 []\T1/qtm/m/n/10 1793
 []


Overfull \hbox (4.49997pt too wide) detected at line 3390
 []\T1/qtm/m/n/10 1793
 []


Overfull \hbox (4.49997pt too wide) detected at line 3391
 []\T1/qtm/m/n/10 1793
 []


Overfull \hbox (4.49997pt too wide) detected at line 3392
 []\T1/qtm/m/n/10 1794
 []


Overfull \hbox (4.49997pt too wide) detected at line 3393
 []\T1/qtm/m/n/10 1795
 []


Overfull \hbox (4.49997pt too wide) detected at line 3394
 []\T1/qtm/m/n/10 1795
 []


Overfull \hbox (4.49997pt too wide) detected at line 3395
 []\T1/qtm/m/n/10 1795
 []


Overfull \hbox (4.49997pt too wide) detected at line 3396
 []\T1/qtm/m/n/10 1795
 []


Overfull \hbox (4.49997pt too wide) detected at line 3397
 []\T1/qtm/m/n/10 1795
 []


Overfull \hbox (4.49997pt too wide) detected at line 3398
 []\T1/qtm/m/n/10 1795
 []


Overfull \hbox (4.49997pt too wide) detected at line 3399
 []\T1/qtm/m/n/10 1796
 []


Overfull \hbox (4.49997pt too wide) detected at line 3400
 []\T1/qtm/m/n/10 1797
 []


Overfull \hbox (4.49997pt too wide) detected at line 3401
 []\T1/qtm/m/n/10 1797
 []

[50]
Overfull \hbox (4.49997pt too wide) detected at line 3402
 []\T1/qtm/m/n/10 1798
 []


Overfull \hbox (4.49997pt too wide) detected at line 3403
 []\T1/qtm/m/n/10 1799
 []


Overfull \hbox (4.49997pt too wide) detected at line 3404
 []\T1/qtm/m/n/10 1799
 []


Overfull \hbox (4.49997pt too wide) detected at line 3405
 []\T1/qtm/m/n/10 1799
 []


Overfull \hbox (4.49997pt too wide) detected at line 3406
 []\T1/qtm/m/n/10 1799
 []


Overfull \hbox (4.49997pt too wide) detected at line 3407
 []\T1/qtm/m/n/10 1799
 []


Overfull \hbox (4.49997pt too wide) detected at line 3408
 []\T1/qtm/m/n/10 1799
 []


Overfull \hbox (4.49997pt too wide) detected at line 3409
 []\T1/qtm/m/n/10 1799
 []


Overfull \hbox (4.49997pt too wide) detected at line 3410
 []\T1/qtm/m/n/10 1799
 []


Overfull \hbox (4.49997pt too wide) detected at line 3411
 []\T1/qtm/m/n/10 1800
 []


Overfull \hbox (4.49997pt too wide) detected at line 3412
 []\T1/qtm/m/n/10 1800
 []


Overfull \hbox (4.49997pt too wide) detected at line 3413
 []\T1/qtm/m/n/10 1802
 []


Overfull \hbox (4.49997pt too wide) detected at line 3414
 []\T1/qtm/m/n/10 1802
 []


Overfull \hbox (4.49997pt too wide) detected at line 3415
 []\T1/qtm/m/n/10 1802
 []


Overfull \hbox (4.49997pt too wide) detected at line 3416
 []\T1/qtm/m/n/10 1802
 []


Overfull \hbox (4.49997pt too wide) detected at line 3417
 []\T1/qtm/m/n/10 1803
 []


Overfull \hbox (4.49997pt too wide) detected at line 3418
 []\T1/qtm/m/n/10 1803
 []


Overfull \hbox (4.49997pt too wide) detected at line 3419
 []\T1/qtm/m/n/10 1803
 []


Overfull \hbox (4.49997pt too wide) detected at line 3420
 []\T1/qtm/m/n/10 1803
 []


Overfull \hbox (4.49997pt too wide) detected at line 3421
 []\T1/qtm/m/n/10 1804
 []


Overfull \hbox (4.49997pt too wide) detected at line 3422
 []\T1/qtm/m/n/10 1804
 []


Overfull \hbox (4.49997pt too wide) detected at line 3423
 []\T1/qtm/m/n/10 1804
 []


Overfull \hbox (4.49997pt too wide) detected at line 3424
 []\T1/qtm/m/n/10 1804
 []


Overfull \hbox (4.49997pt too wide) detected at line 3425
 []\T1/qtm/m/n/10 1805
 []


Overfull \hbox (4.49997pt too wide) detected at line 3426
 []\T1/qtm/m/n/10 1805
 []


Overfull \hbox (4.49997pt too wide) detected at line 3427
 []\T1/qtm/m/n/10 1805
 []


Overfull \hbox (4.49997pt too wide) detected at line 3428
 []\T1/qtm/m/n/10 1805
 []


Overfull \hbox (4.49997pt too wide) detected at line 3429
 []\T1/qtm/m/n/10 1806
 []


Overfull \hbox (4.49997pt too wide) detected at line 3430
 []\T1/qtm/m/n/10 1806
 []


Overfull \hbox (4.49997pt too wide) detected at line 3431
 []\T1/qtm/m/n/10 1807
 []


Overfull \hbox (4.49997pt too wide) detected at line 3432
 []\T1/qtm/m/n/10 1807
 []


Overfull \hbox (4.49997pt too wide) detected at line 3433
 []\T1/qtm/m/n/10 1807
 []


Overfull \hbox (4.49997pt too wide) detected at line 3434
 []\T1/qtm/m/n/10 1807
 []


Overfull \hbox (4.49997pt too wide) detected at line 3435
 []\T1/qtm/m/n/10 1807
 []


Overfull \hbox (4.49997pt too wide) detected at line 3436
 []\T1/qtm/m/n/10 1807
 []


Overfull \hbox (4.49997pt too wide) detected at line 3437
 []\T1/qtm/m/n/10 1808
 []


Overfull \hbox (4.49997pt too wide) detected at line 3438
 []\T1/qtm/m/n/10 1808
 []


Overfull \hbox (4.49997pt too wide) detected at line 3439
 []\T1/qtm/m/n/10 1808
 []


Overfull \hbox (4.49997pt too wide) detected at line 3440
 []\T1/qtm/m/n/10 1808
 []


Overfull \hbox (4.49997pt too wide) detected at line 3441
 []\T1/qtm/m/n/10 1808
 []


Overfull \hbox (4.49997pt too wide) detected at line 3442
 []\T1/qtm/m/n/10 1808
 []


Overfull \hbox (4.49997pt too wide) detected at line 3443
 []\T1/qtm/m/n/10 1809
 []


Overfull \hbox (4.49997pt too wide) detected at line 3444
 []\T1/qtm/m/n/10 1809
 []


Overfull \hbox (4.49997pt too wide) detected at line 3445
 []\T1/qtm/m/n/10 1810
 []


Overfull \hbox (4.49997pt too wide) detected at line 3446
 []\T1/qtm/m/n/10 1810
 []


Overfull \hbox (4.49997pt too wide) detected at line 3447
 []\T1/qtm/m/n/10 1810
 []


Overfull \hbox (4.49997pt too wide) detected at line 3448
 []\T1/qtm/m/n/10 1810
 []


Overfull \hbox (4.49997pt too wide) detected at line 3449
 []\T1/qtm/m/n/10 1811
 []


Overfull \hbox (4.49997pt too wide) detected at line 3450
 []\T1/qtm/m/n/10 1811
 []


Overfull \hbox (4.49997pt too wide) detected at line 3451
 []\T1/qtm/m/n/10 1811
 []


Overfull \hbox (4.49997pt too wide) detected at line 3452
 []\T1/qtm/m/n/10 1811
 []


Overfull \hbox (4.49997pt too wide) detected at line 3453
 []\T1/qtm/m/n/10 1812
 []


Overfull \hbox (4.49997pt too wide) detected at line 3454
 []\T1/qtm/m/n/10 1812
 []


Overfull \hbox (4.49997pt too wide) detected at line 3455
 []\T1/qtm/m/n/10 1812
 []

[51]
Overfull \hbox (4.49997pt too wide) detected at line 3456
 []\T1/qtm/m/n/10 1812
 []


Overfull \hbox (4.49997pt too wide) detected at line 3457
 []\T1/qtm/m/n/10 1812
 []


Overfull \hbox (4.49997pt too wide) detected at line 3458
 []\T1/qtm/m/n/10 1812
 []


Overfull \hbox (4.49997pt too wide) detected at line 3459
 []\T1/qtm/m/n/10 1813
 []


Overfull \hbox (4.49997pt too wide) detected at line 3460
 []\T1/qtm/m/n/10 1813
 []


Overfull \hbox (4.49997pt too wide) detected at line 3461
 []\T1/qtm/m/n/10 1815
 []


Overfull \hbox (4.49997pt too wide) detected at line 3462
 []\T1/qtm/m/n/10 1815
 []


Overfull \hbox (4.49997pt too wide) detected at line 3463
 []\T1/qtm/m/n/10 1815
 []


Overfull \hbox (4.49997pt too wide) detected at line 3464
 []\T1/qtm/m/n/10 1816
 []


Overfull \hbox (4.49997pt too wide) detected at line 3465
 []\T1/qtm/m/n/10 1816
 []


Overfull \hbox (4.49997pt too wide) detected at line 3466
 []\T1/qtm/m/n/10 1816
 []


Overfull \hbox (4.49997pt too wide) detected at line 3467
 []\T1/qtm/m/n/10 1816
 []


Overfull \hbox (4.49997pt too wide) detected at line 3468
 []\T1/qtm/m/n/10 1816
 []


Overfull \hbox (4.49997pt too wide) detected at line 3469
 []\T1/qtm/m/n/10 1817
 []


Overfull \hbox (4.49997pt too wide) detected at line 3470
 []\T1/qtm/m/n/10 1817
 []


Overfull \hbox (4.49997pt too wide) detected at line 3471
 []\T1/qtm/m/n/10 1818
 []


Overfull \hbox (4.49997pt too wide) detected at line 3472
 []\T1/qtm/m/n/10 1818
 []


Overfull \hbox (4.49997pt too wide) detected at line 3473
 []\T1/qtm/m/n/10 1818
 []


Overfull \hbox (4.49997pt too wide) detected at line 3474
 []\T1/qtm/m/n/10 1818
 []


Overfull \hbox (4.49997pt too wide) detected at line 3475
 []\T1/qtm/m/n/10 1819
 []


Overfull \hbox (4.49997pt too wide) detected at line 3476
 []\T1/qtm/m/n/10 1819
 []


Overfull \hbox (4.49997pt too wide) detected at line 3477
 []\T1/qtm/m/n/10 1821
 []


Overfull \hbox (4.49997pt too wide) detected at line 3478
 []\T1/qtm/m/n/10 1822
 []


Overfull \hbox (4.49997pt too wide) detected at line 3479
 []\T1/qtm/m/n/10 1822
 []


Overfull \hbox (4.49997pt too wide) detected at line 3480
 []\T1/qtm/m/n/10 1822
 []


Overfull \hbox (4.49997pt too wide) detected at line 3481
 []\T1/qtm/m/n/10 1822
 []


Overfull \hbox (4.49997pt too wide) detected at line 3482
 []\T1/qtm/m/n/10 1822
 []


Overfull \hbox (4.49997pt too wide) detected at line 3483
 []\T1/qtm/m/n/10 1823
 []


Overfull \hbox (4.49997pt too wide) detected at line 3484
 []\T1/qtm/m/n/10 1823
 []


Overfull \hbox (4.49997pt too wide) detected at line 3485
 []\T1/qtm/m/n/10 1824
 []


Overfull \hbox (4.49997pt too wide) detected at line 3486
 []\T1/qtm/m/n/10 1824
 []


Overfull \hbox (4.49997pt too wide) detected at line 3487
 []\T1/qtm/m/n/10 1824
 []


Overfull \hbox (4.49997pt too wide) detected at line 3488
 []\T1/qtm/m/n/10 1824
 []


Overfull \hbox (4.49997pt too wide) detected at line 3489
 []\T1/qtm/m/n/10 1824
 []


Overfull \hbox (4.49997pt too wide) detected at line 3490
 []\T1/qtm/m/n/10 1824
 []


Overfull \hbox (4.49997pt too wide) detected at line 3491
 []\T1/qtm/m/n/10 1825
 []


Overfull \hbox (4.49997pt too wide) detected at line 3492
 []\T1/qtm/m/n/10 1825
 []


Overfull \hbox (4.49997pt too wide) detected at line 3493
 []\T1/qtm/m/n/10 1825
 []


Overfull \hbox (4.49997pt too wide) detected at line 3494
 []\T1/qtm/m/n/10 1825
 []


Overfull \hbox (4.49997pt too wide) detected at line 3495
 []\T1/qtm/m/n/10 1825
 []


Overfull \hbox (4.49997pt too wide) detected at line 3496
 []\T1/qtm/m/n/10 1825
 []


Overfull \hbox (4.49997pt too wide) detected at line 3497
 []\T1/qtm/m/n/10 1826
 []


Overfull \hbox (4.49997pt too wide) detected at line 3498
 []\T1/qtm/m/n/10 1826
 []


Overfull \hbox (4.49997pt too wide) detected at line 3499
 []\T1/qtm/m/n/10 1826
 []


Overfull \hbox (4.49997pt too wide) detected at line 3500
 []\T1/qtm/m/n/10 1826
 []


Overfull \hbox (4.49997pt too wide) detected at line 3501
 []\T1/qtm/m/n/10 1827
 []


Overfull \hbox (4.49997pt too wide) detected at line 3502
 []\T1/qtm/m/n/10 1827
 []


Overfull \hbox (4.49997pt too wide) detected at line 3503
 []\T1/qtm/m/n/10 1827
 []


Overfull \hbox (4.49997pt too wide) detected at line 3504
 []\T1/qtm/m/n/10 1827
 []


Overfull \hbox (4.49997pt too wide) detected at line 3505
 []\T1/qtm/m/n/10 1827
 []


Overfull \hbox (4.49997pt too wide) detected at line 3506
 []\T1/qtm/m/n/10 1827
 []


Overfull \hbox (4.49997pt too wide) detected at line 3507
 []\T1/qtm/m/n/10 1828
 []


Overfull \hbox (4.49997pt too wide) detected at line 3508
 []\T1/qtm/m/n/10 1828
 []


Overfull \hbox (4.49997pt too wide) detected at line 3509
 []\T1/qtm/m/n/10 1829
 []

[52]
Overfull \hbox (4.49997pt too wide) detected at line 3510
 []\T1/qtm/m/n/10 1829
 []


Overfull \hbox (4.49997pt too wide) detected at line 3511
 []\T1/qtm/m/n/10 1829
 []


Overfull \hbox (4.49997pt too wide) detected at line 3512
 []\T1/qtm/m/n/10 1829
 []


Overfull \hbox (4.49997pt too wide) detected at line 3513
 []\T1/qtm/m/n/10 1829
 []


Overfull \hbox (4.49997pt too wide) detected at line 3514
 []\T1/qtm/m/n/10 1829
 []


Overfull \hbox (4.49997pt too wide) detected at line 3515
 []\T1/qtm/m/n/10 1830
 []


Overfull \hbox (4.49997pt too wide) detected at line 3516
 []\T1/qtm/m/n/10 1830
 []


Overfull \hbox (4.49997pt too wide) detected at line 3517
 []\T1/qtm/m/n/10 1830
 []


Overfull \hbox (4.49997pt too wide) detected at line 3518
 []\T1/qtm/m/n/10 1830
 []


Overfull \hbox (4.49997pt too wide) detected at line 3519
 []\T1/qtm/m/n/10 1831
 []


Overfull \hbox (4.49997pt too wide) detected at line 3520
 []\T1/qtm/m/n/10 1831
 []


Overfull \hbox (4.49997pt too wide) detected at line 3521
 []\T1/qtm/m/n/10 1831
 []


Overfull \hbox (4.49997pt too wide) detected at line 3522
 []\T1/qtm/m/n/10 1831
 []


Overfull \hbox (4.49997pt too wide) detected at line 3523
 []\T1/qtm/m/n/10 1831
 []


Overfull \hbox (4.49997pt too wide) detected at line 3524
 []\T1/qtm/m/n/10 1831
 []


Overfull \hbox (4.49997pt too wide) detected at line 3525
 []\T1/qtm/m/n/10 1832
 []


Overfull \hbox (4.49997pt too wide) detected at line 3526
 []\T1/qtm/m/n/10 1832
 []


Overfull \hbox (4.49997pt too wide) detected at line 3527
 []\T1/qtm/m/n/10 1832
 []


Overfull \hbox (4.49997pt too wide) detected at line 3528
 []\T1/qtm/m/n/10 1832
 []


Overfull \hbox (4.49997pt too wide) detected at line 3529
 []\T1/qtm/m/n/10 1832
 []


Overfull \hbox (4.49997pt too wide) detected at line 3530
 []\T1/qtm/m/n/10 1832
 []


Overfull \hbox (4.49997pt too wide) detected at line 3531
 []\T1/qtm/m/n/10 1832
 []


Overfull \hbox (4.49997pt too wide) detected at line 3532
 []\T1/qtm/m/n/10 1833
 []


Overfull \hbox (4.49997pt too wide) detected at line 3533
 []\T1/qtm/m/n/10 1833
 []


Overfull \hbox (4.49997pt too wide) detected at line 3534
 []\T1/qtm/m/n/10 1833
 []


Overfull \hbox (4.49997pt too wide) detected at line 3535
 []\T1/qtm/m/n/10 1833
 []


Overfull \hbox (4.49997pt too wide) detected at line 3536
 []\T1/qtm/m/n/10 1833
 []


Overfull \hbox (4.49997pt too wide) detected at line 3537
 []\T1/qtm/m/n/10 1833
 []


Overfull \hbox (4.49997pt too wide) detected at line 3538
 []\T1/qtm/m/n/10 1833
 []


Overfull \hbox (4.49997pt too wide) detected at line 3539
 []\T1/qtm/m/n/10 1833
 []


Overfull \hbox (4.49997pt too wide) detected at line 3540
 []\T1/qtm/m/n/10 1834
 []


Overfull \hbox (4.49997pt too wide) detected at line 3541
 []\T1/qtm/m/n/10 1835
 []


Overfull \hbox (4.49997pt too wide) detected at line 3542
 []\T1/qtm/m/n/10 1843
 []


Overfull \hbox (4.49997pt too wide) detected at line 3543
 []\T1/qtm/m/n/10 1844
 []


Overfull \hbox (4.49997pt too wide) detected at line 3544
 []\T1/qtm/m/n/10 1844
 []


Overfull \hbox (4.49997pt too wide) detected at line 3545
 []\T1/qtm/m/n/10 1844
 []


Overfull \hbox (4.49997pt too wide) detected at line 3546
 []\T1/qtm/m/n/10 1844
 []


Overfull \hbox (4.49997pt too wide) detected at line 3547
 []\T1/qtm/m/n/10 1844
 []


Overfull \hbox (4.49997pt too wide) detected at line 3548
 []\T1/qtm/m/n/10 1845
 []


Overfull \hbox (4.49997pt too wide) detected at line 3549
 []\T1/qtm/m/n/10 1845
 []


Overfull \hbox (4.49997pt too wide) detected at line 3550
 []\T1/qtm/m/n/10 1848
 []


Overfull \hbox (4.49997pt too wide) detected at line 3551
 []\T1/qtm/m/n/10 1849
 []


Overfull \hbox (4.49997pt too wide) detected at line 3552
 []\T1/qtm/m/n/10 1849
 []


Overfull \hbox (4.49997pt too wide) detected at line 3553
 []\T1/qtm/m/n/10 1849
 []


Overfull \hbox (4.49997pt too wide) detected at line 3554
 []\T1/qtm/m/n/10 1849
 []


Overfull \hbox (4.49997pt too wide) detected at line 3555
 []\T1/qtm/m/n/10 1849
 []


Overfull \hbox (4.49997pt too wide) detected at line 3556
 []\T1/qtm/m/n/10 1850
 []


Overfull \hbox (4.49997pt too wide) detected at line 3557
 []\T1/qtm/m/n/10 1850
 []


Overfull \hbox (4.49997pt too wide) detected at line 3558
 []\T1/qtm/m/n/10 1852
 []


Overfull \hbox (4.49997pt too wide) detected at line 3559
 []\T1/qtm/m/n/10 1853
 []


Overfull \hbox (4.49997pt too wide) detected at line 3560
 []\T1/qtm/m/n/10 1853
 []


Overfull \hbox (4.49997pt too wide) detected at line 3561
 []\T1/qtm/m/n/10 1853
 []


Overfull \hbox (4.49997pt too wide) detected at line 3562
 []\T1/qtm/m/n/10 1853
 []


Overfull \hbox (4.49997pt too wide) detected at line 3563
 []\T1/qtm/m/n/10 1853
 []

[53]
Overfull \hbox (4.49997pt too wide) detected at line 3564
 []\T1/qtm/m/n/10 1854
 []


Overfull \hbox (4.49997pt too wide) detected at line 3565
 []\T1/qtm/m/n/10 1855
 []


Overfull \hbox (4.49997pt too wide) detected at line 3566
 []\T1/qtm/m/n/10 1855
 []


Overfull \hbox (4.49997pt too wide) detected at line 3567
 []\T1/qtm/m/n/10 1855
 []


Overfull \hbox (4.49997pt too wide) detected at line 3568
 []\T1/qtm/m/n/10 1855
 []


Overfull \hbox (4.49997pt too wide) detected at line 3569
 []\T1/qtm/m/n/10 1856
 []


Overfull \hbox (4.49997pt too wide) detected at line 3570
 []\T1/qtm/m/n/10 1856
 []


Overfull \hbox (4.49997pt too wide) detected at line 3571
 []\T1/qtm/m/n/10 1856
 []


Overfull \hbox (4.49997pt too wide) detected at line 3572
 []\T1/qtm/m/n/10 1856
 []


Overfull \hbox (4.49997pt too wide) detected at line 3573
 []\T1/qtm/m/n/10 1856
 []


Overfull \hbox (4.49997pt too wide) detected at line 3574
 []\T1/qtm/m/n/10 1857
 []


Overfull \hbox (4.49997pt too wide) detected at line 3575
 []\T1/qtm/m/n/10 1858
 []


Overfull \hbox (4.49997pt too wide) detected at line 3576
 []\T1/qtm/m/n/10 1858
 []


Overfull \hbox (4.49997pt too wide) detected at line 3577
 []\T1/qtm/m/n/10 1858
 []


Overfull \hbox (4.49997pt too wide) detected at line 3578
 []\T1/qtm/m/n/10 1858
 []


Overfull \hbox (4.49997pt too wide) detected at line 3579
 []\T1/qtm/m/n/10 1858
 []


Overfull \hbox (4.49997pt too wide) detected at line 3580
 []\T1/qtm/m/n/10 1859
 []


Overfull \hbox (4.49997pt too wide) detected at line 3581
 []\T1/qtm/m/n/10 1859
 []


Overfull \hbox (4.49997pt too wide) detected at line 3582
 []\T1/qtm/m/n/10 1860
 []


Overfull \hbox (4.49997pt too wide) detected at line 3583
 []\T1/qtm/m/n/10 1860
 []


Overfull \hbox (4.49997pt too wide) detected at line 3584
 []\T1/qtm/m/n/10 1860
 []


Overfull \hbox (4.49997pt too wide) detected at line 3585
 []\T1/qtm/m/n/10 1861
 []


Overfull \hbox (4.49997pt too wide) detected at line 3586
 []\T1/qtm/m/n/10 1861
 []


Overfull \hbox (4.49997pt too wide) detected at line 3587
 []\T1/qtm/m/n/10 1861
 []


Overfull \hbox (4.49997pt too wide) detected at line 3588
 []\T1/qtm/m/n/10 1862
 []


Overfull \hbox (4.49997pt too wide) detected at line 3589
 []\T1/qtm/m/n/10 1862
 []


Overfull \hbox (4.49997pt too wide) detected at line 3590
 []\T1/qtm/m/n/10 1864
 []


Overfull \hbox (4.49997pt too wide) detected at line 3591
 []\T1/qtm/m/n/10 1864
 []


Overfull \hbox (4.49997pt too wide) detected at line 3592
 []\T1/qtm/m/n/10 1865
 []


Overfull \hbox (4.49997pt too wide) detected at line 3593
 []\T1/qtm/m/n/10 1865
 []


Overfull \hbox (4.49997pt too wide) detected at line 3594
 []\T1/qtm/m/n/10 1865
 []


Overfull \hbox (4.49997pt too wide) detected at line 3595
 []\T1/qtm/m/n/10 1865
 []


Overfull \hbox (4.49997pt too wide) detected at line 3596
 []\T1/qtm/m/n/10 1865
 []


Overfull \hbox (4.49997pt too wide) detected at line 3597
 []\T1/qtm/m/n/10 1865
 []


Overfull \hbox (4.49997pt too wide) detected at line 3598
 []\T1/qtm/m/n/10 1866
 []


Overfull \hbox (4.49997pt too wide) detected at line 3599
 []\T1/qtm/m/n/10 1866
 []


Overfull \hbox (4.49997pt too wide) detected at line 3600
 []\T1/qtm/m/n/10 1866
 []


Overfull \hbox (4.49997pt too wide) detected at line 3601
 []\T1/qtm/m/n/10 1867
 []


Overfull \hbox (4.49997pt too wide) detected at line 3602
 []\T1/qtm/m/n/10 1867
 []


Overfull \hbox (4.49997pt too wide) detected at line 3603
 []\T1/qtm/m/n/10 1867
 []


Overfull \hbox (4.49997pt too wide) detected at line 3604
 []\T1/qtm/m/n/10 1867
 []


Overfull \hbox (4.49997pt too wide) detected at line 3605
 []\T1/qtm/m/n/10 1868
 []


Overfull \hbox (4.49997pt too wide) detected at line 3606
 []\T1/qtm/m/n/10 1868
 []


Overfull \hbox (4.49997pt too wide) detected at line 3607
 []\T1/qtm/m/n/10 1869
 []


Overfull \hbox (4.49997pt too wide) detected at line 3608
 []\T1/qtm/m/n/10 1869
 []


Overfull \hbox (4.49997pt too wide) detected at line 3609
 []\T1/qtm/m/n/10 1869
 []


Overfull \hbox (4.49997pt too wide) detected at line 3610
 []\T1/qtm/m/n/10 1869
 []


Overfull \hbox (4.49997pt too wide) detected at line 3611
 []\T1/qtm/m/n/10 1869
 []


Overfull \hbox (4.49997pt too wide) detected at line 3612
 []\T1/qtm/m/n/10 1869
 []


Overfull \hbox (4.49997pt too wide) detected at line 3613
 []\T1/qtm/m/n/10 1870
 []


Overfull \hbox (4.49997pt too wide) detected at line 3614
 []\T1/qtm/m/n/10 1870
 []


Overfull \hbox (4.49997pt too wide) detected at line 3615
 []\T1/qtm/m/n/10 1870
 []


Overfull \hbox (4.49997pt too wide) detected at line 3616
 []\T1/qtm/m/n/10 1870
 []


Overfull \hbox (4.49997pt too wide) detected at line 3617
 []\T1/qtm/m/n/10 1870
 []

[54]
Overfull \hbox (4.49997pt too wide) detected at line 3618
 []\T1/qtm/m/n/10 1870
 []


Overfull \hbox (4.49997pt too wide) detected at line 3619
 []\T1/qtm/m/n/10 1870
 []


Overfull \hbox (4.49997pt too wide) detected at line 3620
 []\T1/qtm/m/n/10 1870
 []


Overfull \hbox (4.49997pt too wide) detected at line 3621
 []\T1/qtm/m/n/10 1871
 []


Overfull \hbox (4.49997pt too wide) detected at line 3622
 []\T1/qtm/m/n/10 1871
 []


Overfull \hbox (4.49997pt too wide) detected at line 3623
 []\T1/qtm/m/n/10 1871
 []


Overfull \hbox (4.49997pt too wide) detected at line 3624
 []\T1/qtm/m/n/10 1871
 []


Overfull \hbox (4.49997pt too wide) detected at line 3625
 []\T1/qtm/m/n/10 1871
 []


Overfull \hbox (4.49997pt too wide) detected at line 3626
 []\T1/qtm/m/n/10 1871
 []


Overfull \hbox (4.49997pt too wide) detected at line 3627
 []\T1/qtm/m/n/10 1871
 []


Overfull \hbox (4.49997pt too wide) detected at line 3628
 []\T1/qtm/m/n/10 1872
 []


Overfull \hbox (4.49997pt too wide) detected at line 3629
 []\T1/qtm/m/n/10 1872
 []


Overfull \hbox (4.49997pt too wide) detected at line 3630
 []\T1/qtm/m/n/10 1872
 []


Overfull \hbox (4.49997pt too wide) detected at line 3631
 []\T1/qtm/m/n/10 1872
 []


Overfull \hbox (4.49997pt too wide) detected at line 3632
 []\T1/qtm/m/n/10 1872
 []


Overfull \hbox (4.49997pt too wide) detected at line 3633
 []\T1/qtm/m/n/10 1872
 []


Overfull \hbox (4.49997pt too wide) detected at line 3634
 []\T1/qtm/m/n/10 1872
 []


Overfull \hbox (4.49997pt too wide) detected at line 3635
 []\T1/qtm/m/n/10 1873
 []


Overfull \hbox (4.49997pt too wide) detected at line 3636
 []\T1/qtm/m/n/10 1873
 []


Overfull \hbox (4.49997pt too wide) detected at line 3637
 []\T1/qtm/m/n/10 1873
 []


Overfull \hbox (4.49997pt too wide) detected at line 3638
 []\T1/qtm/m/n/10 1873
 []


Overfull \hbox (4.49997pt too wide) detected at line 3639
 []\T1/qtm/m/n/10 1874
 []


Overfull \hbox (4.49997pt too wide) detected at line 3640
 []\T1/qtm/m/n/10 1874
 []


Overfull \hbox (4.49997pt too wide) detected at line 3641
 []\T1/qtm/m/n/10 1874
 []


Overfull \hbox (4.49997pt too wide) detected at line 3642
 []\T1/qtm/m/n/10 1874
 []


Overfull \hbox (4.49997pt too wide) detected at line 3643
 []\T1/qtm/m/n/10 1874
 []


Overfull \hbox (4.49997pt too wide) detected at line 3644
 []\T1/qtm/m/n/10 1874
 []


Overfull \hbox (4.49997pt too wide) detected at line 3645
 []\T1/qtm/m/n/10 1875
 []


Overfull \hbox (4.49997pt too wide) detected at line 3646
 []\T1/qtm/m/n/10 1875
 []


Overfull \hbox (4.49997pt too wide) detected at line 3647
 []\T1/qtm/m/n/10 1875
 []


Overfull \hbox (4.49997pt too wide) detected at line 3648
 []\T1/qtm/m/n/10 1875
 []


Overfull \hbox (4.49997pt too wide) detected at line 3649
 []\T1/qtm/m/n/10 1875
 []


Overfull \hbox (4.49997pt too wide) detected at line 3650
 []\T1/qtm/m/n/10 1875
 []


Overfull \hbox (4.49997pt too wide) detected at line 3651
 []\T1/qtm/m/n/10 1876
 []


Overfull \hbox (4.49997pt too wide) detected at line 3652
 []\T1/qtm/m/n/10 1876
 []


Overfull \hbox (4.49997pt too wide) detected at line 3653
 []\T1/qtm/m/n/10 1876
 []


Overfull \hbox (4.49997pt too wide) detected at line 3654
 []\T1/qtm/m/n/10 1876
 []


Overfull \hbox (4.49997pt too wide) detected at line 3655
 []\T1/qtm/m/n/10 1876
 []


Overfull \hbox (4.49997pt too wide) detected at line 3656
 []\T1/qtm/m/n/10 1876
 []


Overfull \hbox (4.49997pt too wide) detected at line 3657
 []\T1/qtm/m/n/10 1876
 []


Overfull \hbox (4.49997pt too wide) detected at line 3658
 []\T1/qtm/m/n/10 1876
 []


Overfull \hbox (4.49997pt too wide) detected at line 3659
 []\T1/qtm/m/n/10 1877
 []


Overfull \hbox (4.49997pt too wide) detected at line 3660
 []\T1/qtm/m/n/10 1877
 []


Overfull \hbox (4.49997pt too wide) detected at line 3661
 []\T1/qtm/m/n/10 1877
 []


Overfull \hbox (4.49997pt too wide) detected at line 3662
 []\T1/qtm/m/n/10 1877
 []


Overfull \hbox (4.49997pt too wide) detected at line 3663
 []\T1/qtm/m/n/10 1877
 []


Overfull \hbox (4.49997pt too wide) detected at line 3664
 []\T1/qtm/m/n/10 1877
 []


Overfull \hbox (4.49997pt too wide) detected at line 3665
 []\T1/qtm/m/n/10 1877
 []


Overfull \hbox (4.49997pt too wide) detected at line 3666
 []\T1/qtm/m/n/10 1877
 []


Overfull \hbox (4.49997pt too wide) detected at line 3667
 []\T1/qtm/m/n/10 1878
 []


Overfull \hbox (4.49997pt too wide) detected at line 3668
 []\T1/qtm/m/n/10 1878
 []


Overfull \hbox (4.49997pt too wide) detected at line 3669
 []\T1/qtm/m/n/10 1878
 []


Overfull \hbox (4.49997pt too wide) detected at line 3670
 []\T1/qtm/m/n/10 1878
 []


Overfull \hbox (4.49997pt too wide) detected at line 3671
 []\T1/qtm/m/n/10 1878
 []

[55]
Overfull \hbox (4.49997pt too wide) detected at line 3672
 []\T1/qtm/m/n/10 1878
 []


Overfull \hbox (4.49997pt too wide) detected at line 3673
 []\T1/qtm/m/n/10 1878
 []


Overfull \hbox (4.49997pt too wide) detected at line 3674
 []\T1/qtm/m/n/10 1878
 []


Overfull \hbox (4.49997pt too wide) detected at line 3675
 []\T1/qtm/m/n/10 1879
 []


Overfull \hbox (4.49997pt too wide) detected at line 3676
 []\T1/qtm/m/n/10 1879
 []


Overfull \hbox (4.49997pt too wide) detected at line 3677
 []\T1/qtm/m/n/10 1880
 []


Overfull \hbox (4.49997pt too wide) detected at line 3678
 []\T1/qtm/m/n/10 1880
 []


Overfull \hbox (4.49997pt too wide) detected at line 3679
 []\T1/qtm/m/n/10 1880
 []


Overfull \hbox (4.49997pt too wide) detected at line 3680
 []\T1/qtm/m/n/10 1880
 []


Overfull \hbox (4.49997pt too wide) detected at line 3681
 []\T1/qtm/m/n/10 1880
 []


Overfull \hbox (4.49997pt too wide) detected at line 3682
 []\T1/qtm/m/n/10 1880
 []


Overfull \hbox (4.49997pt too wide) detected at line 3683
 []\T1/qtm/m/n/10 1881
 []


Overfull \hbox (4.49997pt too wide) detected at line 3684
 []\T1/qtm/m/n/10 1881
 []


Overfull \hbox (4.49997pt too wide) detected at line 3685
 []\T1/qtm/m/n/10 1881
 []


Overfull \hbox (4.49997pt too wide) detected at line 3686
 []\T1/qtm/m/n/10 1882
 []


Overfull \hbox (4.49997pt too wide) detected at line 3687
 []\T1/qtm/m/n/10 1882
 []


Overfull \hbox (4.49997pt too wide) detected at line 3688
 []\T1/qtm/m/n/10 1882
 []


Overfull \hbox (4.49997pt too wide) detected at line 3689
 []\T1/qtm/m/n/10 1882
 []


Overfull \hbox (4.49997pt too wide) detected at line 3690
 []\T1/qtm/m/n/10 1882
 []


Overfull \hbox (4.49997pt too wide) detected at line 3691
 []\T1/qtm/m/n/10 1882
 []


Overfull \hbox (4.49997pt too wide) detected at line 3692
 []\T1/qtm/m/n/10 1882
 []


Overfull \hbox (4.49997pt too wide) detected at line 3693
 []\T1/qtm/m/n/10 1883
 []


Overfull \hbox (4.49997pt too wide) detected at line 3694
 []\T1/qtm/m/n/10 1883
 []


Overfull \hbox (4.49997pt too wide) detected at line 3695
 []\T1/qtm/m/n/10 1883
 []


Overfull \hbox (4.49997pt too wide) detected at line 3696
 []\T1/qtm/m/n/10 1883
 []


Overfull \hbox (4.49997pt too wide) detected at line 3697
 []\T1/qtm/m/n/10 1883
 []


Overfull \hbox (4.49997pt too wide) detected at line 3698
 []\T1/qtm/m/n/10 1883
 []


Overfull \hbox (4.49997pt too wide) detected at line 3699
 []\T1/qtm/m/n/10 1884
 []


Overfull \hbox (4.49997pt too wide) detected at line 3700
 []\T1/qtm/m/n/10 1884
 []


Overfull \hbox (4.49997pt too wide) detected at line 3701
 []\T1/qtm/m/n/10 1884
 []


Overfull \hbox (4.49997pt too wide) detected at line 3702
 []\T1/qtm/m/n/10 1885
 []


Overfull \hbox (4.49997pt too wide) detected at line 3703
 []\T1/qtm/m/n/10 1885
 []


Overfull \hbox (4.49997pt too wide) detected at line 3704
 []\T1/qtm/m/n/10 1885
 []


Overfull \hbox (4.49997pt too wide) detected at line 3705
 []\T1/qtm/m/n/10 1885
 []


Overfull \hbox (4.49997pt too wide) detected at line 3706
 []\T1/qtm/m/n/10 1885
 []


Overfull \hbox (4.49997pt too wide) detected at line 3707
 []\T1/qtm/m/n/10 1886
 []


Overfull \hbox (4.49997pt too wide) detected at line 3708
 []\T1/qtm/m/n/10 1886
 []


Overfull \hbox (4.49997pt too wide) detected at line 3709
 []\T1/qtm/m/n/10 1889
 []


Overfull \hbox (4.49997pt too wide) detected at line 3710
 []\T1/qtm/m/n/10 1890
 []


Overfull \hbox (4.49997pt too wide) detected at line 3711
 []\T1/qtm/m/n/10 1890
 []


Overfull \hbox (4.49997pt too wide) detected at line 3712
 []\T1/qtm/m/n/10 1890
 []


Overfull \hbox (4.49997pt too wide) detected at line 3713
 []\T1/qtm/m/n/10 1890
 []


Overfull \hbox (4.49997pt too wide) detected at line 3714
 []\T1/qtm/m/n/10 1890
 []


Overfull \hbox (4.49997pt too wide) detected at line 3715
 []\T1/qtm/m/n/10 1890
 []


Overfull \hbox (4.49997pt too wide) detected at line 3716
 []\T1/qtm/m/n/10 1891
 []


Overfull \hbox (4.49997pt too wide) detected at line 3717
 []\T1/qtm/m/n/10 1891
 []


Overfull \hbox (4.49997pt too wide) detected at line 3718
 []\T1/qtm/m/n/10 1891
 []


Overfull \hbox (4.49997pt too wide) detected at line 3719
 []\T1/qtm/m/n/10 1891
 []


Overfull \hbox (4.49997pt too wide) detected at line 3720
 []\T1/qtm/m/n/10 1891
 []


Overfull \hbox (4.49997pt too wide) detected at line 3721
 []\T1/qtm/m/n/10 1892
 []


Overfull \hbox (4.49997pt too wide) detected at line 3722
 []\T1/qtm/m/n/10 1892
 []


Overfull \hbox (4.49997pt too wide) detected at line 3723
 []\T1/qtm/m/n/10 1893
 []


Overfull \hbox (4.49997pt too wide) detected at line 3724
 []\T1/qtm/m/n/10 1893
 []


Overfull \hbox (4.49997pt too wide) detected at line 3725
 []\T1/qtm/m/n/10 1893
 []

[56]
Overfull \hbox (4.49997pt too wide) detected at line 3726
 []\T1/qtm/m/n/10 1894
 []


Overfull \hbox (4.49997pt too wide) detected at line 3727
 []\T1/qtm/m/n/10 1894
 []


Overfull \hbox (4.49997pt too wide) detected at line 3728
 []\T1/qtm/m/n/10 1894
 []


Overfull \hbox (4.49997pt too wide) detected at line 3729
 []\T1/qtm/m/n/10 1894
 []


Overfull \hbox (4.49997pt too wide) detected at line 3730
 []\T1/qtm/m/n/10 1894
 []


Overfull \hbox (4.49997pt too wide) detected at line 3731
 []\T1/qtm/m/n/10 1894
 []


Overfull \hbox (4.49997pt too wide) detected at line 3732
 []\T1/qtm/m/n/10 1894
 []


Overfull \hbox (4.49997pt too wide) detected at line 3733
 []\T1/qtm/m/n/10 1896
 []


Overfull \hbox (4.49997pt too wide) detected at line 3734
 []\T1/qtm/m/n/10 1896
 []


Overfull \hbox (4.49997pt too wide) detected at line 3735
 []\T1/qtm/m/n/10 1896
 []


Overfull \hbox (4.49997pt too wide) detected at line 3736
 []\T1/qtm/m/n/10 1896
 []


Overfull \hbox (4.49997pt too wide) detected at line 3737
 []\T1/qtm/m/n/10 1897
 []


Overfull \hbox (4.49997pt too wide) detected at line 3738
 []\T1/qtm/m/n/10 1897
 []


Overfull \hbox (4.49997pt too wide) detected at line 3739
 []\T1/qtm/m/n/10 1897
 []


Overfull \hbox (4.49997pt too wide) detected at line 3740
 []\T1/qtm/m/n/10 1897
 []


Overfull \hbox (4.49997pt too wide) detected at line 3741
 []\T1/qtm/m/n/10 1897
 []


Overfull \hbox (4.49997pt too wide) detected at line 3742
 []\T1/qtm/m/n/10 1898
 []


Overfull \hbox (4.49997pt too wide) detected at line 3743
 []\T1/qtm/m/n/10 1899
 []


Overfull \hbox (4.49997pt too wide) detected at line 3744
 []\T1/qtm/m/n/10 1899
 []


Overfull \hbox (4.49997pt too wide) detected at line 3745
 []\T1/qtm/m/n/10 1899
 []


Overfull \hbox (4.49997pt too wide) detected at line 3746
 []\T1/qtm/m/n/10 1899
 []


Overfull \hbox (4.49997pt too wide) detected at line 3747
 []\T1/qtm/m/n/10 1899
 []


Overfull \hbox (4.49997pt too wide) detected at line 3748
 []\T1/qtm/m/n/10 1900
 []


Overfull \hbox (4.49997pt too wide) detected at line 3749
 []\T1/qtm/m/n/10 1900
 []


Overfull \hbox (4.49997pt too wide) detected at line 3750
 []\T1/qtm/m/n/10 1901
 []


Overfull \hbox (4.49997pt too wide) detected at line 3751
 []\T1/qtm/m/n/10 1902
 []


Overfull \hbox (4.49997pt too wide) detected at line 3752
 []\T1/qtm/m/n/10 1902
 []


Overfull \hbox (4.49997pt too wide) detected at line 3753
 []\T1/qtm/m/n/10 1902
 []


Overfull \hbox (4.49997pt too wide) detected at line 3754
 []\T1/qtm/m/n/10 1902
 []


Overfull \hbox (4.49997pt too wide) detected at line 3755
 []\T1/qtm/m/n/10 1902
 []


Overfull \hbox (4.49997pt too wide) detected at line 3756
 []\T1/qtm/m/n/10 1902
 []


Overfull \hbox (4.49997pt too wide) detected at line 3757
 []\T1/qtm/m/n/10 1902
 []


Overfull \hbox (4.49997pt too wide) detected at line 3758
 []\T1/qtm/m/n/10 1903
 []


Overfull \hbox (4.49997pt too wide) detected at line 3759
 []\T1/qtm/m/n/10 1903
 []


Overfull \hbox (4.49997pt too wide) detected at line 3760
 []\T1/qtm/m/n/10 1903
 []


Overfull \hbox (4.49997pt too wide) detected at line 3761
 []\T1/qtm/m/n/10 1903
 []


Overfull \hbox (4.49997pt too wide) detected at line 3762
 []\T1/qtm/m/n/10 1903
 []


Overfull \hbox (4.49997pt too wide) detected at line 3763
 []\T1/qtm/m/n/10 1903
 []


Overfull \hbox (4.49997pt too wide) detected at line 3764
 []\T1/qtm/m/n/10 1904
 []


Overfull \hbox (4.49997pt too wide) detected at line 3765
 []\T1/qtm/m/n/10 1904
 []


Overfull \hbox (4.49997pt too wide) detected at line 3766
 []\T1/qtm/m/n/10 1905
 []


Overfull \hbox (4.49997pt too wide) detected at line 3767
 []\T1/qtm/m/n/10 1905
 []


Overfull \hbox (4.49997pt too wide) detected at line 3768
 []\T1/qtm/m/n/10 1905
 []


Overfull \hbox (4.49997pt too wide) detected at line 3769
 []\T1/qtm/m/n/10 1905
 []


Overfull \hbox (4.49997pt too wide) detected at line 3770
 []\T1/qtm/m/n/10 1905
 []


Overfull \hbox (4.49997pt too wide) detected at line 3771
 []\T1/qtm/m/n/10 1905
 []


Overfull \hbox (4.49997pt too wide) detected at line 3772
 []\T1/qtm/m/n/10 1905
 []


Overfull \hbox (4.49997pt too wide) detected at line 3773
 []\T1/qtm/m/n/10 1906
 []


Overfull \hbox (4.49997pt too wide) detected at line 3774
 []\T1/qtm/m/n/10 1907
 []


Overfull \hbox (4.49997pt too wide) detected at line 3775
 []\T1/qtm/m/n/10 1909
 []


Overfull \hbox (4.49997pt too wide) detected at line 3776
 []\T1/qtm/m/n/10 1909
 []


Overfull \hbox (4.49997pt too wide) detected at line 3777
 []\T1/qtm/m/n/10 1910
 []


Overfull \hbox (4.49997pt too wide) detected at line 3778
 []\T1/qtm/m/n/10 1910
 []


Overfull \hbox (4.49997pt too wide) detected at line 3779
 []\T1/qtm/m/n/10 1910
 []

[57]
Overfull \hbox (4.49997pt too wide) detected at line 3780
 []\T1/qtm/m/n/10 1910
 []


Overfull \hbox (4.49997pt too wide) detected at line 3781
 []\T1/qtm/m/n/10 1910
 []


Overfull \hbox (4.49997pt too wide) detected at line 3782
 []\T1/qtm/m/n/10 1910
 []


Overfull \hbox (4.49997pt too wide) detected at line 3783
 []\T1/qtm/m/n/10 1911
 []


Overfull \hbox (4.49997pt too wide) detected at line 3784
 []\T1/qtm/m/n/10 1912
 []


Overfull \hbox (4.49997pt too wide) detected at line 3785
 []\T1/qtm/m/n/10 1912
 []


Overfull \hbox (4.49997pt too wide) detected at line 3786
 []\T1/qtm/m/n/10 1912
 []


Overfull \hbox (4.49997pt too wide) detected at line 3787
 []\T1/qtm/m/n/10 1912
 []


Overfull \hbox (4.49997pt too wide) detected at line 3788
 []\T1/qtm/m/n/10 1912
 []


Overfull \hbox (4.49997pt too wide) detected at line 3789
 []\T1/qtm/m/n/10 1913
 []


Overfull \hbox (4.49997pt too wide) detected at line 3790
 []\T1/qtm/m/n/10 1913
 []


Overfull \hbox (4.49997pt too wide) detected at line 3791
 []\T1/qtm/m/n/10 1914
 []


Overfull \hbox (4.49997pt too wide) detected at line 3792
 []\T1/qtm/m/n/10 1914
 []


Overfull \hbox (4.49997pt too wide) detected at line 3793
 []\T1/qtm/m/n/10 1914
 []


Overfull \hbox (4.49997pt too wide) detected at line 3794
 []\T1/qtm/m/n/10 1914
 []


Overfull \hbox (4.49997pt too wide) detected at line 3795
 []\T1/qtm/m/n/10 1915
 []


Overfull \hbox (4.49997pt too wide) detected at line 3796
 []\T1/qtm/m/n/10 1915
 []


Overfull \hbox (4.49997pt too wide) detected at line 3797
 []\T1/qtm/m/n/10 1915
 []


Overfull \hbox (4.49997pt too wide) detected at line 3798
 []\T1/qtm/m/n/10 1915
 []


Overfull \hbox (4.49997pt too wide) detected at line 3799
 []\T1/qtm/m/n/10 1916
 []


Overfull \hbox (4.49997pt too wide) detected at line 3800
 []\T1/qtm/m/n/10 1916
 []


Overfull \hbox (4.49997pt too wide) detected at line 3801
 []\T1/qtm/m/n/10 1916
 []


Overfull \hbox (4.49997pt too wide) detected at line 3802
 []\T1/qtm/m/n/10 1916
 []


Overfull \hbox (4.49997pt too wide) detected at line 3803
 []\T1/qtm/m/n/10 1917
 []


Overfull \hbox (4.49997pt too wide) detected at line 3804
 []\T1/qtm/m/n/10 1917
 []


Overfull \hbox (4.49997pt too wide) detected at line 3805
 []\T1/qtm/m/n/10 1917
 []


Overfull \hbox (4.49997pt too wide) detected at line 3806
 []\T1/qtm/m/n/10 1917
 []


Overfull \hbox (4.49997pt too wide) detected at line 3807
 []\T1/qtm/m/n/10 1918
 []


Overfull \hbox (4.49997pt too wide) detected at line 3808
 []\T1/qtm/m/n/10 1918
 []


Overfull \hbox (4.49997pt too wide) detected at line 3809
 []\T1/qtm/m/n/10 1921
 []


Overfull \hbox (4.49997pt too wide) detected at line 3810
 []\T1/qtm/m/n/10 1922
 []


Overfull \hbox (4.49997pt too wide) detected at line 3811
 []\T1/qtm/m/n/10 1922
 []


Overfull \hbox (4.49997pt too wide) detected at line 3812
 []\T1/qtm/m/n/10 1922
 []


Overfull \hbox (4.49997pt too wide) detected at line 3813
 []\T1/qtm/m/n/10 1922
 []


Overfull \hbox (4.49997pt too wide) detected at line 3814
 []\T1/qtm/m/n/10 1922
 []


Overfull \hbox (4.49997pt too wide) detected at line 3815
 []\T1/qtm/m/n/10 1923
 []


Overfull \hbox (4.49997pt too wide) detected at line 3816
 []\T1/qtm/m/n/10 1923
 []


Overfull \hbox (4.49997pt too wide) detected at line 3817
 []\T1/qtm/m/n/10 1923
 []


Overfull \hbox (4.49997pt too wide) detected at line 3818
 []\T1/qtm/m/n/10 1924
 []


Overfull \hbox (4.49997pt too wide) detected at line 3819
 []\T1/qtm/m/n/10 1924
 []


Overfull \hbox (4.49997pt too wide) detected at line 3820
 []\T1/qtm/m/n/10 1924
 []


Overfull \hbox (4.49997pt too wide) detected at line 3821
 []\T1/qtm/m/n/10 1924
 []


Overfull \hbox (4.49997pt too wide) detected at line 3822
 []\T1/qtm/m/n/10 1924
 []


Overfull \hbox (4.49997pt too wide) detected at line 3823
 []\T1/qtm/m/n/10 1924
 []


Overfull \hbox (4.49997pt too wide) detected at line 3824
 []\T1/qtm/m/n/10 1926
 []


Overfull \hbox (4.49997pt too wide) detected at line 3825
 []\T1/qtm/m/n/10 1926
 []


Overfull \hbox (4.49997pt too wide) detected at line 3826
 []\T1/qtm/m/n/10 1926
 []


Overfull \hbox (4.49997pt too wide) detected at line 3827
 []\T1/qtm/m/n/10 1926
 []


Overfull \hbox (4.49997pt too wide) detected at line 3828
 []\T1/qtm/m/n/10 1926
 []


Overfull \hbox (4.49997pt too wide) detected at line 3829
 []\T1/qtm/m/n/10 1926
 []


Overfull \hbox (4.49997pt too wide) detected at line 3830
 []\T1/qtm/m/n/10 1927
 []


Overfull \hbox (4.49997pt too wide) detected at line 3831
 []\T1/qtm/m/n/10 1927
 []


Overfull \hbox (4.49997pt too wide) detected at line 3832
 []\T1/qtm/m/n/10 1928
 []


Overfull \hbox (4.49997pt too wide) detected at line 3833
 []\T1/qtm/m/n/10 1928
 []

[58]
Overfull \hbox (4.49997pt too wide) detected at line 3834
 []\T1/qtm/m/n/10 1929
 []


Overfull \hbox (4.49997pt too wide) detected at line 3835
 []\T1/qtm/m/n/10 1929
 []


Overfull \hbox (4.49997pt too wide) detected at line 3836
 []\T1/qtm/m/n/10 1929
 []


Overfull \hbox (4.49997pt too wide) detected at line 3837
 []\T1/qtm/m/n/10 1929
 []


Overfull \hbox (4.49997pt too wide) detected at line 3838
 []\T1/qtm/m/n/10 1929
 []


Overfull \hbox (4.49997pt too wide) detected at line 3839
 []\T1/qtm/m/n/10 1929
 []


Overfull \hbox (4.49997pt too wide) detected at line 3840
 []\T1/qtm/m/n/10 1930
 []


Overfull \hbox (4.49997pt too wide) detected at line 3841
 []\T1/qtm/m/n/10 1931
 []


Overfull \hbox (4.49997pt too wide) detected at line 3842
 []\T1/qtm/m/n/10 1931
 []


Overfull \hbox (4.49997pt too wide) detected at line 3843
 []\T1/qtm/m/n/10 1931
 []


Overfull \hbox (4.49997pt too wide) detected at line 3844
 []\T1/qtm/m/n/10 1931
 []


Overfull \hbox (4.49997pt too wide) detected at line 3845
 []\T1/qtm/m/n/10 1931
 []


Overfull \hbox (4.49997pt too wide) detected at line 3846
 []\T1/qtm/m/n/10 1931
 []


Overfull \hbox (4.49997pt too wide) detected at line 3847
 []\T1/qtm/m/n/10 1931
 []


Overfull \hbox (4.49997pt too wide) detected at line 3848
 []\T1/qtm/m/n/10 1932
 []


Overfull \hbox (4.49997pt too wide) detected at line 3849
 []\T1/qtm/m/n/10 1932
 []


Overfull \hbox (4.49997pt too wide) detected at line 3850
 []\T1/qtm/m/n/10 1932
 []


Overfull \hbox (4.49997pt too wide) detected at line 3851
 []\T1/qtm/m/n/10 1932
 []


Overfull \hbox (4.49997pt too wide) detected at line 3852
 []\T1/qtm/m/n/10 1933
 []


Overfull \hbox (4.49997pt too wide) detected at line 3853
 []\T1/qtm/m/n/10 1933
 []


Overfull \hbox (4.49997pt too wide) detected at line 3854
 []\T1/qtm/m/n/10 1933
 []


Overfull \hbox (4.49997pt too wide) detected at line 3855
 []\T1/qtm/m/n/10 1933
 []


Overfull \hbox (4.49997pt too wide) detected at line 3856
 []\T1/qtm/m/n/10 1933
 []


Overfull \hbox (4.49997pt too wide) detected at line 3857
 []\T1/qtm/m/n/10 1933
 []


Overfull \hbox (4.49997pt too wide) detected at line 3858
 []\T1/qtm/m/n/10 1933
 []


Overfull \hbox (4.49997pt too wide) detected at line 3859
 []\T1/qtm/m/n/10 1933
 []


Overfull \hbox (4.49997pt too wide) detected at line 3860
 []\T1/qtm/m/n/10 1933
 []


Overfull \hbox (4.49997pt too wide) detected at line 3861
 []\T1/qtm/m/n/10 1935
 []


Overfull \hbox (4.49997pt too wide) detected at line 3862
 []\T1/qtm/m/n/10 1935
 []


Overfull \hbox (4.49997pt too wide) detected at line 3863
 []\T1/qtm/m/n/10 1938
 []


Overfull \hbox (4.49997pt too wide) detected at line 3864
 []\T1/qtm/m/n/10 1939
 []


Overfull \hbox (4.49997pt too wide) detected at line 3865
 []\T1/qtm/m/n/10 1940
 []


Overfull \hbox (4.49997pt too wide) detected at line 3866
 []\T1/qtm/m/n/10 1941
 []


Overfull \hbox (4.49997pt too wide) detected at line 3867
 []\T1/qtm/m/n/10 1941
 []


Overfull \hbox (4.49997pt too wide) detected at line 3868
 []\T1/qtm/m/n/10 1941
 []


Overfull \hbox (4.49997pt too wide) detected at line 3869
 []\T1/qtm/m/n/10 1941
 []


Overfull \hbox (4.49997pt too wide) detected at line 3870
 []\T1/qtm/m/n/10 1941
 []


Overfull \hbox (4.49997pt too wide) detected at line 3871
 []\T1/qtm/m/n/10 1942
 []


Overfull \hbox (4.49997pt too wide) detected at line 3872
 []\T1/qtm/m/n/10 1942
 []


Overfull \hbox (4.49997pt too wide) detected at line 3873
 []\T1/qtm/m/n/10 1942
 []


Overfull \hbox (4.49997pt too wide) detected at line 3874
 []\T1/qtm/m/n/10 1942
 []


Overfull \hbox (4.49997pt too wide) detected at line 3875
 []\T1/qtm/m/n/10 1943
 []


Overfull \hbox (4.49997pt too wide) detected at line 3876
 []\T1/qtm/m/n/10 1943
 []


Overfull \hbox (4.49997pt too wide) detected at line 3877
 []\T1/qtm/m/n/10 1943
 []


Overfull \hbox (4.49997pt too wide) detected at line 3878
 []\T1/qtm/m/n/10 1943
 []


Overfull \hbox (4.49997pt too wide) detected at line 3879
 []\T1/qtm/m/n/10 1943
 []


Overfull \hbox (4.49997pt too wide) detected at line 3880
 []\T1/qtm/m/n/10 1944
 []


Overfull \hbox (4.49997pt too wide) detected at line 3881
 []\T1/qtm/m/n/10 1944
 []


Overfull \hbox (4.49997pt too wide) detected at line 3882
 []\T1/qtm/m/n/10 1944
 []


Overfull \hbox (4.49997pt too wide) detected at line 3883
 []\T1/qtm/m/n/10 1944
 []


Overfull \hbox (4.49997pt too wide) detected at line 3884
 []\T1/qtm/m/n/10 1945
 []


Overfull \hbox (4.49997pt too wide) detected at line 3885
 []\T1/qtm/m/n/10 1945
 []


Overfull \hbox (4.49997pt too wide) detected at line 3886
 []\T1/qtm/m/n/10 1945
 []


Overfull \hbox (4.49997pt too wide) detected at line 3887
 []\T1/qtm/m/n/10 1945
 []

[59]
Overfull \hbox (4.49997pt too wide) detected at line 3888
 []\T1/qtm/m/n/10 1945
 []


Overfull \hbox (4.49997pt too wide) detected at line 3889
 []\T1/qtm/m/n/10 1946
 []


Overfull \hbox (4.49997pt too wide) detected at line 3890
 []\T1/qtm/m/n/10 1947
 []


Overfull \hbox (4.49997pt too wide) detected at line 3891
 []\T1/qtm/m/n/10 1947
 []


Overfull \hbox (4.49997pt too wide) detected at line 3892
 []\T1/qtm/m/n/10 1947
 []


Overfull \hbox (4.49997pt too wide) detected at line 3893
 []\T1/qtm/m/n/10 1947
 []


Overfull \hbox (4.49997pt too wide) detected at line 3894
 []\T1/qtm/m/n/10 1948
 []


Overfull \hbox (4.49997pt too wide) detected at line 3895
 []\T1/qtm/m/n/10 1948
 []


Overfull \hbox (4.49997pt too wide) detected at line 3896
 []\T1/qtm/m/n/10 1948
 []


Overfull \hbox (4.49997pt too wide) detected at line 3897
 []\T1/qtm/m/n/10 1948
 []


Overfull \hbox (4.49997pt too wide) detected at line 3898
 []\T1/qtm/m/n/10 1949
 []


Overfull \hbox (4.49997pt too wide) detected at line 3899
 []\T1/qtm/m/n/10 1949
 []


Overfull \hbox (4.49997pt too wide) detected at line 3900
 []\T1/qtm/m/n/10 1950
 []


Overfull \hbox (4.49997pt too wide) detected at line 3901
 []\T1/qtm/m/n/10 1950
 []


Overfull \hbox (4.49997pt too wide) detected at line 3902
 []\T1/qtm/m/n/10 1950
 []


Overfull \hbox (4.49997pt too wide) detected at line 3903
 []\T1/qtm/m/n/10 1950
 []


Overfull \hbox (4.49997pt too wide) detected at line 3904
 []\T1/qtm/m/n/10 1951
 []


Overfull \hbox (4.49997pt too wide) detected at line 3905
 []\T1/qtm/m/n/10 1951
 []


Overfull \hbox (4.49997pt too wide) detected at line 3906
 []\T1/qtm/m/n/10 1953
 []


Overfull \hbox (4.49997pt too wide) detected at line 3907
 []\T1/qtm/m/n/10 1954
 []


Overfull \hbox (4.49997pt too wide) detected at line 3908
 []\T1/qtm/m/n/10 1954
 []


Overfull \hbox (4.49997pt too wide) detected at line 3909
 []\T1/qtm/m/n/10 1954
 []


Overfull \hbox (4.49997pt too wide) detected at line 3910
 []\T1/qtm/m/n/10 1954
 []


Overfull \hbox (4.49997pt too wide) detected at line 3911
 []\T1/qtm/m/n/10 1954
 []


Overfull \hbox (4.49997pt too wide) detected at line 3912
 []\T1/qtm/m/n/10 1955
 []


Overfull \hbox (4.49997pt too wide) detected at line 3913
 []\T1/qtm/m/n/10 1955
 []


Overfull \hbox (4.49997pt too wide) detected at line 3914
 []\T1/qtm/m/n/10 1957
 []


Overfull \hbox (4.49997pt too wide) detected at line 3915
 []\T1/qtm/m/n/10 1958
 []


Overfull \hbox (4.49997pt too wide) detected at line 3916
 []\T1/qtm/m/n/10 1958
 []


Overfull \hbox (4.49997pt too wide) detected at line 3917
 []\T1/qtm/m/n/10 1958
 []


Overfull \hbox (4.49997pt too wide) detected at line 3918
 []\T1/qtm/m/n/10 1958
 []


Overfull \hbox (4.49997pt too wide) detected at line 3919
 []\T1/qtm/m/n/10 1958
 []


Overfull \hbox (4.49997pt too wide) detected at line 3920
 []\T1/qtm/m/n/10 1959
 []


Overfull \hbox (4.49997pt too wide) detected at line 3921
 []\T1/qtm/m/n/10 1959
 []


Overfull \hbox (4.49997pt too wide) detected at line 3922
 []\T1/qtm/m/n/10 1960
 []


Overfull \hbox (4.49997pt too wide) detected at line 3923
 []\T1/qtm/m/n/10 1960
 []


Overfull \hbox (4.49997pt too wide) detected at line 3924
 []\T1/qtm/m/n/10 1960
 []


Overfull \hbox (4.49997pt too wide) detected at line 3925
 []\T1/qtm/m/n/10 1960
 []


Overfull \hbox (4.49997pt too wide) detected at line 3926
 []\T1/qtm/m/n/10 1960
 []


Overfull \hbox (4.49997pt too wide) detected at line 3927
 []\T1/qtm/m/n/10 1960
 []


Overfull \hbox (4.49997pt too wide) detected at line 3928
 []\T1/qtm/m/n/10 1961
 []


Overfull \hbox (4.49997pt too wide) detected at line 3929
 []\T1/qtm/m/n/10 1961
 []


Overfull \hbox (4.49997pt too wide) detected at line 3930
 []\T1/qtm/m/n/10 1962
 []


Overfull \hbox (4.49997pt too wide) detected at line 3931
 []\T1/qtm/m/n/10 1962
 []


Overfull \hbox (4.49997pt too wide) detected at line 3932
 []\T1/qtm/m/n/10 1962
 []


Overfull \hbox (4.49997pt too wide) detected at line 3933
 []\T1/qtm/m/n/10 1963
 []


Overfull \hbox (4.49997pt too wide) detected at line 3934
 []\T1/qtm/m/n/10 1963
 []


Overfull \hbox (4.49997pt too wide) detected at line 3935
 []\T1/qtm/m/n/10 1963
 []


Overfull \hbox (4.49997pt too wide) detected at line 3936
 []\T1/qtm/m/n/10 1963
 []


Overfull \hbox (4.49997pt too wide) detected at line 3937
 []\T1/qtm/m/n/10 1964
 []


Overfull \hbox (4.49997pt too wide) detected at line 3938
 []\T1/qtm/m/n/10 1964
 []


Overfull \hbox (4.49997pt too wide) detected at line 3939
 []\T1/qtm/m/n/10 1964
 []


Overfull \hbox (4.49997pt too wide) detected at line 3940
 []\T1/qtm/m/n/10 1965
 []


Overfull \hbox (4.49997pt too wide) detected at line 3941
 []\T1/qtm/m/n/10 1965
 []

[60]
Overfull \hbox (4.49997pt too wide) detected at line 3942
 []\T1/qtm/m/n/10 1965
 []


Overfull \hbox (4.49997pt too wide) detected at line 3943
 []\T1/qtm/m/n/10 1965
 []


Overfull \hbox (4.49997pt too wide) detected at line 3944
 []\T1/qtm/m/n/10 1966
 []


Overfull \hbox (4.49997pt too wide) detected at line 3945
 []\T1/qtm/m/n/10 1967
 []


Overfull \hbox (4.49997pt too wide) detected at line 3946
 []\T1/qtm/m/n/10 1968
 []


Overfull \hbox (4.49997pt too wide) detected at line 3947
 []\T1/qtm/m/n/10 1968
 []


Overfull \hbox (4.49997pt too wide) detected at line 3948
 []\T1/qtm/m/n/10 1968
 []


Overfull \hbox (4.49997pt too wide) detected at line 3949
 []\T1/qtm/m/n/10 1968
 []


Overfull \hbox (4.49997pt too wide) detected at line 3950
 []\T1/qtm/m/n/10 1968
 []


Overfull \hbox (4.49997pt too wide) detected at line 3951
 []\T1/qtm/m/n/10 1969
 []


Overfull \hbox (4.49997pt too wide) detected at line 3952
 []\T1/qtm/m/n/10 1969
 []


Overfull \hbox (4.49997pt too wide) detected at line 3953
 []\T1/qtm/m/n/10 1971
 []


Overfull \hbox (4.49997pt too wide) detected at line 3954
 []\T1/qtm/m/n/10 1971
 []


Overfull \hbox (4.49997pt too wide) detected at line 3955
 []\T1/qtm/m/n/10 1971
 []


Overfull \hbox (4.49997pt too wide) detected at line 3956
 []\T1/qtm/m/n/10 1971
 []


Overfull \hbox (4.49997pt too wide) detected at line 3957
 []\T1/qtm/m/n/10 1971
 []


Overfull \hbox (4.49997pt too wide) detected at line 3958
 []\T1/qtm/m/n/10 1971
 []


Overfull \hbox (4.49997pt too wide) detected at line 3959
 []\T1/qtm/m/n/10 1972
 []


Overfull \hbox (4.49997pt too wide) detected at line 3960
 []\T1/qtm/m/n/10 1972
 []


Overfull \hbox (4.49997pt too wide) detected at line 3961
 []\T1/qtm/m/n/10 1973
 []


Overfull \hbox (4.49997pt too wide) detected at line 3962
 []\T1/qtm/m/n/10 1974
 []


Overfull \hbox (4.49997pt too wide) detected at line 3963
 []\T1/qtm/m/n/10 1974
 []


Overfull \hbox (4.49997pt too wide) detected at line 3964
 []\T1/qtm/m/n/10 1974
 []


Overfull \hbox (4.49997pt too wide) detected at line 3966
 []\T1/qtm/m/n/10 1975
 []


Overfull \hbox (4.49997pt too wide) detected at line 3967
 []\T1/qtm/m/n/10 1975
 []


Overfull \hbox (4.49997pt too wide) detected at line 3968
 []\T1/qtm/m/n/10 1975
 []


Overfull \hbox (4.49997pt too wide) detected at line 3969
 []\T1/qtm/m/n/10 1975
 []


Overfull \hbox (4.49997pt too wide) detected at line 3970
 []\T1/qtm/m/n/10 1976
 []


Overfull \hbox (4.49997pt too wide) detected at line 3971
 []\T1/qtm/m/n/10 1976
 []


Overfull \hbox (4.49997pt too wide) detected at line 3972
 []\T1/qtm/m/n/10 1976
 []


Overfull \hbox (4.49997pt too wide) detected at line 3973
 []\T1/qtm/m/n/10 1976
 []


Overfull \hbox (4.49997pt too wide) detected at line 3974
 []\T1/qtm/m/n/10 1976
 []


Overfull \hbox (4.49997pt too wide) detected at line 3975
 []\T1/qtm/m/n/10 1976
 []


Overfull \hbox (4.49997pt too wide) detected at line 3976
 []\T1/qtm/m/n/10 1977
 []


Overfull \hbox (4.49997pt too wide) detected at line 3977
 []\T1/qtm/m/n/10 1977
 []


Overfull \hbox (4.49997pt too wide) detected at line 3978
 []\T1/qtm/m/n/10 1979
 []


Overfull \hbox (4.49997pt too wide) detected at line 3979
 []\T1/qtm/m/n/10 1979
 []


Overfull \hbox (4.49997pt too wide) detected at line 3980
 []\T1/qtm/m/n/10 1979
 []


Overfull \hbox (4.49997pt too wide) detected at line 3981
 []\T1/qtm/m/n/10 1979
 []


Overfull \hbox (4.49997pt too wide) detected at line 3982
 []\T1/qtm/m/n/10 1980
 []


Overfull \hbox (4.49997pt too wide) detected at line 3983
 []\T1/qtm/m/n/10 1980
 []


Overfull \hbox (4.49997pt too wide) detected at line 3984
 []\T1/qtm/m/n/10 1980
 []


Overfull \hbox (4.49997pt too wide) detected at line 3985
 []\T1/qtm/m/n/10 1980
 []


Overfull \hbox (4.49997pt too wide) detected at line 3986
 []\T1/qtm/m/n/10 1980
 []


Overfull \hbox (4.49997pt too wide) detected at line 3987
 []\T1/qtm/m/n/10 1980
 []


Overfull \hbox (4.49997pt too wide) detected at line 3988
 []\T1/qtm/m/n/10 1980
 []


Overfull \hbox (4.49997pt too wide) detected at line 3989
 []\T1/qtm/m/n/10 1981
 []


Overfull \hbox (4.49997pt too wide) detected at line 3990
 []\T1/qtm/m/n/10 1981
 []


Overfull \hbox (4.49997pt too wide) detected at line 3991
 []\T1/qtm/m/n/10 1981
 []


Overfull \hbox (4.49997pt too wide) detected at line 3992
 []\T1/qtm/m/n/10 1981
 []


Overfull \hbox (4.49997pt too wide) detected at line 3993
 []\T1/qtm/m/n/10 1981
 []


Overfull \hbox (4.49997pt too wide) detected at line 3994
 []\T1/qtm/m/n/10 1982
 []

[61]
Overfull \hbox (4.49997pt too wide) detected at line 3995
 []\T1/qtm/m/n/10 1983
 []


Overfull \hbox (4.49997pt too wide) detected at line 3996
 []\T1/qtm/m/n/10 1983
 []


Overfull \hbox (4.49997pt too wide) detected at line 3997
 []\T1/qtm/m/n/10 1983
 []


Overfull \hbox (4.49997pt too wide) detected at line 3998
 []\T1/qtm/m/n/10 1983
 []


Overfull \hbox (4.49997pt too wide) detected at line 3999
 []\T1/qtm/m/n/10 1983
 []


Overfull \hbox (4.49997pt too wide) detected at line 4000
 []\T1/qtm/m/n/10 1983
 []


Overfull \hbox (4.49997pt too wide) detected at line 4001
 []\T1/qtm/m/n/10 1983
 []


Overfull \hbox (4.49997pt too wide) detected at line 4002
 []\T1/qtm/m/n/10 1984
 []


Overfull \hbox (4.49997pt too wide) detected at line 4003
 []\T1/qtm/m/n/10 1984
 []


Overfull \hbox (4.49997pt too wide) detected at line 4004
 []\T1/qtm/m/n/10 1984
 []


Overfull \hbox (4.49997pt too wide) detected at line 4005
 []\T1/qtm/m/n/10 1984
 []


Overfull \hbox (4.49997pt too wide) detected at line 4006
 []\T1/qtm/m/n/10 1984
 []


Overfull \hbox (4.49997pt too wide) detected at line 4007
 []\T1/qtm/m/n/10 1985
 []


Overfull \hbox (4.49997pt too wide) detected at line 4008
 []\T1/qtm/m/n/10 1985
 []


Overfull \hbox (4.49997pt too wide) detected at line 4009
 []\T1/qtm/m/n/10 1985
 []


Overfull \hbox (4.49997pt too wide) detected at line 4010
 []\T1/qtm/m/n/10 1986
 []


Overfull \hbox (4.49997pt too wide) detected at line 4011
 []\T1/qtm/m/n/10 1986
 []


Overfull \hbox (4.49997pt too wide) detected at line 4012
 []\T1/qtm/m/n/10 1986
 []


Overfull \hbox (4.49997pt too wide) detected at line 4013
 []\T1/qtm/m/n/10 1986
 []


Overfull \hbox (4.49997pt too wide) detected at line 4014
 []\T1/qtm/m/n/10 1986
 []


Overfull \hbox (4.49997pt too wide) detected at line 4015
 []\T1/qtm/m/n/10 1986
 []


Overfull \hbox (4.49997pt too wide) detected at line 4016
 []\T1/qtm/m/n/10 1987
 []


Overfull \hbox (4.49997pt too wide) detected at line 4017
 []\T1/qtm/m/n/10 1987
 []


Overfull \hbox (4.49997pt too wide) detected at line 4018
 []\T1/qtm/m/n/10 1987
 []


Overfull \hbox (4.49997pt too wide) detected at line 4019
 []\T1/qtm/m/n/10 1987
 []


Overfull \hbox (4.49997pt too wide) detected at line 4020
 []\T1/qtm/m/n/10 1987
 []


Overfull \hbox (4.49997pt too wide) detected at line 4021
 []\T1/qtm/m/n/10 1987
 []


Overfull \hbox (4.49997pt too wide) detected at line 4022
 []\T1/qtm/m/n/10 1988
 []


Overfull \hbox (4.49997pt too wide) detected at line 4023
 []\T1/qtm/m/n/10 1988
 []


Overfull \hbox (4.49997pt too wide) detected at line 4024
 []\T1/qtm/m/n/10 1988
 []


Overfull \hbox (4.49997pt too wide) detected at line 4025
 []\T1/qtm/m/n/10 1988
 []


Overfull \hbox (4.49997pt too wide) detected at line 4026
 []\T1/qtm/m/n/10 1989
 []


Overfull \hbox (4.49997pt too wide) detected at line 4027
 []\T1/qtm/m/n/10 1989
 []


Overfull \hbox (4.49997pt too wide) detected at line 4028
 []\T1/qtm/m/n/10 1989
 []


Overfull \hbox (4.49997pt too wide) detected at line 4029
 []\T1/qtm/m/n/10 1989
 []


Overfull \hbox (4.49997pt too wide) detected at line 4030
 []\T1/qtm/m/n/10 1989
 []


Overfull \hbox (4.49997pt too wide) detected at line 4031
 []\T1/qtm/m/n/10 1989
 []


Overfull \hbox (4.49997pt too wide) detected at line 4032
 []\T1/qtm/m/n/10 1989
 []


Overfull \hbox (4.49997pt too wide) detected at line 4033
 []\T1/qtm/m/n/10 1989
 []


Overfull \hbox (4.49997pt too wide) detected at line 4034
 []\T1/qtm/m/n/10 1990
 []


Overfull \hbox (4.49997pt too wide) detected at line 4035
 []\T1/qtm/m/n/10 1990
 []


Overfull \hbox (4.49997pt too wide) detected at line 4036
 []\T1/qtm/m/n/10 1990
 []


Overfull \hbox (4.49997pt too wide) detected at line 4037
 []\T1/qtm/m/n/10 1990
 []


Overfull \hbox (4.49997pt too wide) detected at line 4038
 []\T1/qtm/m/n/10 1990
 []


Overfull \hbox (4.49997pt too wide) detected at line 4039
 []\T1/qtm/m/n/10 1990
 []


Overfull \hbox (4.49997pt too wide) detected at line 4040
 []\T1/qtm/m/n/10 1991
 []


Overfull \hbox (4.49997pt too wide) detected at line 4041
 []\T1/qtm/m/n/10 1991
 []


Overfull \hbox (4.49997pt too wide) detected at line 4042
 []\T1/qtm/m/n/10 1993
 []


Overfull \hbox (4.49997pt too wide) detected at line 4043
 []\T1/qtm/m/n/10 1993
 []


Overfull \hbox (4.49997pt too wide) detected at line 4044
 []\T1/qtm/m/n/10 1993
 []


Overfull \hbox (4.49997pt too wide) detected at line 4045
 []\T1/qtm/m/n/10 1993
 []


Overfull \hbox (4.49997pt too wide) detected at line 4046
 []\T1/qtm/m/n/10 1993
 []


Overfull \hbox (4.49997pt too wide) detected at line 4047
 []\T1/qtm/m/n/10 1993
 []


Overfull \hbox (4.49997pt too wide) detected at line 4048
 []\T1/qtm/m/n/10 1994
 []

[62]
Overfull \hbox (4.49997pt too wide) detected at line 4049
 []\T1/qtm/m/n/10 1994
 []


Overfull \hbox (4.49997pt too wide) detected at line 4050
 []\T1/qtm/m/n/10 1996
 []


Overfull \hbox (4.49997pt too wide) detected at line 4051
 []\T1/qtm/m/n/10 1996
 []


Overfull \hbox (4.49997pt too wide) detected at line 4052
 []\T1/qtm/m/n/10 1996
 []


Overfull \hbox (4.49997pt too wide) detected at line 4053
 []\T1/qtm/m/n/10 1996
 []


Overfull \hbox (4.49997pt too wide) detected at line 4054
 []\T1/qtm/m/n/10 1997
 []


Overfull \hbox (4.49997pt too wide) detected at line 4055
 []\T1/qtm/m/n/10 1997
 []


Overfull \hbox (4.49997pt too wide) detected at line 4056
 []\T1/qtm/m/n/10 1998
 []


Overfull \hbox (4.49997pt too wide) detected at line 4057
 []\T1/qtm/m/n/10 1998
 []


Overfull \hbox (4.49997pt too wide) detected at line 4058
 []\T1/qtm/m/n/10 1998
 []


Overfull \hbox (4.49997pt too wide) detected at line 4059
 []\T1/qtm/m/n/10 1998
 []


Overfull \hbox (4.49997pt too wide) detected at line 4060
 []\T1/qtm/m/n/10 1999
 []


Overfull \hbox (4.49997pt too wide) detected at line 4061
 []\T1/qtm/m/n/10 1999
 []


Overfull \hbox (4.49997pt too wide) detected at line 4062
 []\T1/qtm/m/n/10 2000
 []


Overfull \hbox (4.49997pt too wide) detected at line 4063
 []\T1/qtm/m/n/10 2000
 []


Overfull \hbox (4.49997pt too wide) detected at line 4064
 []\T1/qtm/m/n/10 2006
 []


Overfull \hbox (4.49997pt too wide) detected at line 4065
 []\T1/qtm/m/n/10 2006
 []


Overfull \hbox (4.49997pt too wide) detected at line 4066
 []\T1/qtm/m/n/10 2007
 []


Overfull \hbox (4.49997pt too wide) detected at line 4067
 []\T1/qtm/m/n/10 2007
 []


Overfull \hbox (4.49997pt too wide) detected at line 4068
 []\T1/qtm/m/n/10 2007
 []


Overfull \hbox (4.49997pt too wide) detected at line 4069
 []\T1/qtm/m/n/10 2007
 []


Overfull \hbox (4.49997pt too wide) detected at line 4070
 []\T1/qtm/m/n/10 2008
 []


Overfull \hbox (4.49997pt too wide) detected at line 4071
 []\T1/qtm/m/n/10 2008
 []


Overfull \hbox (4.49997pt too wide) detected at line 4072
 []\T1/qtm/m/n/10 2010
 []


Overfull \hbox (4.49997pt too wide) detected at line 4073
 []\T1/qtm/m/n/10 2010
 []


Overfull \hbox (4.49997pt too wide) detected at line 4074
 []\T1/qtm/m/n/10 2010
 []


Overfull \hbox (4.49997pt too wide) detected at line 4075
 []\T1/qtm/m/n/10 2010
 []


Overfull \hbox (4.49997pt too wide) detected at line 4076
 []\T1/qtm/m/n/10 2010
 []


Overfull \hbox (4.49997pt too wide) detected at line 4077
 []\T1/qtm/m/n/10 2010
 []


Overfull \hbox (4.49997pt too wide) detected at line 4078
 []\T1/qtm/m/n/10 2010
 []


Overfull \hbox (4.49997pt too wide) detected at line 4079
 []\T1/qtm/m/n/10 2010
 []


Overfull \hbox (4.49997pt too wide) detected at line 4080
 []\T1/qtm/m/n/10 2011
 []


Overfull \hbox (4.49997pt too wide) detected at line 4081
 []\T1/qtm/m/n/10 2011
 []


Overfull \hbox (4.49997pt too wide) detected at line 4082
 []\T1/qtm/m/n/10 2012
 []


Overfull \hbox (4.49997pt too wide) detected at line 4083
 []\T1/qtm/m/n/10 2012
 []


Overfull \hbox (4.49997pt too wide) detected at line 4084
 []\T1/qtm/m/n/10 2012
 []


Overfull \hbox (4.49997pt too wide) detected at line 4085
 []\T1/qtm/m/n/10 2012
 []


Overfull \hbox (4.49997pt too wide) detected at line 4086
 []\T1/qtm/m/n/10 2012
 []


Overfull \hbox (4.49997pt too wide) detected at line 4087
 []\T1/qtm/m/n/10 2012
 []


Overfull \hbox (4.49997pt too wide) detected at line 4088
 []\T1/qtm/m/n/10 2013
 []


Overfull \hbox (4.49997pt too wide) detected at line 4089
 []\T1/qtm/m/n/10 2013
 []


Overfull \hbox (4.49997pt too wide) detected at line 4090
 []\T1/qtm/m/n/10 2014
 []


Overfull \hbox (4.49997pt too wide) detected at line 4091
 []\T1/qtm/m/n/10 2014
 []


Overfull \hbox (4.49997pt too wide) detected at line 4092
 []\T1/qtm/m/n/10 2014
 []


Overfull \hbox (4.49997pt too wide) detected at line 4093
 []\T1/qtm/m/n/10 2014
 []


Overfull \hbox (4.49997pt too wide) detected at line 4094
 []\T1/qtm/m/n/10 2014
 []


Overfull \hbox (4.49997pt too wide) detected at line 4095
 []\T1/qtm/m/n/10 2014
 []


Overfull \hbox (4.49997pt too wide) detected at line 4096
 []\T1/qtm/m/n/10 2014
 []


Overfull \hbox (4.49997pt too wide) detected at line 4097
 []\T1/qtm/m/n/10 2015
 []


Overfull \hbox (4.49997pt too wide) detected at line 4098
 []\T1/qtm/m/n/10 2015
 []


Overfull \hbox (4.49997pt too wide) detected at line 4099
 []\T1/qtm/m/n/10 2016
 []


Overfull \hbox (4.49997pt too wide) detected at line 4100
 []\T1/qtm/m/n/10 2016
 []


Overfull \hbox (4.49997pt too wide) detected at line 4101
 []\T1/qtm/m/n/10 2016
 []


Overfull \hbox (4.49997pt too wide) detected at line 4102
 []\T1/qtm/m/n/10 2016
 []

[63]
Overfull \hbox (4.49997pt too wide) detected at line 4103
 []\T1/qtm/m/n/10 2016
 []


Overfull \hbox (4.49997pt too wide) detected at line 4104
 []\T1/qtm/m/n/10 2016
 []


Overfull \hbox (4.49997pt too wide) detected at line 4105
 []\T1/qtm/m/n/10 2016
 []


Overfull \hbox (4.49997pt too wide) detected at line 4106
 []\T1/qtm/m/n/10 2017
 []


Overfull \hbox (4.49997pt too wide) detected at line 4107
 []\T1/qtm/m/n/10 2017
 []


Overfull \hbox (4.49997pt too wide) detected at line 4108
 []\T1/qtm/m/n/10 2017
 []


Overfull \hbox (4.49997pt too wide) detected at line 4109
 []\T1/qtm/m/n/10 2017
 []


Overfull \hbox (4.49997pt too wide) detected at line 4110
 []\T1/qtm/m/n/10 2017
 []


Overfull \hbox (4.49997pt too wide) detected at line 4111
 []\T1/qtm/m/n/10 2017
 []


Overfull \hbox (4.49997pt too wide) detected at line 4112
 []\T1/qtm/m/n/10 2018
 []


Overfull \hbox (4.49997pt too wide) detected at line 4113
 []\T1/qtm/m/n/10 2018
 []


Overfull \hbox (4.49997pt too wide) detected at line 4114
 []\T1/qtm/m/n/10 2018
 []


Overfull \hbox (4.49997pt too wide) detected at line 4115
 []\T1/qtm/m/n/10 2019
 []


Overfull \hbox (4.49997pt too wide) detected at line 4116
 []\T1/qtm/m/n/10 2019
 []


Overfull \hbox (4.49997pt too wide) detected at line 4117
 []\T1/qtm/m/n/10 2019
 []


Overfull \hbox (4.49997pt too wide) detected at line 4118
 []\T1/qtm/m/n/10 2019
 []


Overfull \hbox (4.49997pt too wide) detected at line 4119
 []\T1/qtm/m/n/10 2019
 []


Overfull \hbox (4.49997pt too wide) detected at line 4120
 []\T1/qtm/m/n/10 2019
 []


Overfull \hbox (4.49997pt too wide) detected at line 4121
 []\T1/qtm/m/n/10 2019
 []


Overfull \hbox (4.49997pt too wide) detected at line 4122
 []\T1/qtm/m/n/10 2020
 []


Overfull \hbox (4.49997pt too wide) detected at line 4123
 []\T1/qtm/m/n/10 2020
 []


Overfull \hbox (4.49997pt too wide) detected at line 4124
 []\T1/qtm/m/n/10 2021
 []


Overfull \hbox (4.49997pt too wide) detected at line 4125
 []\T1/qtm/m/n/10 2021
 []


Overfull \hbox (4.49997pt too wide) detected at line 4126
 []\T1/qtm/m/n/10 2021
 []


Overfull \hbox (4.49997pt too wide) detected at line 4127
 []\T1/qtm/m/n/10 2021
 []


Overfull \hbox (4.49997pt too wide) detected at line 4128
 []\T1/qtm/m/n/10 2021
 []


Overfull \hbox (4.49997pt too wide) detected at line 4129
 []\T1/qtm/m/n/10 2021
 []


Overfull \hbox (4.49997pt too wide) detected at line 4130
 []\T1/qtm/m/n/10 2021
 []


Overfull \hbox (4.49997pt too wide) detected at line 4131
 []\T1/qtm/m/n/10 2022
 []


Overfull \hbox (4.49997pt too wide) detected at line 4132
 []\T1/qtm/m/n/10 2022
 []


Overfull \hbox (4.49997pt too wide) detected at line 4133
 []\T1/qtm/m/n/10 2022
 []


Overfull \hbox (4.49997pt too wide) detected at line 4134
 []\T1/qtm/m/n/10 2022
 []


Overfull \hbox (4.49997pt too wide) detected at line 4135
 []\T1/qtm/m/n/10 2022
 []


Overfull \hbox (4.49997pt too wide) detected at line 4136
 []\T1/qtm/m/n/10 2022
 []


Overfull \hbox (4.49997pt too wide) detected at line 4137
 []\T1/qtm/m/n/10 2023
 []


Overfull \hbox (4.49997pt too wide) detected at line 4138
 []\T1/qtm/m/n/10 2024
 []


Overfull \hbox (4.49997pt too wide) detected at line 4139
 []\T1/qtm/m/n/10 2024
 []


Overfull \hbox (4.49997pt too wide) detected at line 4140
 []\T1/qtm/m/n/10 2024
 []


Overfull \hbox (4.49997pt too wide) detected at line 4141
 []\T1/qtm/m/n/10 2024
 []


Overfull \hbox (4.49997pt too wide) detected at line 4142
 []\T1/qtm/m/n/10 2024
 []


Overfull \hbox (4.49997pt too wide) detected at line 4143
 []\T1/qtm/m/n/10 2024
 []


Overfull \hbox (4.49997pt too wide) detected at line 4144
 []\T1/qtm/m/n/10 2025
 []


Overfull \hbox (4.49997pt too wide) detected at line 4145
 []\T1/qtm/m/n/10 2025
 []


Overfull \hbox (4.49997pt too wide) detected at line 4146
 []\T1/qtm/m/n/10 2026
 []


Overfull \hbox (4.49997pt too wide) detected at line 4147
 []\T1/qtm/m/n/10 2026
 []


Overfull \hbox (4.49997pt too wide) detected at line 4148
 []\T1/qtm/m/n/10 2026
 []


Overfull \hbox (4.49997pt too wide) detected at line 4149
 []\T1/qtm/m/n/10 2026
 []


Overfull \hbox (4.49997pt too wide) detected at line 4150
 []\T1/qtm/m/n/10 2026
 []


Overfull \hbox (4.49997pt too wide) detected at line 4151
 []\T1/qtm/m/n/10 2026
 []


Overfull \hbox (4.49997pt too wide) detected at line 4152
 []\T1/qtm/m/n/10 2027
 []


Overfull \hbox (4.49997pt too wide) detected at line 4153
 []\T1/qtm/m/n/10 2027
 []


Overfull \hbox (4.49997pt too wide) detected at line 4154
 []\T1/qtm/m/n/10 2027
 []


Overfull \hbox (4.49997pt too wide) detected at line 4155
 []\T1/qtm/m/n/10 2027
 []


Overfull \hbox (4.49997pt too wide) detected at line 4156
 []\T1/qtm/m/n/10 2027
 []

[64]
Overfull \hbox (4.49997pt too wide) detected at line 4157
 []\T1/qtm/m/n/10 2027
 []


Overfull \hbox (4.49997pt too wide) detected at line 4158
 []\T1/qtm/m/n/10 2027
 []


Overfull \hbox (4.49997pt too wide) detected at line 4159
 []\T1/qtm/m/n/10 2027
 []


Overfull \hbox (4.49997pt too wide) detected at line 4160
 []\T1/qtm/m/n/10 2028
 []


Overfull \hbox (4.49997pt too wide) detected at line 4161
 []\T1/qtm/m/n/10 2028
 []


Overfull \hbox (4.49997pt too wide) detected at line 4162
 []\T1/qtm/m/n/10 2028
 []


Overfull \hbox (4.49997pt too wide) detected at line 4163
 []\T1/qtm/m/n/10 2028
 []


Overfull \hbox (4.49997pt too wide) detected at line 4164
 []\T1/qtm/m/n/10 2028
 []


Overfull \hbox (4.49997pt too wide) detected at line 4165
 []\T1/qtm/m/n/10 2028
 []


Overfull \hbox (4.49997pt too wide) detected at line 4166
 []\T1/qtm/m/n/10 2028
 []


Overfull \hbox (4.49997pt too wide) detected at line 4167
 []\T1/qtm/m/n/10 2028
 []


Overfull \hbox (4.49997pt too wide) detected at line 4168
 []\T1/qtm/m/n/10 2029
 []


Overfull \hbox (4.49997pt too wide) detected at line 4169
 []\T1/qtm/m/n/10 2029
 []


Overfull \hbox (4.49997pt too wide) detected at line 4170
 []\T1/qtm/m/n/10 2030
 []


Overfull \hbox (4.49997pt too wide) detected at line 4171
 []\T1/qtm/m/n/10 2030
 []


Overfull \hbox (4.49997pt too wide) detected at line 4172
 []\T1/qtm/m/n/10 2030
 []


Overfull \hbox (4.49997pt too wide) detected at line 4173
 []\T1/qtm/m/n/10 2030
 []


Overfull \hbox (4.49997pt too wide) detected at line 4174
 []\T1/qtm/m/n/10 2030
 []


Overfull \hbox (4.49997pt too wide) detected at line 4175
 []\T1/qtm/m/n/10 2030
 []


Overfull \hbox (4.49997pt too wide) detected at line 4176
 []\T1/qtm/m/n/10 2031
 []


Overfull \hbox (4.49997pt too wide) detected at line 4177
 []\T1/qtm/m/n/10 2031
 []


Overfull \hbox (4.49997pt too wide) detected at line 4178
 []\T1/qtm/m/n/10 2031
 []


Overfull \hbox (4.49997pt too wide) detected at line 4179
 []\T1/qtm/m/n/10 2031
 []


Overfull \hbox (4.49997pt too wide) detected at line 4180
 []\T1/qtm/m/n/10 2031
 []


Overfull \hbox (4.49997pt too wide) detected at line 4181
 []\T1/qtm/m/n/10 2031
 []


Overfull \hbox (4.49997pt too wide) detected at line 4182
 []\T1/qtm/m/n/10 2031
 []


Overfull \hbox (4.49997pt too wide) detected at line 4183
 []\T1/qtm/m/n/10 2031
 []


Overfull \hbox (4.49997pt too wide) detected at line 4184
 []\T1/qtm/m/n/10 2031
 []


Overfull \hbox (4.49997pt too wide) detected at line 4185
 []\T1/qtm/m/n/10 2032
 []


Overfull \hbox (4.49997pt too wide) detected at line 4186
 []\T1/qtm/m/n/10 2032
 []


Overfull \hbox (4.49997pt too wide) detected at line 4187
 []\T1/qtm/m/n/10 2032
 []


Overfull \hbox (4.49997pt too wide) detected at line 4188
 []\T1/qtm/m/n/10 2032
 []


Overfull \hbox (4.49997pt too wide) detected at line 4189
 []\T1/qtm/m/n/10 2033
 []


Overfull \hbox (4.49997pt too wide) detected at line 4190
 []\T1/qtm/m/n/10 2033
 []


Overfull \hbox (4.49997pt too wide) detected at line 4191
 []\T1/qtm/m/n/10 2033
 []


Overfull \hbox (4.49997pt too wide) detected at line 4192
 []\T1/qtm/m/n/10 2033
 []


Overfull \hbox (4.49997pt too wide) detected at line 4193
 []\T1/qtm/m/n/10 2033
 []


Overfull \hbox (4.49997pt too wide) detected at line 4194
 []\T1/qtm/m/n/10 2033
 []


Overfull \hbox (4.49997pt too wide) detected at line 4195
 []\T1/qtm/m/n/10 2033
 []


Overfull \hbox (4.49997pt too wide) detected at line 4196
 []\T1/qtm/m/n/10 2034
 []


Overfull \hbox (4.49997pt too wide) detected at line 4197
 []\T1/qtm/m/n/10 2034
 []


Overfull \hbox (4.49997pt too wide) detected at line 4198
 []\T1/qtm/m/n/10 2034
 []


Overfull \hbox (4.49997pt too wide) detected at line 4199
 []\T1/qtm/m/n/10 2034
 []


Overfull \hbox (4.49997pt too wide) detected at line 4200
 []\T1/qtm/m/n/10 2035
 []


Overfull \hbox (4.49997pt too wide) detected at line 4201
 []\T1/qtm/m/n/10 2035
 []


Overfull \hbox (4.49997pt too wide) detected at line 4202
 []\T1/qtm/m/n/10 2035
 []


Overfull \hbox (4.49997pt too wide) detected at line 4203
 []\T1/qtm/m/n/10 2035
 []


Overfull \hbox (4.49997pt too wide) detected at line 4204
 []\T1/qtm/m/n/10 2036
 []


Overfull \hbox (4.49997pt too wide) detected at line 4205
 []\T1/qtm/m/n/10 2037
 []


Overfull \hbox (4.49997pt too wide) detected at line 4206
 []\T1/qtm/m/n/10 2037
 []


Overfull \hbox (4.49997pt too wide) detected at line 4207
 []\T1/qtm/m/n/10 2037
 []


Overfull \hbox (4.49997pt too wide) detected at line 4208
 []\T1/qtm/m/n/10 2037
 []


Overfull \hbox (4.49997pt too wide) detected at line 4209
 []\T1/qtm/m/n/10 2037
 []


Overfull \hbox (4.49997pt too wide) detected at line 4210
 []\T1/qtm/m/n/10 2037
 []

[65]
Overfull \hbox (4.49997pt too wide) detected at line 4211
 []\T1/qtm/m/n/10 2037
 []


Overfull \hbox (4.49997pt too wide) detected at line 4212
 []\T1/qtm/m/n/10 2038
 []


Overfull \hbox (4.49997pt too wide) detected at line 4213
 []\T1/qtm/m/n/10 2038
 []


Overfull \hbox (4.49997pt too wide) detected at line 4214
 []\T1/qtm/m/n/10 2038
 []


Overfull \hbox (4.49997pt too wide) detected at line 4215
 []\T1/qtm/m/n/10 2038
 []


Overfull \hbox (4.49997pt too wide) detected at line 4216
 []\T1/qtm/m/n/10 2038
 []


Overfull \hbox (4.49997pt too wide) detected at line 4217
 []\T1/qtm/m/n/10 2038
 []


Overfull \hbox (4.49997pt too wide) detected at line 4218
 []\T1/qtm/m/n/10 2039
 []


Overfull \hbox (4.49997pt too wide) detected at line 4219
 []\T1/qtm/m/n/10 2039
 []


Overfull \hbox (4.49997pt too wide) detected at line 4220
 []\T1/qtm/m/n/10 2039
 []


Overfull \hbox (4.49997pt too wide) detected at line 4221
 []\T1/qtm/m/n/10 2039
 []


Overfull \hbox (4.49997pt too wide) detected at line 4222
 []\T1/qtm/m/n/10 2039
 []


Overfull \hbox (4.49997pt too wide) detected at line 4223
 []\T1/qtm/m/n/10 2039
 []


Overfull \hbox (4.49997pt too wide) detected at line 4224
 []\T1/qtm/m/n/10 2039
 []


Overfull \hbox (4.49997pt too wide) detected at line 4225
 []\T1/qtm/m/n/10 2039
 []


Overfull \hbox (4.49997pt too wide) detected at line 4226
 []\T1/qtm/m/n/10 2040
 []


Overfull \hbox (4.49997pt too wide) detected at line 4227
 []\T1/qtm/m/n/10 2040
 []


Overfull \hbox (4.49997pt too wide) detected at line 4228
 []\T1/qtm/m/n/10 2040
 []


Overfull \hbox (4.49997pt too wide) detected at line 4229
 []\T1/qtm/m/n/10 2040
 []


Overfull \hbox (4.49997pt too wide) detected at line 4230
 []\T1/qtm/m/n/10 2040
 []


Overfull \hbox (4.49997pt too wide) detected at line 4231
 []\T1/qtm/m/n/10 2040
 []


Overfull \hbox (4.49997pt too wide) detected at line 4232
 []\T1/qtm/m/n/10 2040
 []


Overfull \hbox (4.49997pt too wide) detected at line 4233
 []\T1/qtm/m/n/10 2040
 []


Overfull \hbox (4.49997pt too wide) detected at line 4234
 []\T1/qtm/m/n/10 2041
 []


Overfull \hbox (4.49997pt too wide) detected at line 4235
 []\T1/qtm/m/n/10 2041
 []


Overfull \hbox (4.49997pt too wide) detected at line 4236
 []\T1/qtm/m/n/10 2041
 []


Overfull \hbox (4.49997pt too wide) detected at line 4237
 []\T1/qtm/m/n/10 2041
 []


Overfull \hbox (4.49997pt too wide) detected at line 4238
 []\T1/qtm/m/n/10 2041
 []


Overfull \hbox (4.49997pt too wide) detected at line 4239
 []\T1/qtm/m/n/10 2042
 []


Overfull \hbox (4.49997pt too wide) detected at line 4240
 []\T1/qtm/m/n/10 2042
 []


Overfull \hbox (4.49997pt too wide) detected at line 4241
 []\T1/qtm/m/n/10 2042
 []


Overfull \hbox (4.49997pt too wide) detected at line 4242
 []\T1/qtm/m/n/10 2042
 []


Overfull \hbox (4.49997pt too wide) detected at line 4243
 []\T1/qtm/m/n/10 2042
 []


Overfull \hbox (4.49997pt too wide) detected at line 4244
 []\T1/qtm/m/n/10 2043
 []


Overfull \hbox (4.49997pt too wide) detected at line 4245
 []\T1/qtm/m/n/10 2043
 []


Overfull \hbox (4.49997pt too wide) detected at line 4246
 []\T1/qtm/m/n/10 2043
 []


Overfull \hbox (4.49997pt too wide) detected at line 4247
 []\T1/qtm/m/n/10 2043
 []


Overfull \hbox (4.49997pt too wide) detected at line 4248
 []\T1/qtm/m/n/10 2044
 []


Overfull \hbox (4.49997pt too wide) detected at line 4249
 []\T1/qtm/m/n/10 2044
 []


Overfull \hbox (4.49997pt too wide) detected at line 4250
 []\T1/qtm/m/n/10 2044
 []


Overfull \hbox (4.49997pt too wide) detected at line 4251
 []\T1/qtm/m/n/10 2044
 []


Overfull \hbox (4.49997pt too wide) detected at line 4252
 []\T1/qtm/m/n/10 2045
 []


Overfull \hbox (4.49997pt too wide) detected at line 4253
 []\T1/qtm/m/n/10 2045
 []


Overfull \hbox (4.49997pt too wide) detected at line 4254
 []\T1/qtm/m/n/10 2045
 []


Overfull \hbox (4.49997pt too wide) detected at line 4255
 []\T1/qtm/m/n/10 2045
 []


Overfull \hbox (4.49997pt too wide) detected at line 4256
 []\T1/qtm/m/n/10 2046
 []


Overfull \hbox (4.49997pt too wide) detected at line 4257
 []\T1/qtm/m/n/10 2046
 []


Overfull \hbox (4.49997pt too wide) detected at line 4258
 []\T1/qtm/m/n/10 2046
 []


Overfull \hbox (4.49997pt too wide) detected at line 4259
 []\T1/qtm/m/n/10 2046
 []


Overfull \hbox (4.49997pt too wide) detected at line 4260
 []\T1/qtm/m/n/10 2046
 []


Overfull \hbox (4.49997pt too wide) detected at line 4261
 []\T1/qtm/m/n/10 2046
 []


Overfull \hbox (4.49997pt too wide) detected at line 4262
 []\T1/qtm/m/n/10 2047
 []


Overfull \hbox (4.49997pt too wide) detected at line 4263
 []\T1/qtm/m/n/10 2047
 []


Overfull \hbox (4.49997pt too wide) detected at line 4264
 []\T1/qtm/m/n/10 2047
 []

[66]
Overfull \hbox (4.49997pt too wide) detected at line 4265
 []\T1/qtm/m/n/10 2047
 []


Overfull \hbox (4.49997pt too wide) detected at line 4266
 []\T1/qtm/m/n/10 2047
 []


Overfull \hbox (4.49997pt too wide) detected at line 4267
 []\T1/qtm/m/n/10 2047
 []


Overfull \hbox (4.49997pt too wide) detected at line 4268
 []\T1/qtm/m/n/10 2047
 []


Overfull \hbox (4.49997pt too wide) detected at line 4269
 []\T1/qtm/m/n/10 2048
 []


Overfull \hbox (4.49997pt too wide) detected at line 4270
 []\T1/qtm/m/n/10 2048
 []


Overfull \hbox (4.49997pt too wide) detected at line 4271
 []\T1/qtm/m/n/10 2048
 []


Overfull \hbox (4.49997pt too wide) detected at line 4272
 []\T1/qtm/m/n/10 2048
 []


Overfull \hbox (4.49997pt too wide) detected at line 4273
 []\T1/qtm/m/n/10 2048
 []


Overfull \hbox (4.49997pt too wide) detected at line 4274
 []\T1/qtm/m/n/10 2048
 []


Overfull \hbox (4.49997pt too wide) detected at line 4275
 []\T1/qtm/m/n/10 2048
 []


Overfull \hbox (4.49997pt too wide) detected at line 4276
 []\T1/qtm/m/n/10 2049
 []


Overfull \hbox (4.49997pt too wide) detected at line 4277
 []\T1/qtm/m/n/10 2049
 []


Overfull \hbox (4.49997pt too wide) detected at line 4278
 []\T1/qtm/m/n/10 2049
 []


Overfull \hbox (4.49997pt too wide) detected at line 4279
 []\T1/qtm/m/n/10 2049
 []


Overfull \hbox (4.49997pt too wide) detected at line 4280
 []\T1/qtm/m/n/10 2049
 []


Overfull \hbox (4.49997pt too wide) detected at line 4281
 []\T1/qtm/m/n/10 2049
 []


Overfull \hbox (4.49997pt too wide) detected at line 4282
 []\T1/qtm/m/n/10 2050
 []


Overfull \hbox (4.49997pt too wide) detected at line 4283
 []\T1/qtm/m/n/10 2050
 []


Overfull \hbox (4.49997pt too wide) detected at line 4284
 []\T1/qtm/m/n/10 2050
 []


Overfull \hbox (4.49997pt too wide) detected at line 4285
 []\T1/qtm/m/n/10 2050
 []


Overfull \hbox (4.49997pt too wide) detected at line 4286
 []\T1/qtm/m/n/10 2050
 []


Overfull \hbox (4.49997pt too wide) detected at line 4287
 []\T1/qtm/m/n/10 2050
 []


Overfull \hbox (4.49997pt too wide) detected at line 4288
 []\T1/qtm/m/n/10 2050
 []


Overfull \hbox (4.49997pt too wide) detected at line 4289
 []\T1/qtm/m/n/10 2050
 []


Overfull \hbox (4.49997pt too wide) detected at line 4290
 []\T1/qtm/m/n/10 2051
 []


Overfull \hbox (4.49997pt too wide) detected at line 4291
 []\T1/qtm/m/n/10 2051
 []


Overfull \hbox (4.49997pt too wide) detected at line 4292
 []\T1/qtm/m/n/10 2051
 []


Overfull \hbox (4.49997pt too wide) detected at line 4293
 []\T1/qtm/m/n/10 2051
 []


Overfull \hbox (4.49997pt too wide) detected at line 4294
 []\T1/qtm/m/n/10 2051
 []


Overfull \hbox (4.49997pt too wide) detected at line 4295
 []\T1/qtm/m/n/10 2051
 []


Overfull \hbox (4.49997pt too wide) detected at line 4296
 []\T1/qtm/m/n/10 2052
 []


Overfull \hbox (4.49997pt too wide) detected at line 4297
 []\T1/qtm/m/n/10 2052
 []


Overfull \hbox (4.49997pt too wide) detected at line 4298
 []\T1/qtm/m/n/10 2052
 []


Overfull \hbox (4.49997pt too wide) detected at line 4299
 []\T1/qtm/m/n/10 2052
 []


Overfull \hbox (4.49997pt too wide) detected at line 4300
 []\T1/qtm/m/n/10 2053
 []


Overfull \hbox (4.49997pt too wide) detected at line 4301
 []\T1/qtm/m/n/10 2054
 []


Overfull \hbox (4.49997pt too wide) detected at line 4302
 []\T1/qtm/m/n/10 2054
 []


Overfull \hbox (4.49997pt too wide) detected at line 4303
 []\T1/qtm/m/n/10 2054
 []


Overfull \hbox (4.49997pt too wide) detected at line 4304
 []\T1/qtm/m/n/10 2054
 []


Overfull \hbox (4.49997pt too wide) detected at line 4305
 []\T1/qtm/m/n/10 2054
 []


Overfull \hbox (4.49997pt too wide) detected at line 4306
 []\T1/qtm/m/n/10 2055
 []


Overfull \hbox (4.49997pt too wide) detected at line 4307
 []\T1/qtm/m/n/10 2055
 []


Overfull \hbox (4.49997pt too wide) detected at line 4308
 []\T1/qtm/m/n/10 2057
 []


Overfull \hbox (4.49997pt too wide) detected at line 4309
 []\T1/qtm/m/n/10 2058
 []


Overfull \hbox (4.49997pt too wide) detected at line 4310
 []\T1/qtm/m/n/10 2058
 []


Overfull \hbox (4.49997pt too wide) detected at line 4311
 []\T1/qtm/m/n/10 2058
 []


Overfull \hbox (4.49997pt too wide) detected at line 4312
 []\T1/qtm/m/n/10 2058
 []


Overfull \hbox (4.49997pt too wide) detected at line 4313
 []\T1/qtm/m/n/10 2058
 []


Overfull \hbox (4.49997pt too wide) detected at line 4314
 []\T1/qtm/m/n/10 2059
 []


Overfull \hbox (4.49997pt too wide) detected at line 4315
 []\T1/qtm/m/n/10 2059
 []


Overfull \hbox (4.49997pt too wide) detected at line 4316
 []\T1/qtm/m/n/10 2059
 []


Overfull \hbox (4.49997pt too wide) detected at line 4317
 []\T1/qtm/m/n/10 2059
 []


Overfull \hbox (4.49997pt too wide) detected at line 4318
 []\T1/qtm/m/n/10 2059
 []

[67]
Overfull \hbox (4.49997pt too wide) detected at line 4319
 []\T1/qtm/m/n/10 2060
 []


Overfull \hbox (4.49997pt too wide) detected at line 4320
 []\T1/qtm/m/n/10 2060
 []


Overfull \hbox (4.49997pt too wide) detected at line 4321
 []\T1/qtm/m/n/10 2060
 []


Overfull \hbox (4.49997pt too wide) detected at line 4322
 []\T1/qtm/m/n/10 2060
 []


Overfull \hbox (4.49997pt too wide) detected at line 4323
 []\T1/qtm/m/n/10 2061
 []


Overfull \hbox (4.49997pt too wide) detected at line 4324
 []\T1/qtm/m/n/10 2063
 []


Overfull \hbox (4.49997pt too wide) detected at line 4325
 []\T1/qtm/m/n/10 2063
 []


Overfull \hbox (4.49997pt too wide) detected at line 4326
 []\T1/qtm/m/n/10 2063
 []


Overfull \hbox (4.49997pt too wide) detected at line 4327
 []\T1/qtm/m/n/10 2063
 []


Overfull \hbox (4.49997pt too wide) detected at line 4328
 []\T1/qtm/m/n/10 2063
 []


Overfull \hbox (4.49997pt too wide) detected at line 4329
 []\T1/qtm/m/n/10 2063
 []


Overfull \hbox (4.49997pt too wide) detected at line 4330
 []\T1/qtm/m/n/10 2064
 []


Overfull \hbox (4.49997pt too wide) detected at line 4331
 []\T1/qtm/m/n/10 2064
 []


Overfull \hbox (4.49997pt too wide) detected at line 4332
 []\T1/qtm/m/n/10 2065
 []


Overfull \hbox (4.49997pt too wide) detected at line 4333
 []\T1/qtm/m/n/10 2065
 []


Overfull \hbox (4.49997pt too wide) detected at line 4334
 []\T1/qtm/m/n/10 2065
 []


Overfull \hbox (4.49997pt too wide) detected at line 4335
 []\T1/qtm/m/n/10 2065
 []


Overfull \hbox (4.49997pt too wide) detected at line 4336
 []\T1/qtm/m/n/10 2066
 []


Overfull \hbox (4.49997pt too wide) detected at line 4337
 []\T1/qtm/m/n/10 2066
 []


Overfull \hbox (4.49997pt too wide) detected at line 4338
 []\T1/qtm/m/n/10 2066
 []


Overfull \hbox (4.49997pt too wide) detected at line 4339
 []\T1/qtm/m/n/10 2066
 []


Overfull \hbox (4.49997pt too wide) detected at line 4340
 []\T1/qtm/m/n/10 2066
 []


Overfull \hbox (4.49997pt too wide) detected at line 4341
 []\T1/qtm/m/n/10 2067
 []


Overfull \hbox (4.49997pt too wide) detected at line 4342
 []\T1/qtm/m/n/10 2067
 []


Overfull \hbox (4.49997pt too wide) detected at line 4343
 []\T1/qtm/m/n/10 2067
 []


Overfull \hbox (4.49997pt too wide) detected at line 4344
 []\T1/qtm/m/n/10 2067
 []


Overfull \hbox (4.49997pt too wide) detected at line 4345
 []\T1/qtm/m/n/10 2067
 []


Overfull \hbox (4.49997pt too wide) detected at line 4346
 []\T1/qtm/m/n/10 2067
 []


Overfull \hbox (4.49997pt too wide) detected at line 4347
 []\T1/qtm/m/n/10 2067
 []


Overfull \hbox (4.49997pt too wide) detected at line 4348
 []\T1/qtm/m/n/10 2068
 []


Overfull \hbox (4.49997pt too wide) detected at line 4349
 []\T1/qtm/m/n/10 2068
 []


Overfull \hbox (4.49997pt too wide) detected at line 4350
 []\T1/qtm/m/n/10 2068
 []


Overfull \hbox (4.49997pt too wide) detected at line 4351
 []\T1/qtm/m/n/10 2069
 []


Overfull \hbox (4.49997pt too wide) detected at line 4352
 []\T1/qtm/m/n/10 2069
 []


Overfull \hbox (4.49997pt too wide) detected at line 4353
 []\T1/qtm/m/n/10 2069
 []


Overfull \hbox (4.49997pt too wide) detected at line 4354
 []\T1/qtm/m/n/10 2069
 []


Overfull \hbox (4.49997pt too wide) detected at line 4355
 []\T1/qtm/m/n/10 2069
 []


Overfull \hbox (4.49997pt too wide) detected at line 4356
 []\T1/qtm/m/n/10 2070
 []


Overfull \hbox (4.49997pt too wide) detected at line 4357
 []\T1/qtm/m/n/10 2070
 []


Overfull \hbox (4.49997pt too wide) detected at line 4358
 []\T1/qtm/m/n/10 2070
 []


Overfull \hbox (4.49997pt too wide) detected at line 4359
 []\T1/qtm/m/n/10 2070
 []


Overfull \hbox (4.49997pt too wide) detected at line 4360
 []\T1/qtm/m/n/10 2070
 []


Overfull \hbox (4.49997pt too wide) detected at line 4361
 []\T1/qtm/m/n/10 2070
 []


Overfull \hbox (4.49997pt too wide) detected at line 4362
 []\T1/qtm/m/n/10 2071
 []


Overfull \hbox (4.49997pt too wide) detected at line 4363
 []\T1/qtm/m/n/10 2071
 []


Overfull \hbox (4.49997pt too wide) detected at line 4364
 []\T1/qtm/m/n/10 2071
 []


Overfull \hbox (4.49997pt too wide) detected at line 4365
 []\T1/qtm/m/n/10 2072
 []


Overfull \hbox (4.49997pt too wide) detected at line 4366
 []\T1/qtm/m/n/10 2072
 []


Overfull \hbox (4.49997pt too wide) detected at line 4367
 []\T1/qtm/m/n/10 2072
 []


Overfull \hbox (4.49997pt too wide) detected at line 4368
 []\T1/qtm/m/n/10 2072
 []


Overfull \hbox (4.49997pt too wide) detected at line 4369
 []\T1/qtm/m/n/10 2072
 []


Overfull \hbox (4.49997pt too wide) detected at line 4370
 []\T1/qtm/m/n/10 2072
 []


Overfull \hbox (4.49997pt too wide) detected at line 4371
 []\T1/qtm/m/n/10 2072
 []


Overfull \hbox (4.49997pt too wide) detected at line 4372
 []\T1/qtm/m/n/10 2074
 []

[68]
Overfull \hbox (4.49997pt too wide) detected at line 4373
 []\T1/qtm/m/n/10 2074
 []


Overfull \hbox (4.49997pt too wide) detected at line 4374
 []\T1/qtm/m/n/10 2074
 []


Overfull \hbox (4.49997pt too wide) detected at line 4375
 []\T1/qtm/m/n/10 2074
 []


Overfull \hbox (4.49997pt too wide) detected at line 4377
 []\T1/qtm/m/n/10 2076
 []


Overfull \hbox (4.49997pt too wide) detected at line 4378
 []\T1/qtm/m/n/10 2076
 []


Overfull \hbox (4.49997pt too wide) detected at line 4379
 []\T1/qtm/m/n/10 2076
 []


Overfull \hbox (4.49997pt too wide) detected at line 4380
 []\T1/qtm/m/n/10 2076
 []


Overfull \hbox (4.49997pt too wide) detected at line 4381
 []\T1/qtm/m/n/10 2077
 []


Overfull \hbox (4.49997pt too wide) detected at line 4382
 []\T1/qtm/m/n/10 2077
 []


Overfull \hbox (4.49997pt too wide) detected at line 4383
 []\T1/qtm/m/n/10 2077
 []


Overfull \hbox (4.49997pt too wide) detected at line 4384
 []\T1/qtm/m/n/10 2077
 []


Overfull \hbox (4.49997pt too wide) detected at line 4385
 []\T1/qtm/m/n/10 2078
 []


Overfull \hbox (4.49997pt too wide) detected at line 4386
 []\T1/qtm/m/n/10 2078
 []


Overfull \hbox (4.49997pt too wide) detected at line 4387
 []\T1/qtm/m/n/10 2078
 []


Overfull \hbox (4.49997pt too wide) detected at line 4388
 []\T1/qtm/m/n/10 2078
 []


Overfull \hbox (4.49997pt too wide) detected at line 4389
 []\T1/qtm/m/n/10 2080
 []


Overfull \hbox (4.49997pt too wide) detected at line 4390
 []\T1/qtm/m/n/10 2080
 []


Overfull \hbox (4.49997pt too wide) detected at line 4391
 []\T1/qtm/m/n/10 2080
 []


Overfull \hbox (4.49997pt too wide) detected at line 4392
 []\T1/qtm/m/n/10 2080
 []


Overfull \hbox (4.49997pt too wide) detected at line 4393
 []\T1/qtm/m/n/10 2080
 []


Overfull \hbox (4.49997pt too wide) detected at line 4394
 []\T1/qtm/m/n/10 2080
 []


Overfull \hbox (4.49997pt too wide) detected at line 4395
 []\T1/qtm/m/n/10 2081
 []


Overfull \hbox (4.49997pt too wide) detected at line 4396
 []\T1/qtm/m/n/10 2081
 []


Overfull \hbox (4.49997pt too wide) detected at line 4397
 []\T1/qtm/m/n/10 2081
 []


Overfull \hbox (4.49997pt too wide) detected at line 4398
 []\T1/qtm/m/n/10 2081
 []


Overfull \hbox (4.49997pt too wide) detected at line 4399
 []\T1/qtm/m/n/10 2081
 []


Overfull \hbox (4.49997pt too wide) detected at line 4400
 []\T1/qtm/m/n/10 2081
 []


Overfull \hbox (4.49997pt too wide) detected at line 4401
 []\T1/qtm/m/n/10 2081
 []


Overfull \hbox (4.49997pt too wide) detected at line 4402
 []\T1/qtm/m/n/10 2081
 []


Overfull \hbox (4.49997pt too wide) detected at line 4403
 []\T1/qtm/m/n/10 2082
 []


Overfull \hbox (4.49997pt too wide) detected at line 4404
 []\T1/qtm/m/n/10 2082
 []


Overfull \hbox (4.49997pt too wide) detected at line 4405
 []\T1/qtm/m/n/10 2082
 []


Overfull \hbox (4.49997pt too wide) detected at line 4406
 []\T1/qtm/m/n/10 2082
 []


Overfull \hbox (4.49997pt too wide) detected at line 4407
 []\T1/qtm/m/n/10 2082
 []


Overfull \hbox (4.49997pt too wide) detected at line 4408
 []\T1/qtm/m/n/10 2083
 []


Overfull \hbox (4.49997pt too wide) detected at line 4409
 []\T1/qtm/m/n/10 2083
 []


Overfull \hbox (4.49997pt too wide) detected at line 4410
 []\T1/qtm/m/n/10 2083
 []


Overfull \hbox (4.49997pt too wide) detected at line 4411
 []\T1/qtm/m/n/10 2083
 []


Overfull \hbox (4.49997pt too wide) detected at line 4412
 []\T1/qtm/m/n/10 2083
 []


Overfull \hbox (4.49997pt too wide) detected at line 4413
 []\T1/qtm/m/n/10 2084
 []


Overfull \hbox (4.49997pt too wide) detected at line 4414
 []\T1/qtm/m/n/10 2084
 []


Overfull \hbox (4.49997pt too wide) detected at line 4415
 []\T1/qtm/m/n/10 2084
 []


Overfull \hbox (4.49997pt too wide) detected at line 4416
 []\T1/qtm/m/n/10 2084
 []


Overfull \hbox (4.49997pt too wide) detected at line 4417
 []\T1/qtm/m/n/10 2084
 []


Overfull \hbox (4.49997pt too wide) detected at line 4418
 []\T1/qtm/m/n/10 2084
 []


Overfull \hbox (4.49997pt too wide) detected at line 4419
 []\T1/qtm/m/n/10 2084
 []


Overfull \hbox (4.49997pt too wide) detected at line 4420
 []\T1/qtm/m/n/10 2084
 []


Overfull \hbox (4.49997pt too wide) detected at line 4421
 []\T1/qtm/m/n/10 2085
 []


Overfull \hbox (4.49997pt too wide) detected at line 4422
 []\T1/qtm/m/n/10 2085
 []


Overfull \hbox (4.49997pt too wide) detected at line 4423
 []\T1/qtm/m/n/10 2085
 []


Overfull \hbox (4.49997pt too wide) detected at line 4424
 []\T1/qtm/m/n/10 2085
 []


Overfull \hbox (4.49997pt too wide) detected at line 4425
 []\T1/qtm/m/n/10 2085
 []


Overfull \hbox (4.49997pt too wide) detected at line 4426
 []\T1/qtm/m/n/10 2085
 []


Overfull \hbox (4.49997pt too wide) detected at line 4427
 []\T1/qtm/m/n/10 2085
 []

[69]
Overfull \hbox (4.49997pt too wide) detected at line 4428
 []\T1/qtm/m/n/10 2085
 []


Overfull \hbox (4.49997pt too wide) detected at line 4429
 []\T1/qtm/m/n/10 2086
 []


Overfull \hbox (4.49997pt too wide) detected at line 4430
 []\T1/qtm/m/n/10 2086
 []


Overfull \hbox (4.49997pt too wide) detected at line 4431
 []\T1/qtm/m/n/10 2086
 []


Overfull \hbox (4.49997pt too wide) detected at line 4432
 []\T1/qtm/m/n/10 2086
 []


Overfull \hbox (4.49997pt too wide) detected at line 4433
 []\T1/qtm/m/n/10 2086
 []


Overfull \hbox (4.49997pt too wide) detected at line 4434
 []\T1/qtm/m/n/10 2086
 []


Overfull \hbox (4.49997pt too wide) detected at line 4435
 []\T1/qtm/m/n/10 2086
 []


Overfull \hbox (4.49997pt too wide) detected at line 4436
 []\T1/qtm/m/n/10 2086
 []


Overfull \hbox (4.49997pt too wide) detected at line 4437
 []\T1/qtm/m/n/10 2087
 []


Overfull \hbox (4.49997pt too wide) detected at line 4438
 []\T1/qtm/m/n/10 2087
 []


Overfull \hbox (4.49997pt too wide) detected at line 4439
 []\T1/qtm/m/n/10 2087
 []


Overfull \hbox (4.49997pt too wide) detected at line 4440
 []\T1/qtm/m/n/10 2087
 []


Overfull \hbox (4.49997pt too wide) detected at line 4441
 []\T1/qtm/m/n/10 2087
 []


Overfull \hbox (4.49997pt too wide) detected at line 4442
 []\T1/qtm/m/n/10 2087
 []


Overfull \hbox (4.49997pt too wide) detected at line 4443
 []\T1/qtm/m/n/10 2088
 []


Overfull \hbox (4.49997pt too wide) detected at line 4444
 []\T1/qtm/m/n/10 2088
 []


Overfull \hbox (4.49997pt too wide) detected at line 4445
 []\T1/qtm/m/n/10 2088
 []


Overfull \hbox (4.49997pt too wide) detected at line 4446
 []\T1/qtm/m/n/10 2088
 []


Overfull \hbox (4.49997pt too wide) detected at line 4447
 []\T1/qtm/m/n/10 2089
 []


Overfull \hbox (4.49997pt too wide) detected at line 4448
 []\T1/qtm/m/n/10 2089
 []


Overfull \hbox (4.49997pt too wide) detected at line 4449
 []\T1/qtm/m/n/10 2089
 []


Overfull \hbox (4.49997pt too wide) detected at line 4450
 []\T1/qtm/m/n/10 2089
 []


Overfull \hbox (4.49997pt too wide) detected at line 4451
 []\T1/qtm/m/n/10 2089
 []


Overfull \hbox (4.49997pt too wide) detected at line 4452
 []\T1/qtm/m/n/10 2089
 []


Overfull \hbox (4.49997pt too wide) detected at line 4453
 []\T1/qtm/m/n/10 2089
 []


Overfull \hbox (4.49997pt too wide) detected at line 4454
 []\T1/qtm/m/n/10 2090
 []


Overfull \hbox (4.49997pt too wide) detected at line 4455
 []\T1/qtm/m/n/10 2090
 []


Overfull \hbox (4.49997pt too wide) detected at line 4456
 []\T1/qtm/m/n/10 2090
 []


Overfull \hbox (4.49997pt too wide) detected at line 4457
 []\T1/qtm/m/n/10 2090
 []


Overfull \hbox (4.49997pt too wide) detected at line 4458
 []\T1/qtm/m/n/10 2090
 []


Overfull \hbox (4.49997pt too wide) detected at line 4459
 []\T1/qtm/m/n/10 2090
 []


Overfull \hbox (4.49997pt too wide) detected at line 4460
 []\T1/qtm/m/n/10 2090
 []


Overfull \hbox (4.49997pt too wide) detected at line 4461
 []\T1/qtm/m/n/10 2092
 []


Overfull \hbox (4.49997pt too wide) detected at line 4462
 []\T1/qtm/m/n/10 2092
 []


Overfull \hbox (4.49997pt too wide) detected at line 4463
 []\T1/qtm/m/n/10 2092
 []


Overfull \hbox (4.49997pt too wide) detected at line 4464
 []\T1/qtm/m/n/10 2092
 []


Overfull \hbox (4.49997pt too wide) detected at line 4465
 []\T1/qtm/m/n/10 2093
 []


Overfull \hbox (4.49997pt too wide) detected at line 4466
 []\T1/qtm/m/n/10 2093
 []


Overfull \hbox (4.49997pt too wide) detected at line 4467
 []\T1/qtm/m/n/10 2093
 []


Overfull \hbox (4.49997pt too wide) detected at line 4468
 []\T1/qtm/m/n/10 2093
 []


Overfull \hbox (4.49997pt too wide) detected at line 4469
 []\T1/qtm/m/n/10 2093
 []


Overfull \hbox (4.49997pt too wide) detected at line 4470
 []\T1/qtm/m/n/10 2093
 []


Overfull \hbox (4.49997pt too wide) detected at line 4471
 []\T1/qtm/m/n/10 2093
 []


Overfull \hbox (4.49997pt too wide) detected at line 4472
 []\T1/qtm/m/n/10 2093
 []


Overfull \hbox (4.49997pt too wide) detected at line 4473
 []\T1/qtm/m/n/10 2094
 []


Overfull \hbox (4.49997pt too wide) detected at line 4474
 []\T1/qtm/m/n/10 2094
 []


Overfull \hbox (4.49997pt too wide) detected at line 4475
 []\T1/qtm/m/n/10 2094
 []


Overfull \hbox (4.49997pt too wide) detected at line 4476
 []\T1/qtm/m/n/10 2094
 []


Overfull \hbox (4.49997pt too wide) detected at line 4477
 []\T1/qtm/m/n/10 2095
 []


Overfull \hbox (4.49997pt too wide) detected at line 4478
 []\T1/qtm/m/n/10 2095
 []


Overfull \hbox (4.49997pt too wide) detected at line 4479
 []\T1/qtm/m/n/10 2095
 []


Overfull \hbox (4.49997pt too wide) detected at line 4480
 []\T1/qtm/m/n/10 2095
 []


Overfull \hbox (4.49997pt too wide) detected at line 4481
 []\T1/qtm/m/n/10 2095
 []

[70]
Overfull \hbox (4.49997pt too wide) detected at line 4482
 []\T1/qtm/m/n/10 2095
 []


Overfull \hbox (4.49997pt too wide) detected at line 4483
 []\T1/qtm/m/n/10 2096
 []


Overfull \hbox (4.49997pt too wide) detected at line 4484
 []\T1/qtm/m/n/10 2096
 []


Overfull \hbox (4.49997pt too wide) detected at line 4485
 []\T1/qtm/m/n/10 2097
 []


Overfull \hbox (4.49997pt too wide) detected at line 4486
 []\T1/qtm/m/n/10 2097
 []


Overfull \hbox (4.49997pt too wide) detected at line 4487
 []\T1/qtm/m/n/10 2097
 []


Overfull \hbox (4.49997pt too wide) detected at line 4488
 []\T1/qtm/m/n/10 2097
 []


Overfull \hbox (4.49997pt too wide) detected at line 4489
 []\T1/qtm/m/n/10 2097
 []


Overfull \hbox (4.49997pt too wide) detected at line 4490
 []\T1/qtm/m/n/10 2097
 []


Overfull \hbox (4.49997pt too wide) detected at line 4491
 []\T1/qtm/m/n/10 2098
 []


Overfull \hbox (4.49997pt too wide) detected at line 4492
 []\T1/qtm/m/n/10 2098
 []


Overfull \hbox (4.49997pt too wide) detected at line 4493
 []\T1/qtm/m/n/10 2098
 []


Overfull \hbox (4.49997pt too wide) detected at line 4494
 []\T1/qtm/m/n/10 2098
 []


Overfull \hbox (4.49997pt too wide) detected at line 4495
 []\T1/qtm/m/n/10 2098
 []


Overfull \hbox (4.49997pt too wide) detected at line 4496
 []\T1/qtm/m/n/10 2099
 []


Overfull \hbox (4.49997pt too wide) detected at line 4497
 []\T1/qtm/m/n/10 2099
 []


Overfull \hbox (4.49997pt too wide) detected at line 4498
 []\T1/qtm/m/n/10 2099
 []


Overfull \hbox (4.49997pt too wide) detected at line 4499
 []\T1/qtm/m/n/10 2099
 []


Overfull \hbox (4.49997pt too wide) detected at line 4500
 []\T1/qtm/m/n/10 2099
 []


Overfull \hbox (4.49997pt too wide) detected at line 4501
 []\T1/qtm/m/n/10 2099
 []


Overfull \hbox (4.49997pt too wide) detected at line 4502
 []\T1/qtm/m/n/10 2100
 []


Overfull \hbox (4.49997pt too wide) detected at line 4503
 []\T1/qtm/m/n/10 2100
 []


Overfull \hbox (4.49997pt too wide) detected at line 4504
 []\T1/qtm/m/n/10 2100
 []


Overfull \hbox (4.49997pt too wide) detected at line 4505
 []\T1/qtm/m/n/10 2100
 []


Overfull \hbox (4.49997pt too wide) detected at line 4506
 []\T1/qtm/m/n/10 2100
 []


Overfull \hbox (4.49997pt too wide) detected at line 4507
 []\T1/qtm/m/n/10 2100
 []


Overfull \hbox (4.49997pt too wide) detected at line 4508
 []\T1/qtm/m/n/10 2100
 []


Overfull \hbox (4.49997pt too wide) detected at line 4509
 []\T1/qtm/m/n/10 2101
 []


Overfull \hbox (4.49997pt too wide) detected at line 4510
 []\T1/qtm/m/n/10 2101
 []


Overfull \hbox (4.49997pt too wide) detected at line 4511
 []\T1/qtm/m/n/10 2101
 []


Overfull \hbox (4.49997pt too wide) detected at line 4512
 []\T1/qtm/m/n/10 2101
 []


Overfull \hbox (4.49997pt too wide) detected at line 4513
 []\T1/qtm/m/n/10 2101
 []


Overfull \hbox (4.49997pt too wide) detected at line 4514
 []\T1/qtm/m/n/10 2101
 []


Overfull \hbox (4.49997pt too wide) detected at line 4515
 []\T1/qtm/m/n/10 2102
 []


Overfull \hbox (4.49997pt too wide) detected at line 4516
 []\T1/qtm/m/n/10 2102
 []


Overfull \hbox (4.49997pt too wide) detected at line 4517
 []\T1/qtm/m/n/10 2104
 []


Overfull \hbox (4.49997pt too wide) detected at line 4518
 []\T1/qtm/m/n/10 2104
 []


Overfull \hbox (4.49997pt too wide) detected at line 4519
 []\T1/qtm/m/n/10 2104
 []


Overfull \hbox (4.49997pt too wide) detected at line 4520
 []\T1/qtm/m/n/10 2104
 []


Overfull \hbox (4.49997pt too wide) detected at line 4521
 []\T1/qtm/m/n/10 2104
 []


Overfull \hbox (4.49997pt too wide) detected at line 4522
 []\T1/qtm/m/n/10 2104
 []


Overfull \hbox (4.49997pt too wide) detected at line 4523
 []\T1/qtm/m/n/10 2105
 []


Overfull \hbox (4.49997pt too wide) detected at line 4524
 []\T1/qtm/m/n/10 2105
 []


Overfull \hbox (4.49997pt too wide) detected at line 4525
 []\T1/qtm/m/n/10 2107
 []


Overfull \hbox (4.49997pt too wide) detected at line 4526
 []\T1/qtm/m/n/10 2107
 []


Overfull \hbox (4.49997pt too wide) detected at line 4527
 []\T1/qtm/m/n/10 2107
 []


Overfull \hbox (4.49997pt too wide) detected at line 4528
 []\T1/qtm/m/n/10 2108
 []


Overfull \hbox (4.49997pt too wide) detected at line 4529
 []\T1/qtm/m/n/10 2108
 []


Overfull \hbox (4.49997pt too wide) detected at line 4530
 []\T1/qtm/m/n/10 2108
 []


Overfull \hbox (4.49997pt too wide) detected at line 4531
 []\T1/qtm/m/n/10 2108
 []


Overfull \hbox (4.49997pt too wide) detected at line 4532
 []\T1/qtm/m/n/10 2108
 []


Overfull \hbox (4.49997pt too wide) detected at line 4533
 []\T1/qtm/m/n/10 2109
 []


Overfull \hbox (4.49997pt too wide) detected at line 4534
 []\T1/qtm/m/n/10 2109
 []


Overfull \hbox (4.49997pt too wide) detected at line 4535
 []\T1/qtm/m/n/10 2109
 []

[71]
Overfull \hbox (4.49997pt too wide) detected at line 4536
 []\T1/qtm/m/n/10 2109
 []


Overfull \hbox (4.49997pt too wide) detected at line 4537
 []\T1/qtm/m/n/10 2109
 []


Overfull \hbox (4.49997pt too wide) detected at line 4538
 []\T1/qtm/m/n/10 2109
 []


Overfull \hbox (4.49997pt too wide) detected at line 4539
 []\T1/qtm/m/n/10 2110
 []


Overfull \hbox (4.49997pt too wide) detected at line 4540
 []\T1/qtm/m/n/10 2110
 []


Overfull \hbox (4.49997pt too wide) detected at line 4541
 []\T1/qtm/m/n/10 2111
 []


Overfull \hbox (4.49997pt too wide) detected at line 4542
 []\T1/qtm/m/n/10 2112
 []


Overfull \hbox (4.49997pt too wide) detected at line 4543
 []\T1/qtm/m/n/10 2112
 []


Overfull \hbox (4.49997pt too wide) detected at line 4544
 []\T1/qtm/m/n/10 2112
 []


Overfull \hbox (4.49997pt too wide) detected at line 4545
 []\T1/qtm/m/n/10 2112
 []


Overfull \hbox (4.49997pt too wide) detected at line 4546
 []\T1/qtm/m/n/10 2112
 []


Overfull \hbox (4.49997pt too wide) detected at line 4547
 []\T1/qtm/m/n/10 2112
 []


Overfull \hbox (4.49997pt too wide) detected at line 4548
 []\T1/qtm/m/n/10 2112
 []


Overfull \hbox (4.49997pt too wide) detected at line 4549
 []\T1/qtm/m/n/10 2113
 []


Overfull \hbox (4.49997pt too wide) detected at line 4550
 []\T1/qtm/m/n/10 2113
 []


Overfull \hbox (4.49997pt too wide) detected at line 4551
 []\T1/qtm/m/n/10 2113
 []


Overfull \hbox (4.49997pt too wide) detected at line 4552
 []\T1/qtm/m/n/10 2113
 []


Overfull \hbox (4.49997pt too wide) detected at line 4553
 []\T1/qtm/m/n/10 2113
 []


Overfull \hbox (4.49997pt too wide) detected at line 4554
 []\T1/qtm/m/n/10 2113
 []


Overfull \hbox (4.49997pt too wide) detected at line 4555
 []\T1/qtm/m/n/10 2114
 []


Overfull \hbox (4.49997pt too wide) detected at line 4556
 []\T1/qtm/m/n/10 2114
 []


Overfull \hbox (4.49997pt too wide) detected at line 4557
 []\T1/qtm/m/n/10 2115
 []


Overfull \hbox (4.49997pt too wide) detected at line 4558
 []\T1/qtm/m/n/10 2115
 []


Overfull \hbox (4.49997pt too wide) detected at line 4559
 []\T1/qtm/m/n/10 2115
 []


Overfull \hbox (4.49997pt too wide) detected at line 4560
 []\T1/qtm/m/n/10 2115
 []


Overfull \hbox (4.49997pt too wide) detected at line 4561
 []\T1/qtm/m/n/10 2115
 []


Overfull \hbox (4.49997pt too wide) detected at line 4562
 []\T1/qtm/m/n/10 2115
 []


Overfull \hbox (4.49997pt too wide) detected at line 4563
 []\T1/qtm/m/n/10 2115
 []


Overfull \hbox (4.49997pt too wide) detected at line 4564
 []\T1/qtm/m/n/10 2115
 []


Overfull \hbox (4.49997pt too wide) detected at line 4565
 []\T1/qtm/m/n/10 2116
 []


Overfull \hbox (4.49997pt too wide) detected at line 4566
 []\T1/qtm/m/n/10 2116
 []


Overfull \hbox (4.49997pt too wide) detected at line 4567
 []\T1/qtm/m/n/10 2116
 []


Overfull \hbox (4.49997pt too wide) detected at line 4568
 []\T1/qtm/m/n/10 2116
 []


Overfull \hbox (4.49997pt too wide) detected at line 4569
 []\T1/qtm/m/n/10 2116
 []


Overfull \hbox (4.49997pt too wide) detected at line 4570
 []\T1/qtm/m/n/10 2116
 []


Overfull \hbox (4.49997pt too wide) detected at line 4571
 []\T1/qtm/m/n/10 2116
 []


Overfull \hbox (4.49997pt too wide) detected at line 4572
 []\T1/qtm/m/n/10 2116
 []


Overfull \hbox (4.49997pt too wide) detected at line 4573
 []\T1/qtm/m/n/10 2116
 []


Overfull \hbox (4.49997pt too wide) detected at line 4574
 []\T1/qtm/m/n/10 2117
 []


Overfull \hbox (4.49997pt too wide) detected at line 4575
 []\T1/qtm/m/n/10 2117
 []


Overfull \hbox (4.49997pt too wide) detected at line 4576
 []\T1/qtm/m/n/10 2117
 []


Overfull \hbox (4.49997pt too wide) detected at line 4577
 []\T1/qtm/m/n/10 2118
 []


Overfull \hbox (4.49997pt too wide) detected at line 4578
 []\T1/qtm/m/n/10 2118
 []


Overfull \hbox (4.49997pt too wide) detected at line 4579
 []\T1/qtm/m/n/10 2118
 []


Overfull \hbox (4.49997pt too wide) detected at line 4580
 []\T1/qtm/m/n/10 2118
 []


Overfull \hbox (4.49997pt too wide) detected at line 4581
 []\T1/qtm/m/n/10 2118
 []


Overfull \hbox (4.49997pt too wide) detected at line 4582
 []\T1/qtm/m/n/10 2118
 []


Overfull \hbox (4.49997pt too wide) detected at line 4583
 []\T1/qtm/m/n/10 2119
 []


Overfull \hbox (4.49997pt too wide) detected at line 4584
 []\T1/qtm/m/n/10 2120
 []


Overfull \hbox (4.49997pt too wide) detected at line 4585
 []\T1/qtm/m/n/10 2120
 []


Overfull \hbox (4.49997pt too wide) detected at line 4586
 []\T1/qtm/m/n/10 2120
 []


Overfull \hbox (4.49997pt too wide) detected at line 4587
 []\T1/qtm/m/n/10 2120
 []


Overfull \hbox (4.49997pt too wide) detected at line 4588
 []\T1/qtm/m/n/10 2121
 []


Overfull \hbox (4.49997pt too wide) detected at line 4589
 []\T1/qtm/m/n/10 2121
 []

[72]
Overfull \hbox (4.49997pt too wide) detected at line 4590
 []\T1/qtm/m/n/10 2121
 []


Overfull \hbox (4.49997pt too wide) detected at line 4591
 []\T1/qtm/m/n/10 2121
 []


Overfull \hbox (4.49997pt too wide) detected at line 4592
 []\T1/qtm/m/n/10 2121
 []


Overfull \hbox (4.49997pt too wide) detected at line 4593
 []\T1/qtm/m/n/10 2122
 []


Overfull \hbox (4.49997pt too wide) detected at line 4594
 []\T1/qtm/m/n/10 2122
 []


Overfull \hbox (4.49997pt too wide) detected at line 4595
 []\T1/qtm/m/n/10 2122
 []


Overfull \hbox (4.49997pt too wide) detected at line 4596
 []\T1/qtm/m/n/10 2122
 []


Overfull \hbox (4.49997pt too wide) detected at line 4597
 []\T1/qtm/m/n/10 2122
 []


Overfull \hbox (4.49997pt too wide) detected at line 4598
 []\T1/qtm/m/n/10 2122
 []


Overfull \hbox (4.49997pt too wide) detected at line 4599
 []\T1/qtm/m/n/10 2122
 []


Overfull \hbox (4.49997pt too wide) detected at line 4600
 []\T1/qtm/m/n/10 2123
 []


Overfull \hbox (4.49997pt too wide) detected at line 4601
 []\T1/qtm/m/n/10 2123
 []


Overfull \hbox (4.49997pt too wide) detected at line 4602
 []\T1/qtm/m/n/10 2123
 []


Overfull \hbox (4.49997pt too wide) detected at line 4603
 []\T1/qtm/m/n/10 2123
 []


Overfull \hbox (4.49997pt too wide) detected at line 4604
 []\T1/qtm/m/n/10 2123
 []


Overfull \hbox (4.49997pt too wide) detected at line 4605
 []\T1/qtm/m/n/10 2125
 []


Overfull \hbox (4.49997pt too wide) detected at line 4606
 []\T1/qtm/m/n/10 2125
 []


Overfull \hbox (4.49997pt too wide) detected at line 4607
 []\T1/qtm/m/n/10 2126
 []


Overfull \hbox (4.49997pt too wide) detected at line 4608
 []\T1/qtm/m/n/10 2126
 []


Overfull \hbox (4.49997pt too wide) detected at line 4609
 []\T1/qtm/m/n/10 2126
 []


Overfull \hbox (4.49997pt too wide) detected at line 4610
 []\T1/qtm/m/n/10 2126
 []


Overfull \hbox (4.49997pt too wide) detected at line 4611
 []\T1/qtm/m/n/10 2126
 []


Overfull \hbox (4.49997pt too wide) detected at line 4612
 []\T1/qtm/m/n/10 2126
 []


Overfull \hbox (4.49997pt too wide) detected at line 4613
 []\T1/qtm/m/n/10 2127
 []


Overfull \hbox (4.49997pt too wide) detected at line 4614
 []\T1/qtm/m/n/10 2127
 []


Overfull \hbox (4.49997pt too wide) detected at line 4615
 []\T1/qtm/m/n/10 2128
 []


Overfull \hbox (4.49997pt too wide) detected at line 4616
 []\T1/qtm/m/n/10 2128
 []


Overfull \hbox (4.49997pt too wide) detected at line 4617
 []\T1/qtm/m/n/10 2128
 []


Overfull \hbox (4.49997pt too wide) detected at line 4618
 []\T1/qtm/m/n/10 2128
 []


Overfull \hbox (4.49997pt too wide) detected at line 4619
 []\T1/qtm/m/n/10 2128
 []


Overfull \hbox (4.49997pt too wide) detected at line 4620
 []\T1/qtm/m/n/10 2128
 []


Overfull \hbox (4.49997pt too wide) detected at line 4621
 []\T1/qtm/m/n/10 2129
 []


Overfull \hbox (4.49997pt too wide) detected at line 4622
 []\T1/qtm/m/n/10 2129
 []


Overfull \hbox (4.49997pt too wide) detected at line 4623
 []\T1/qtm/m/n/10 2129
 []


Overfull \hbox (4.49997pt too wide) detected at line 4624
 []\T1/qtm/m/n/10 2130
 []


Overfull \hbox (4.49997pt too wide) detected at line 4625
 []\T1/qtm/m/n/10 2130
 []


Overfull \hbox (4.49997pt too wide) detected at line 4626
 []\T1/qtm/m/n/10 2130
 []


Overfull \hbox (4.49997pt too wide) detected at line 4627
 []\T1/qtm/m/n/10 2130
 []


Overfull \hbox (4.49997pt too wide) detected at line 4628
 []\T1/qtm/m/n/10 2130
 []


Overfull \hbox (4.49997pt too wide) detected at line 4629
 []\T1/qtm/m/n/10 2131
 []


Overfull \hbox (4.49997pt too wide) detected at line 4630
 []\T1/qtm/m/n/10 2131
 []


Overfull \hbox (4.49997pt too wide) detected at line 4631
 []\T1/qtm/m/n/10 2132
 []


Overfull \hbox (4.49997pt too wide) detected at line 4632
 []\T1/qtm/m/n/10 2132
 []


Overfull \hbox (4.49997pt too wide) detected at line 4633
 []\T1/qtm/m/n/10 2132
 []


Overfull \hbox (4.49997pt too wide) detected at line 4634
 []\T1/qtm/m/n/10 2132
 []


Overfull \hbox (4.49997pt too wide) detected at line 4635
 []\T1/qtm/m/n/10 2133
 []


Overfull \hbox (4.49997pt too wide) detected at line 4636
 []\T1/qtm/m/n/10 2133
 []


Overfull \hbox (4.49997pt too wide) detected at line 4637
 []\T1/qtm/m/n/10 2133
 []


Overfull \hbox (4.49997pt too wide) detected at line 4638
 []\T1/qtm/m/n/10 2133
 []


Overfull \hbox (4.49997pt too wide) detected at line 4639
 []\T1/qtm/m/n/10 2134
 []


Overfull \hbox (4.49997pt too wide) detected at line 4640
 []\T1/qtm/m/n/10 2134
 []


Overfull \hbox (4.49997pt too wide) detected at line 4641
 []\T1/qtm/m/n/10 2135
 []


Overfull \hbox (4.49997pt too wide) detected at line 4642
 []\T1/qtm/m/n/10 2135
 []


Overfull \hbox (4.49997pt too wide) detected at line 4643
 []\T1/qtm/m/n/10 2135
 []

[73]
Overfull \hbox (4.49997pt too wide) detected at line 4644
 []\T1/qtm/m/n/10 2135
 []


Overfull \hbox (4.49997pt too wide) detected at line 4645
 []\T1/qtm/m/n/10 2135
 []


Overfull \hbox (4.49997pt too wide) detected at line 4646
 []\T1/qtm/m/n/10 2135
 []


Overfull \hbox (4.49997pt too wide) detected at line 4647
 []\T1/qtm/m/n/10 2136
 []


Overfull \hbox (4.49997pt too wide) detected at line 4648
 []\T1/qtm/m/n/10 2136
 []


Overfull \hbox (4.49997pt too wide) detected at line 4649
 []\T1/qtm/m/n/10 2136
 []


Overfull \hbox (4.49997pt too wide) detected at line 4650
 []\T1/qtm/m/n/10 2136
 []


Overfull \hbox (4.49997pt too wide) detected at line 4651
 []\T1/qtm/m/n/10 2136
 []


Overfull \hbox (4.49997pt too wide) detected at line 4652
 []\T1/qtm/m/n/10 2136
 []


Overfull \hbox (4.49997pt too wide) detected at line 4653
 []\T1/qtm/m/n/10 2137
 []


Overfull \hbox (4.49997pt too wide) detected at line 4654
 []\T1/qtm/m/n/10 2137
 []


Overfull \hbox (4.49997pt too wide) detected at line 4655
 []\T1/qtm/m/n/10 2138
 []


Overfull \hbox (4.49997pt too wide) detected at line 4656
 []\T1/qtm/m/n/10 2139
 []


Overfull \hbox (4.49997pt too wide) detected at line 4657
 []\T1/qtm/m/n/10 2139
 []


Overfull \hbox (4.49997pt too wide) detected at line 4658
 []\T1/qtm/m/n/10 2139
 []


Overfull \hbox (4.49997pt too wide) detected at line 4659
 []\T1/qtm/m/n/10 2139
 []


Overfull \hbox (4.49997pt too wide) detected at line 4660
 []\T1/qtm/m/n/10 2139
 []


Overfull \hbox (4.49997pt too wide) detected at line 4661
 []\T1/qtm/m/n/10 2140
 []


Overfull \hbox (4.49997pt too wide) detected at line 4662
 []\T1/qtm/m/n/10 2140
 []


Overfull \hbox (4.49997pt too wide) detected at line 4663
 []\T1/qtm/m/n/10 2140
 []


Overfull \hbox (4.49997pt too wide) detected at line 4664
 []\T1/qtm/m/n/10 2141
 []


Overfull \hbox (4.49997pt too wide) detected at line 4665
 []\T1/qtm/m/n/10 2141
 []


Overfull \hbox (4.49997pt too wide) detected at line 4666
 []\T1/qtm/m/n/10 2141
 []


Overfull \hbox (4.49997pt too wide) detected at line 4667
 []\T1/qtm/m/n/10 2141
 []


Overfull \hbox (4.49997pt too wide) detected at line 4668
 []\T1/qtm/m/n/10 2141
 []


Overfull \hbox (4.49997pt too wide) detected at line 4669
 []\T1/qtm/m/n/10 2141
 []


Overfull \hbox (4.49997pt too wide) detected at line 4670
 []\T1/qtm/m/n/10 2142
 []


Overfull \hbox (4.49997pt too wide) detected at line 4671
 []\T1/qtm/m/n/10 2142
 []


Overfull \hbox (4.49997pt too wide) detected at line 4672
 []\T1/qtm/m/n/10 2144
 []


Overfull \hbox (4.49997pt too wide) detected at line 4673
 []\T1/qtm/m/n/10 2144
 []


Overfull \hbox (4.49997pt too wide) detected at line 4674
 []\T1/qtm/m/n/10 2144
 []


Overfull \hbox (4.49997pt too wide) detected at line 4675
 []\T1/qtm/m/n/10 2144
 []


Overfull \hbox (4.49997pt too wide) detected at line 4676
 []\T1/qtm/m/n/10 2144
 []


Overfull \hbox (4.49997pt too wide) detected at line 4677
 []\T1/qtm/m/n/10 2144
 []


Overfull \hbox (4.49997pt too wide) detected at line 4678
 []\T1/qtm/m/n/10 2145
 []


Overfull \hbox (4.49997pt too wide) detected at line 4679
 []\T1/qtm/m/n/10 2145
 []


Overfull \hbox (4.49997pt too wide) detected at line 4680
 []\T1/qtm/m/n/10 2146
 []


Overfull \hbox (4.49997pt too wide) detected at line 4681
 []\T1/qtm/m/n/10 2147
 []


Overfull \hbox (4.49997pt too wide) detected at line 4682
 []\T1/qtm/m/n/10 2147
 []


Overfull \hbox (4.49997pt too wide) detected at line 4683
 []\T1/qtm/m/n/10 2147
 []


Overfull \hbox (4.49997pt too wide) detected at line 4684
 []\T1/qtm/m/n/10 2147
 []


Overfull \hbox (4.49997pt too wide) detected at line 4685
 []\T1/qtm/m/n/10 2147
 []


Overfull \hbox (4.49997pt too wide) detected at line 4686
 []\T1/qtm/m/n/10 2148
 []


Overfull \hbox (4.49997pt too wide) detected at line 4687
 []\T1/qtm/m/n/10 2148
 []


Overfull \hbox (4.49997pt too wide) detected at line 4688
 []\T1/qtm/m/n/10 2148
 []


Overfull \hbox (4.49997pt too wide) detected at line 4689
 []\T1/qtm/m/n/10 2149
 []


Overfull \hbox (4.49997pt too wide) detected at line 4690
 []\T1/qtm/m/n/10 2149
 []


Overfull \hbox (4.49997pt too wide) detected at line 4691
 []\T1/qtm/m/n/10 2149
 []


Overfull \hbox (4.49997pt too wide) detected at line 4692
 []\T1/qtm/m/n/10 2149
 []


Overfull \hbox (4.49997pt too wide) detected at line 4693
 []\T1/qtm/m/n/10 2149
 []


Overfull \hbox (4.49997pt too wide) detected at line 4694
 []\T1/qtm/m/n/10 2150
 []


Overfull \hbox (4.49997pt too wide) detected at line 4695
 []\T1/qtm/m/n/10 2150
 []


Overfull \hbox (4.49997pt too wide) detected at line 4696
 []\T1/qtm/m/n/10 2151
 []


Overfull \hbox (4.49997pt too wide) detected at line 4697
 []\T1/qtm/m/n/10 2151
 []

[74]
Overfull \hbox (4.49997pt too wide) detected at line 4698
 []\T1/qtm/m/n/10 2152
 []


Overfull \hbox (4.49997pt too wide) detected at line 4699
 []\T1/qtm/m/n/10 2152
 []


Overfull \hbox (4.49997pt too wide) detected at line 4700
 []\T1/qtm/m/n/10 2152
 []


Overfull \hbox (4.49997pt too wide) detected at line 4701
 []\T1/qtm/m/n/10 2152
 []


Overfull \hbox (4.49997pt too wide) detected at line 4702
 []\T1/qtm/m/n/10 2152
 []


Overfull \hbox (4.49997pt too wide) detected at line 4703
 []\T1/qtm/m/n/10 2153
 []


Overfull \hbox (4.49997pt too wide) detected at line 4704
 []\T1/qtm/m/n/10 2155
 []


Overfull \hbox (4.49997pt too wide) detected at line 4705
 []\T1/qtm/m/n/10 2155
 []


Overfull \hbox (4.49997pt too wide) detected at line 4706
 []\T1/qtm/m/n/10 2155
 []


Overfull \hbox (4.49997pt too wide) detected at line 4707
 []\T1/qtm/m/n/10 2155
 []


Overfull \hbox (4.49997pt too wide) detected at line 4708
 []\T1/qtm/m/n/10 2155
 []


Overfull \hbox (4.49997pt too wide) detected at line 4709
 []\T1/qtm/m/n/10 2155
 []


Overfull \hbox (4.49997pt too wide) detected at line 4710
 []\T1/qtm/m/n/10 2156
 []


Overfull \hbox (4.49997pt too wide) detected at line 4711
 []\T1/qtm/m/n/10 2156
 []


Overfull \hbox (4.49997pt too wide) detected at line 4712
 []\T1/qtm/m/n/10 2157
 []


Overfull \hbox (4.49997pt too wide) detected at line 4713
 []\T1/qtm/m/n/10 2157
 []


Overfull \hbox (4.49997pt too wide) detected at line 4714
 []\T1/qtm/m/n/10 2157
 []


Overfull \hbox (4.49997pt too wide) detected at line 4715
 []\T1/qtm/m/n/10 2157
 []


Overfull \hbox (4.49997pt too wide) detected at line 4716
 []\T1/qtm/m/n/10 2158
 []


Overfull \hbox (4.49997pt too wide) detected at line 4717
 []\T1/qtm/m/n/10 2158
 []


Overfull \hbox (4.49997pt too wide) detected at line 4718
 []\T1/qtm/m/n/10 2158
 []


Overfull \hbox (4.49997pt too wide) detected at line 4719
 []\T1/qtm/m/n/10 2158
 []


Overfull \hbox (4.49997pt too wide) detected at line 4720
 []\T1/qtm/m/n/10 2159
 []


Overfull \hbox (4.49997pt too wide) detected at line 4721
 []\T1/qtm/m/n/10 2159
 []


Overfull \hbox (4.49997pt too wide) detected at line 4722
 []\T1/qtm/m/n/10 2160
 []


Overfull \hbox (4.49997pt too wide) detected at line 4723
 []\T1/qtm/m/n/10 2160
 []


Overfull \hbox (4.49997pt too wide) detected at line 4724
 []\T1/qtm/m/n/10 2160
 []


Overfull \hbox (4.49997pt too wide) detected at line 4725
 []\T1/qtm/m/n/10 2160
 []


Overfull \hbox (4.49997pt too wide) detected at line 4726
 []\T1/qtm/m/n/10 2160
 []


Overfull \hbox (4.49997pt too wide) detected at line 4727
 []\T1/qtm/m/n/10 2160
 []


Overfull \hbox (4.49997pt too wide) detected at line 4728
 []\T1/qtm/m/n/10 2161
 []


Overfull \hbox (4.49997pt too wide) detected at line 4729
 []\T1/qtm/m/n/10 2161
 []


Overfull \hbox (4.49997pt too wide) detected at line 4730
 []\T1/qtm/m/n/10 2162
 []


Overfull \hbox (4.49997pt too wide) detected at line 4731
 []\T1/qtm/m/n/10 2162
 []


Overfull \hbox (4.49997pt too wide) detected at line 4732
 []\T1/qtm/m/n/10 2162
 []


Overfull \hbox (4.49997pt too wide) detected at line 4733
 []\T1/qtm/m/n/10 2162
 []


Overfull \hbox (4.49997pt too wide) detected at line 4734
 []\T1/qtm/m/n/10 2162
 []


Overfull \hbox (4.49997pt too wide) detected at line 4735
 []\T1/qtm/m/n/10 2162
 []


Overfull \hbox (4.49997pt too wide) detected at line 4736
 []\T1/qtm/m/n/10 2162
 []


Overfull \hbox (4.49997pt too wide) detected at line 4737
 []\T1/qtm/m/n/10 2162
 []


Overfull \hbox (4.49997pt too wide) detected at line 4738
 []\T1/qtm/m/n/10 2163
 []


Overfull \hbox (4.49997pt too wide) detected at line 4739
 []\T1/qtm/m/n/10 2163
 []


Overfull \hbox (4.49997pt too wide) detected at line 4740
 []\T1/qtm/m/n/10 2163
 []


Overfull \hbox (4.49997pt too wide) detected at line 4741
 []\T1/qtm/m/n/10 2163
 []


Overfull \hbox (4.49997pt too wide) detected at line 4742
 []\T1/qtm/m/n/10 2163
 []


Overfull \hbox (4.49997pt too wide) detected at line 4743
 []\T1/qtm/m/n/10 2163
 []


Overfull \hbox (4.49997pt too wide) detected at line 4744
 []\T1/qtm/m/n/10 2163
 []


Overfull \hbox (4.49997pt too wide) detected at line 4745
 []\T1/qtm/m/n/10 2164
 []


Overfull \hbox (4.49997pt too wide) detected at line 4746
 []\T1/qtm/m/n/10 2164
 []


Overfull \hbox (4.49997pt too wide) detected at line 4747
 []\T1/qtm/m/n/10 2164
 []


Overfull \hbox (4.49997pt too wide) detected at line 4748
 []\T1/qtm/m/n/10 2164
 []


Overfull \hbox (4.49997pt too wide) detected at line 4749
 []\T1/qtm/m/n/10 2164
 []


Overfull \hbox (4.49997pt too wide) detected at line 4750
 []\T1/qtm/m/n/10 2164
 []


Overfull \hbox (4.49997pt too wide) detected at line 4751
 []\T1/qtm/m/n/10 2164
 []

[75]
Overfull \hbox (4.49997pt too wide) detected at line 4752
 []\T1/qtm/m/n/10 2165
 []


Overfull \hbox (4.49997pt too wide) detected at line 4753
 []\T1/qtm/m/n/10 2165
 []


Overfull \hbox (4.49997pt too wide) detected at line 4754
 []\T1/qtm/m/n/10 2165
 []


Overfull \hbox (4.49997pt too wide) detected at line 4755
 []\T1/qtm/m/n/10 2165
 []


Overfull \hbox (4.49997pt too wide) detected at line 4756
 []\T1/qtm/m/n/10 2165
 []


Overfull \hbox (4.49997pt too wide) detected at line 4757
 []\T1/qtm/m/n/10 2165
 []


Overfull \hbox (4.49997pt too wide) detected at line 4758
 []\T1/qtm/m/n/10 2165
 []


Overfull \hbox (4.49997pt too wide) detected at line 4759
 []\T1/qtm/m/n/10 2165
 []


Overfull \hbox (4.49997pt too wide) detected at line 4760
 []\T1/qtm/m/n/10 2166
 []


Overfull \hbox (4.49997pt too wide) detected at line 4761
 []\T1/qtm/m/n/10 2166
 []


Overfull \hbox (4.49997pt too wide) detected at line 4762
 []\T1/qtm/m/n/10 2166
 []


Overfull \hbox (4.49997pt too wide) detected at line 4763
 []\T1/qtm/m/n/10 2166
 []


Overfull \hbox (4.49997pt too wide) detected at line 4764
 []\T1/qtm/m/n/10 2166
 []


Overfull \hbox (4.49997pt too wide) detected at line 4765
 []\T1/qtm/m/n/10 2166
 []


Overfull \hbox (4.49997pt too wide) detected at line 4766
 []\T1/qtm/m/n/10 2166
 []


Overfull \hbox (4.49997pt too wide) detected at line 4767
 []\T1/qtm/m/n/10 2166
 []


Overfull \hbox (4.49997pt too wide) detected at line 4768
 []\T1/qtm/m/n/10 2167
 []


Overfull \hbox (4.49997pt too wide) detected at line 4769
 []\T1/qtm/m/n/10 2167
 []


Overfull \hbox (4.49997pt too wide) detected at line 4770
 []\T1/qtm/m/n/10 2167
 []


Overfull \hbox (4.49997pt too wide) detected at line 4771
 []\T1/qtm/m/n/10 2167
 []


Overfull \hbox (4.49997pt too wide) detected at line 4772
 []\T1/qtm/m/n/10 2167
 []


Overfull \hbox (4.49997pt too wide) detected at line 4773
 []\T1/qtm/m/n/10 2167
 []


Overfull \hbox (4.49997pt too wide) detected at line 4774
 []\T1/qtm/m/n/10 2167
 []


Overfull \hbox (4.49997pt too wide) detected at line 4775
 []\T1/qtm/m/n/10 2168
 []


Overfull \hbox (4.49997pt too wide) detected at line 4776
 []\T1/qtm/m/n/10 2168
 []


Overfull \hbox (4.49997pt too wide) detected at line 4777
 []\T1/qtm/m/n/10 2168
 []


Overfull \hbox (4.49997pt too wide) detected at line 4778
 []\T1/qtm/m/n/10 2168
 []


Overfull \hbox (4.49997pt too wide) detected at line 4779
 []\T1/qtm/m/n/10 2168
 []


Overfull \hbox (4.49997pt too wide) detected at line 4780
 []\T1/qtm/m/n/10 2168
 []


Overfull \hbox (4.49997pt too wide) detected at line 4781
 []\T1/qtm/m/n/10 2168
 []


Overfull \hbox (4.49997pt too wide) detected at line 4782
 []\T1/qtm/m/n/10 2168
 []


Overfull \hbox (4.49997pt too wide) detected at line 4783
 []\T1/qtm/m/n/10 2169
 []


Overfull \hbox (4.49997pt too wide) detected at line 4784
 []\T1/qtm/m/n/10 2169
 []


Overfull \hbox (4.49997pt too wide) detected at line 4785
 []\T1/qtm/m/n/10 2169
 []


Overfull \hbox (4.49997pt too wide) detected at line 4786
 []\T1/qtm/m/n/10 2169
 []


Overfull \hbox (4.49997pt too wide) detected at line 4787
 []\T1/qtm/m/n/10 2169
 []


Overfull \hbox (4.49997pt too wide) detected at line 4788
 []\T1/qtm/m/n/10 2169
 []


Overfull \hbox (4.49997pt too wide) detected at line 4789
 []\T1/qtm/m/n/10 2169
 []


Overfull \hbox (4.49997pt too wide) detected at line 4790
 []\T1/qtm/m/n/10 2170
 []


Overfull \hbox (4.49997pt too wide) detected at line 4791
 []\T1/qtm/m/n/10 2170
 []


Overfull \hbox (4.49997pt too wide) detected at line 4792
 []\T1/qtm/m/n/10 2170
 []


Overfull \hbox (4.49997pt too wide) detected at line 4793
 []\T1/qtm/m/n/10 2170
 []


Overfull \hbox (4.49997pt too wide) detected at line 4794
 []\T1/qtm/m/n/10 2170
 []


Overfull \hbox (4.49997pt too wide) detected at line 4795
 []\T1/qtm/m/n/10 2170
 []


Overfull \hbox (4.49997pt too wide) detected at line 4796
 []\T1/qtm/m/n/10 2170
 []


Overfull \hbox (4.49997pt too wide) detected at line 4797
 []\T1/qtm/m/n/10 2171
 []


Overfull \hbox (4.49997pt too wide) detected at line 4798
 []\T1/qtm/m/n/10 2171
 []


Overfull \hbox (4.49997pt too wide) detected at line 4799
 []\T1/qtm/m/n/10 2171
 []


Overfull \hbox (4.49997pt too wide) detected at line 4800
 []\T1/qtm/m/n/10 2171
 []


Overfull \hbox (4.49997pt too wide) detected at line 4801
 []\T1/qtm/m/n/10 2171
 []


Overfull \hbox (4.49997pt too wide) detected at line 4802
 []\T1/qtm/m/n/10 2171
 []


Overfull \hbox (4.49997pt too wide) detected at line 4803
 []\T1/qtm/m/n/10 2171
 []


Overfull \hbox (4.49997pt too wide) detected at line 4804
 []\T1/qtm/m/n/10 2171
 []


Overfull \hbox (4.49997pt too wide) detected at line 4805
 []\T1/qtm/m/n/10 2172
 []

[76]
Overfull \hbox (4.49997pt too wide) detected at line 4806
 []\T1/qtm/m/n/10 2172
 []


Overfull \hbox (4.49997pt too wide) detected at line 4807
 []\T1/qtm/m/n/10 2172
 []


Overfull \hbox (4.49997pt too wide) detected at line 4808
 []\T1/qtm/m/n/10 2172
 []


Overfull \hbox (4.49997pt too wide) detected at line 4809
 []\T1/qtm/m/n/10 2172
 []


Overfull \hbox (4.49997pt too wide) detected at line 4810
 []\T1/qtm/m/n/10 2172
 []


Overfull \hbox (4.49997pt too wide) detected at line 4811
 []\T1/qtm/m/n/10 2172
 []


Overfull \hbox (4.49997pt too wide) detected at line 4812
 []\T1/qtm/m/n/10 2172
 []


Overfull \hbox (4.49997pt too wide) detected at line 4813
 []\T1/qtm/m/n/10 2173
 []


Overfull \hbox (4.49997pt too wide) detected at line 4814
 []\T1/qtm/m/n/10 2173
 []


Overfull \hbox (4.49997pt too wide) detected at line 4815
 []\T1/qtm/m/n/10 2173
 []


Overfull \hbox (4.49997pt too wide) detected at line 4816
 []\T1/qtm/m/n/10 2173
 []


Overfull \hbox (4.49997pt too wide) detected at line 4817
 []\T1/qtm/m/n/10 2173
 []


Overfull \hbox (4.49997pt too wide) detected at line 4818
 []\T1/qtm/m/n/10 2173
 []


Overfull \hbox (4.49997pt too wide) detected at line 4819
 []\T1/qtm/m/n/10 2173
 []


Overfull \hbox (4.49997pt too wide) detected at line 4820
 []\T1/qtm/m/n/10 2173
 []


Overfull \hbox (4.49997pt too wide) detected at line 4821
 []\T1/qtm/m/n/10 2174
 []


Overfull \hbox (4.49997pt too wide) detected at line 4822
 []\T1/qtm/m/n/10 2174
 []


Overfull \hbox (4.49997pt too wide) detected at line 4823
 []\T1/qtm/m/n/10 2174
 []


Overfull \hbox (4.49997pt too wide) detected at line 4824
 []\T1/qtm/m/n/10 2174
 []


Overfull \hbox (4.49997pt too wide) detected at line 4825
 []\T1/qtm/m/n/10 2174
 []


Overfull \hbox (4.49997pt too wide) detected at line 4826
 []\T1/qtm/m/n/10 2174
 []


Overfull \hbox (4.49997pt too wide) detected at line 4827
 []\T1/qtm/m/n/10 2174
 []


Overfull \hbox (4.49997pt too wide) detected at line 4828
 []\T1/qtm/m/n/10 2174
 []


Overfull \hbox (4.49997pt too wide) detected at line 4829
 []\T1/qtm/m/n/10 2175
 []


Overfull \hbox (4.49997pt too wide) detected at line 4830
 []\T1/qtm/m/n/10 2175
 []


Overfull \hbox (4.49997pt too wide) detected at line 4831
 []\T1/qtm/m/n/10 2175
 []


Overfull \hbox (4.49997pt too wide) detected at line 4832
 []\T1/qtm/m/n/10 2175
 []


Overfull \hbox (4.49997pt too wide) detected at line 4833
 []\T1/qtm/m/n/10 2175
 []


Overfull \hbox (4.49997pt too wide) detected at line 4834
 []\T1/qtm/m/n/10 2175
 []


Overfull \hbox (4.49997pt too wide) detected at line 4835
 []\T1/qtm/m/n/10 2175
 []


Overfull \hbox (4.49997pt too wide) detected at line 4836
 []\T1/qtm/m/n/10 2175
 []


Overfull \hbox (4.49997pt too wide) detected at line 4837
 []\T1/qtm/m/n/10 2176
 []


Overfull \hbox (4.49997pt too wide) detected at line 4838
 []\T1/qtm/m/n/10 2176
 []


Overfull \hbox (4.49997pt too wide) detected at line 4839
 []\T1/qtm/m/n/10 2176
 []


Overfull \hbox (4.49997pt too wide) detected at line 4840
 []\T1/qtm/m/n/10 2176
 []


Overfull \hbox (4.49997pt too wide) detected at line 4841
 []\T1/qtm/m/n/10 2176
 []


Overfull \hbox (4.49997pt too wide) detected at line 4842
 []\T1/qtm/m/n/10 2176
 []


Overfull \hbox (4.49997pt too wide) detected at line 4843
 []\T1/qtm/m/n/10 2176
 []


Overfull \hbox (4.49997pt too wide) detected at line 4844
 []\T1/qtm/m/n/10 2176
 []


Overfull \hbox (4.49997pt too wide) detected at line 4845
 []\T1/qtm/m/n/10 2177
 []


Overfull \hbox (4.49997pt too wide) detected at line 4846
 []\T1/qtm/m/n/10 2177
 []


Overfull \hbox (4.49997pt too wide) detected at line 4847
 []\T1/qtm/m/n/10 2177
 []


Overfull \hbox (4.49997pt too wide) detected at line 4848
 []\T1/qtm/m/n/10 2177
 []


Overfull \hbox (4.49997pt too wide) detected at line 4849
 []\T1/qtm/m/n/10 2177
 []


Overfull \hbox (4.49997pt too wide) detected at line 4850
 []\T1/qtm/m/n/10 2177
 []


Overfull \hbox (4.49997pt too wide) detected at line 4851
 []\T1/qtm/m/n/10 2177
 []


Overfull \hbox (4.49997pt too wide) detected at line 4852
 []\T1/qtm/m/n/10 2177
 []


Overfull \hbox (4.49997pt too wide) detected at line 4853
 []\T1/qtm/m/n/10 2178
 []


Overfull \hbox (4.49997pt too wide) detected at line 4854
 []\T1/qtm/m/n/10 2178
 []


Overfull \hbox (4.49997pt too wide) detected at line 4855
 []\T1/qtm/m/n/10 2178
 []


Overfull \hbox (4.49997pt too wide) detected at line 4856
 []\T1/qtm/m/n/10 2178
 []


Overfull \hbox (4.49997pt too wide) detected at line 4857
 []\T1/qtm/m/n/10 2178
 []


Overfull \hbox (4.49997pt too wide) detected at line 4858
 []\T1/qtm/m/n/10 2178
 []


Overfull \hbox (4.49997pt too wide) detected at line 4859
 []\T1/qtm/m/n/10 2178
 []

[77]
Overfull \hbox (4.49997pt too wide) detected at line 4860
 []\T1/qtm/m/n/10 2178
 []


Overfull \hbox (4.49997pt too wide) detected at line 4861
 []\T1/qtm/m/n/10 2179
 []


Overfull \hbox (4.49997pt too wide) detected at line 4862
 []\T1/qtm/m/n/10 2179
 []


Overfull \hbox (4.49997pt too wide) detected at line 4863
 []\T1/qtm/m/n/10 2179
 []


Overfull \hbox (4.49997pt too wide) detected at line 4864
 []\T1/qtm/m/n/10 2179
 []


Overfull \hbox (4.49997pt too wide) detected at line 4865
 []\T1/qtm/m/n/10 2179
 []


Overfull \hbox (4.49997pt too wide) detected at line 4866
 []\T1/qtm/m/n/10 2179
 []


Overfull \hbox (4.49997pt too wide) detected at line 4867
 []\T1/qtm/m/n/10 2179
 []


Overfull \hbox (4.49997pt too wide) detected at line 4868
 []\T1/qtm/m/n/10 2179
 []


Overfull \hbox (4.49997pt too wide) detected at line 4869
 []\T1/qtm/m/n/10 2180
 []


Overfull \hbox (4.49997pt too wide) detected at line 4870
 []\T1/qtm/m/n/10 2180
 []


Overfull \hbox (4.49997pt too wide) detected at line 4871
 []\T1/qtm/m/n/10 2180
 []


Overfull \hbox (4.49997pt too wide) detected at line 4872
 []\T1/qtm/m/n/10 2180
 []


Overfull \hbox (4.49997pt too wide) detected at line 4873
 []\T1/qtm/m/n/10 2180
 []


Overfull \hbox (4.49997pt too wide) detected at line 4874
 []\T1/qtm/m/n/10 2180
 []


Overfull \hbox (4.49997pt too wide) detected at line 4875
 []\T1/qtm/m/n/10 2180
 []


Overfull \hbox (4.49997pt too wide) detected at line 4876
 []\T1/qtm/m/n/10 2180
 []


Overfull \hbox (4.49997pt too wide) detected at line 4877
 []\T1/qtm/m/n/10 2181
 []


Overfull \hbox (4.49997pt too wide) detected at line 4878
 []\T1/qtm/m/n/10 2181
 []


Overfull \hbox (4.49997pt too wide) detected at line 4879
 []\T1/qtm/m/n/10 2181
 []


Overfull \hbox (4.49997pt too wide) detected at line 4880
 []\T1/qtm/m/n/10 2181
 []


Overfull \hbox (4.49997pt too wide) detected at line 4881
 []\T1/qtm/m/n/10 2181
 []


Overfull \hbox (4.49997pt too wide) detected at line 4882
 []\T1/qtm/m/n/10 2181
 []


Overfull \hbox (4.49997pt too wide) detected at line 4883
 []\T1/qtm/m/n/10 2181
 []


Overfull \hbox (4.49997pt too wide) detected at line 4884
 []\T1/qtm/m/n/10 2181
 []


Overfull \hbox (4.49997pt too wide) detected at line 4885
 []\T1/qtm/m/n/10 2182
 []


Overfull \hbox (4.49997pt too wide) detected at line 4886
 []\T1/qtm/m/n/10 2182
 []


Overfull \hbox (4.49997pt too wide) detected at line 4887
 []\T1/qtm/m/n/10 2182
 []


Overfull \hbox (4.49997pt too wide) detected at line 4888
 []\T1/qtm/m/n/10 2182
 []


Overfull \hbox (4.49997pt too wide) detected at line 4889
 []\T1/qtm/m/n/10 2182
 []


Overfull \hbox (4.49997pt too wide) detected at line 4890
 []\T1/qtm/m/n/10 2182
 []


Overfull \hbox (4.49997pt too wide) detected at line 4891
 []\T1/qtm/m/n/10 2182
 []


Overfull \hbox (4.49997pt too wide) detected at line 4892
 []\T1/qtm/m/n/10 2182
 []


Overfull \hbox (4.49997pt too wide) detected at line 4893
 []\T1/qtm/m/n/10 2183
 []


Overfull \hbox (4.49997pt too wide) detected at line 4894
 []\T1/qtm/m/n/10 2183
 []


Overfull \hbox (4.49997pt too wide) detected at line 4895
 []\T1/qtm/m/n/10 2183
 []


Overfull \hbox (4.49997pt too wide) detected at line 4896
 []\T1/qtm/m/n/10 2183
 []


Overfull \hbox (4.49997pt too wide) detected at line 4897
 []\T1/qtm/m/n/10 2183
 []


Overfull \hbox (4.49997pt too wide) detected at line 4898
 []\T1/qtm/m/n/10 2183
 []


Overfull \hbox (4.49997pt too wide) detected at line 4899
 []\T1/qtm/m/n/10 2183
 []


Overfull \hbox (4.49997pt too wide) detected at line 4900
 []\T1/qtm/m/n/10 2183
 []


Overfull \hbox (4.49997pt too wide) detected at line 4901
 []\T1/qtm/m/n/10 2183
 []


Overfull \hbox (4.49997pt too wide) detected at line 4902
 []\T1/qtm/m/n/10 2183
 []


Overfull \hbox (4.49997pt too wide) detected at line 4903
 []\T1/qtm/m/n/10 2185
 []


Overfull \hbox (4.49997pt too wide) detected at line 4904
 []\T1/qtm/m/n/10 2185
 []


Overfull \hbox (4.49997pt too wide) detected at line 4905
 []\T1/qtm/m/n/10 2189
 []


Overfull \hbox (4.49997pt too wide) detected at line 4906
 []\T1/qtm/m/n/10 2190
 []


Overfull \hbox (4.49997pt too wide) detected at line 4907
 []\T1/qtm/m/n/10 2191
 []


Overfull \hbox (4.49997pt too wide) detected at line 4908
 []\T1/qtm/m/n/10 2191
 []


Overfull \hbox (4.49997pt too wide) detected at line 4909
 []\T1/qtm/m/n/10 2191
 []


Overfull \hbox (4.49997pt too wide) detected at line 4910
 []\T1/qtm/m/n/10 2191
 []


Overfull \hbox (4.49997pt too wide) detected at line 4911
 []\T1/qtm/m/n/10 2191
 []


Overfull \hbox (4.49997pt too wide) detected at line 4912
 []\T1/qtm/m/n/10 2191
 []


Overfull \hbox (4.49997pt too wide) detected at line 4913
 []\T1/qtm/m/n/10 2192
 []

[78]
Overfull \hbox (4.49997pt too wide) detected at line 4914
 []\T1/qtm/m/n/10 2192
 []


Overfull \hbox (4.49997pt too wide) detected at line 4915
 []\T1/qtm/m/n/10 2192
 []


Overfull \hbox (4.49997pt too wide) detected at line 4916
 []\T1/qtm/m/n/10 2192
 []


Overfull \hbox (4.49997pt too wide) detected at line 4917
 []\T1/qtm/m/n/10 2192
 []


Overfull \hbox (4.49997pt too wide) detected at line 4918
 []\T1/qtm/m/n/10 2192
 []


Overfull \hbox (4.49997pt too wide) detected at line 4919
 []\T1/qtm/m/n/10 2192
 []


Overfull \hbox (4.49997pt too wide) detected at line 4920
 []\T1/qtm/m/n/10 2192
 []


Overfull \hbox (4.49997pt too wide) detected at line 4921
 []\T1/qtm/m/n/10 2193
 []


Overfull \hbox (4.49997pt too wide) detected at line 4922
 []\T1/qtm/m/n/10 2193
 []


Overfull \hbox (4.49997pt too wide) detected at line 4923
 []\T1/qtm/m/n/10 2193
 []


Overfull \hbox (4.49997pt too wide) detected at line 4924
 []\T1/qtm/m/n/10 2193
 []


Overfull \hbox (4.49997pt too wide) detected at line 4925
 []\T1/qtm/m/n/10 2193
 []


Overfull \hbox (4.49997pt too wide) detected at line 4926
 []\T1/qtm/m/n/10 2193
 []


Overfull \hbox (4.49997pt too wide) detected at line 4927
 []\T1/qtm/m/n/10 2193
 []


Overfull \hbox (4.49997pt too wide) detected at line 4928
 []\T1/qtm/m/n/10 2193
 []


Overfull \hbox (4.49997pt too wide) detected at line 4929
 []\T1/qtm/m/n/10 2194
 []


Overfull \hbox (4.49997pt too wide) detected at line 4930
 []\T1/qtm/m/n/10 2194
 []


Overfull \hbox (4.49997pt too wide) detected at line 4931
 []\T1/qtm/m/n/10 2194
 []


Overfull \hbox (4.49997pt too wide) detected at line 4932
 []\T1/qtm/m/n/10 2194
 []


Overfull \hbox (4.49997pt too wide) detected at line 4933
 []\T1/qtm/m/n/10 2194
 []


Overfull \hbox (4.49997pt too wide) detected at line 4934
 []\T1/qtm/m/n/10 2194
 []


Overfull \hbox (4.49997pt too wide) detected at line 4935
 []\T1/qtm/m/n/10 2194
 []


Overfull \hbox (4.49997pt too wide) detected at line 4936
 []\T1/qtm/m/n/10 2194
 []


Overfull \hbox (4.49997pt too wide) detected at line 4937
 []\T1/qtm/m/n/10 2195
 []


Overfull \hbox (4.49997pt too wide) detected at line 4938
 []\T1/qtm/m/n/10 2195
 []


Overfull \hbox (4.49997pt too wide) detected at line 4939
 []\T1/qtm/m/n/10 2195
 []


Overfull \hbox (4.49997pt too wide) detected at line 4940
 []\T1/qtm/m/n/10 2195
 []


Overfull \hbox (4.49997pt too wide) detected at line 4941
 []\T1/qtm/m/n/10 2195
 []


Overfull \hbox (4.49997pt too wide) detected at line 4942
 []\T1/qtm/m/n/10 2195
 []


Overfull \hbox (4.49997pt too wide) detected at line 4943
 []\T1/qtm/m/n/10 2196
 []


Overfull \hbox (4.49997pt too wide) detected at line 4944
 []\T1/qtm/m/n/10 2196
 []


Overfull \hbox (4.49997pt too wide) detected at line 4945
 []\T1/qtm/m/n/10 2198
 []


Overfull \hbox (4.49997pt too wide) detected at line 4946
 []\T1/qtm/m/n/10 2199
 []


Overfull \hbox (4.49997pt too wide) detected at line 4947
 []\T1/qtm/m/n/10 2199
 []


Overfull \hbox (4.49997pt too wide) detected at line 4948
 []\T1/qtm/m/n/10 2199
 []


Overfull \hbox (4.49997pt too wide) detected at line 4949
 []\T1/qtm/m/n/10 2199
 []


Overfull \hbox (4.49997pt too wide) detected at line 4950
 []\T1/qtm/m/n/10 2199
 []


Overfull \hbox (4.49997pt too wide) detected at line 4951
 []\T1/qtm/m/n/10 2200
 []


Overfull \hbox (4.49997pt too wide) detected at line 4952
 []\T1/qtm/m/n/10 2200
 []


Overfull \hbox (4.49997pt too wide) detected at line 4953
 []\T1/qtm/m/n/10 2200
 []


Overfull \hbox (4.49997pt too wide) detected at line 4954
 []\T1/qtm/m/n/10 2201
 []


Overfull \hbox (4.49997pt too wide) detected at line 4955
 []\T1/qtm/m/n/10 2201
 []


Overfull \hbox (4.49997pt too wide) detected at line 4956
 []\T1/qtm/m/n/10 2201
 []


Overfull \hbox (4.49997pt too wide) detected at line 4957
 []\T1/qtm/m/n/10 2201
 []


Overfull \hbox (4.49997pt too wide) detected at line 4958
 []\T1/qtm/m/n/10 2201
 []


Overfull \hbox (4.49997pt too wide) detected at line 4959
 []\T1/qtm/m/n/10 2201
 []


Overfull \hbox (4.49997pt too wide) detected at line 4960
 []\T1/qtm/m/n/10 2202
 []


Overfull \hbox (4.49997pt too wide) detected at line 4961
 []\T1/qtm/m/n/10 2202
 []


Overfull \hbox (4.49997pt too wide) detected at line 4962
 []\T1/qtm/m/n/10 2202
 []


Overfull \hbox (4.49997pt too wide) detected at line 4963
 []\T1/qtm/m/n/10 2203
 []


Overfull \hbox (4.49997pt too wide) detected at line 4964
 []\T1/qtm/m/n/10 2203
 []


Overfull \hbox (4.49997pt too wide) detected at line 4965
 []\T1/qtm/m/n/10 2203
 []


Overfull \hbox (4.49997pt too wide) detected at line 4966
 []\T1/qtm/m/n/10 2203
 []


Overfull \hbox (4.49997pt too wide) detected at line 4967
 []\T1/qtm/m/n/10 2203
 []

[79]
Overfull \hbox (4.49997pt too wide) detected at line 4968
 []\T1/qtm/m/n/10 2203
 []


Overfull \hbox (4.49997pt too wide) detected at line 4969
 []\T1/qtm/m/n/10 2204
 []


Overfull \hbox (4.49997pt too wide) detected at line 4970
 []\T1/qtm/m/n/10 2204
 []


Overfull \hbox (4.49997pt too wide) detected at line 4971
 []\T1/qtm/m/n/10 2205
 []


Overfull \hbox (4.49997pt too wide) detected at line 4972
 []\T1/qtm/m/n/10 2205
 []


Overfull \hbox (4.49997pt too wide) detected at line 4973
 []\T1/qtm/m/n/10 2205
 []


Overfull \hbox (4.49997pt too wide) detected at line 4974
 []\T1/qtm/m/n/10 2205
 []


Overfull \hbox (4.49997pt too wide) detected at line 4975
 []\T1/qtm/m/n/10 2205
 []


Overfull \hbox (4.49997pt too wide) detected at line 4976
 []\T1/qtm/m/n/10 2205
 []


Overfull \hbox (4.49997pt too wide) detected at line 4977
 []\T1/qtm/m/n/10 2205
 []


Overfull \hbox (4.49997pt too wide) detected at line 4978
 []\T1/qtm/m/n/10 2205
 []


Overfull \hbox (4.49997pt too wide) detected at line 4979
 []\T1/qtm/m/n/10 2205
 []


Overfull \hbox (4.49997pt too wide) detected at line 4980
 []\T1/qtm/m/n/10 2205
 []


Overfull \hbox (4.49997pt too wide) detected at line 4981
 []\T1/qtm/m/n/10 2206
 []


Overfull \hbox (4.49997pt too wide) detected at line 4982
 []\T1/qtm/m/n/10 2206
 []


Overfull \hbox (4.49997pt too wide) detected at line 4983
 []\T1/qtm/m/n/10 2207
 []


Overfull \hbox (4.49997pt too wide) detected at line 4984
 []\T1/qtm/m/n/10 2208
 []


Overfull \hbox (4.49997pt too wide) detected at line 4985
 []\T1/qtm/m/n/10 2208
 []


Overfull \hbox (4.49997pt too wide) detected at line 4986
 []\T1/qtm/m/n/10 2208
 []


Overfull \hbox (4.49997pt too wide) detected at line 4987
 []\T1/qtm/m/n/10 2208
 []


Overfull \hbox (4.49997pt too wide) detected at line 4988
 []\T1/qtm/m/n/10 2208
 []


Overfull \hbox (4.49997pt too wide) detected at line 4989
 []\T1/qtm/m/n/10 2208
 []


Overfull \hbox (4.49997pt too wide) detected at line 4990
 []\T1/qtm/m/n/10 2209
 []


Overfull \hbox (4.49997pt too wide) detected at line 4991
 []\T1/qtm/m/n/10 2209
 []


Overfull \hbox (4.49997pt too wide) detected at line 4992
 []\T1/qtm/m/n/10 2209
 []


Overfull \hbox (4.49997pt too wide) detected at line 4993
 []\T1/qtm/m/n/10 2209
 []


Overfull \hbox (4.49997pt too wide) detected at line 4994
 []\T1/qtm/m/n/10 2209
 []


Overfull \hbox (4.49997pt too wide) detected at line 4995
 []\T1/qtm/m/n/10 2209
 []


Overfull \hbox (4.49997pt too wide) detected at line 4996
 []\T1/qtm/m/n/10 2209
 []


Overfull \hbox (4.49997pt too wide) detected at line 4997
 []\T1/qtm/m/n/10 2210
 []


Overfull \hbox (4.49997pt too wide) detected at line 4998
 []\T1/qtm/m/n/10 2210
 []


Overfull \hbox (4.49997pt too wide) detected at line 4999
 []\T1/qtm/m/n/10 2211
 []


Overfull \hbox (4.49997pt too wide) detected at line 5000
 []\T1/qtm/m/n/10 2211
 []


Overfull \hbox (4.49997pt too wide) detected at line 5001
 []\T1/qtm/m/n/10 2211
 []


Overfull \hbox (4.49997pt too wide) detected at line 5002
 []\T1/qtm/m/n/10 2211
 []


Overfull \hbox (4.49997pt too wide) detected at line 5003
 []\T1/qtm/m/n/10 2211
 []


Overfull \hbox (4.49997pt too wide) detected at line 5004
 []\T1/qtm/m/n/10 2211
 []


Overfull \hbox (4.49997pt too wide) detected at line 5005
 []\T1/qtm/m/n/10 2212
 []


Overfull \hbox (4.49997pt too wide) detected at line 5006
 []\T1/qtm/m/n/10 2212
 []


Overfull \hbox (4.49997pt too wide) detected at line 5007
 []\T1/qtm/m/n/10 2213
 []


Overfull \hbox (4.49997pt too wide) detected at line 5008
 []\T1/qtm/m/n/10 2213
 []


Overfull \hbox (4.49997pt too wide) detected at line 5009
 []\T1/qtm/m/n/10 2213
 []


Overfull \hbox (4.49997pt too wide) detected at line 5010
 []\T1/qtm/m/n/10 2214
 []


Overfull \hbox (4.49997pt too wide) detected at line 5011
 []\T1/qtm/m/n/10 2214
 []


Overfull \hbox (4.49997pt too wide) detected at line 5012
 []\T1/qtm/m/n/10 2214
 []


Overfull \hbox (4.49997pt too wide) detected at line 5013
 []\T1/qtm/m/n/10 2214
 []


Overfull \hbox (4.49997pt too wide) detected at line 5014
 []\T1/qtm/m/n/10 2214
 []


Overfull \hbox (4.49997pt too wide) detected at line 5015
 []\T1/qtm/m/n/10 2215
 []


Overfull \hbox (4.49997pt too wide) detected at line 5016
 []\T1/qtm/m/n/10 2215
 []


Overfull \hbox (4.49997pt too wide) detected at line 5017
 []\T1/qtm/m/n/10 2216
 []


Overfull \hbox (4.49997pt too wide) detected at line 5018
 []\T1/qtm/m/n/10 2216
 []


Overfull \hbox (4.49997pt too wide) detected at line 5019
 []\T1/qtm/m/n/10 2216
 []


Overfull \hbox (4.49997pt too wide) detected at line 5020
 []\T1/qtm/m/n/10 2216
 []


Overfull \hbox (4.49997pt too wide) detected at line 5021
 []\T1/qtm/m/n/10 2216
 []

[80]
Overfull \hbox (4.49997pt too wide) detected at line 5022
 []\T1/qtm/m/n/10 2217
 []


Overfull \hbox (4.49997pt too wide) detected at line 5023
 []\T1/qtm/m/n/10 2219
 []


Overfull \hbox (4.49997pt too wide) detected at line 5024
 []\T1/qtm/m/n/10 2219
 []


Overfull \hbox (4.49997pt too wide) detected at line 5025
 []\T1/qtm/m/n/10 2219
 []


Overfull \hbox (4.49997pt too wide) detected at line 5026
 []\T1/qtm/m/n/10 2219
 []


Overfull \hbox (4.49997pt too wide) detected at line 5027
 []\T1/qtm/m/n/10 2219
 []


Overfull \hbox (4.49997pt too wide) detected at line 5028
 []\T1/qtm/m/n/10 2219
 []


Overfull \hbox (4.49997pt too wide) detected at line 5029
 []\T1/qtm/m/n/10 2219
 []


Overfull \hbox (4.49997pt too wide) detected at line 5030
 []\T1/qtm/m/n/10 2220
 []


Overfull \hbox (4.49997pt too wide) detected at line 5031
 []\T1/qtm/m/n/10 2220
 []


Overfull \hbox (4.49997pt too wide) detected at line 5032
 []\T1/qtm/m/n/10 2220
 []


Overfull \hbox (4.49997pt too wide) detected at line 5033
 []\T1/qtm/m/n/10 2221
 []


Overfull \hbox (4.49997pt too wide) detected at line 5034
 []\T1/qtm/m/n/10 2221
 []


Overfull \hbox (4.49997pt too wide) detected at line 5035
 []\T1/qtm/m/n/10 2221
 []


Overfull \hbox (4.49997pt too wide) detected at line 5036
 []\T1/qtm/m/n/10 2221
 []


Overfull \hbox (4.49997pt too wide) detected at line 5037
 []\T1/qtm/m/n/10 2221
 []


Overfull \hbox (4.49997pt too wide) detected at line 5038
 []\T1/qtm/m/n/10 2221
 []


Overfull \hbox (4.49997pt too wide) detected at line 5039
 []\T1/qtm/m/n/10 2222
 []


Overfull \hbox (4.49997pt too wide) detected at line 5040
 []\T1/qtm/m/n/10 2222
 []


Overfull \hbox (4.49997pt too wide) detected at line 5041
 []\T1/qtm/m/n/10 2222
 []


Overfull \hbox (4.49997pt too wide) detected at line 5042
 []\T1/qtm/m/n/10 2222
 []


Overfull \hbox (4.49997pt too wide) detected at line 5043
 []\T1/qtm/m/n/10 2223
 []


Overfull \hbox (4.49997pt too wide) detected at line 5044
 []\T1/qtm/m/n/10 2223
 []


Overfull \hbox (4.49997pt too wide) detected at line 5045
 []\T1/qtm/m/n/10 2223
 []


Overfull \hbox (4.49997pt too wide) detected at line 5046
 []\T1/qtm/m/n/10 2223
 []


Overfull \hbox (4.49997pt too wide) detected at line 5047
 []\T1/qtm/m/n/10 2224
 []


Overfull \hbox (4.49997pt too wide) detected at line 5048
 []\T1/qtm/m/n/10 2224
 []


Overfull \hbox (4.49997pt too wide) detected at line 5049
 []\T1/qtm/m/n/10 2224
 []


Overfull \hbox (4.49997pt too wide) detected at line 5050
 []\T1/qtm/m/n/10 2225
 []


Overfull \hbox (4.49997pt too wide) detected at line 5051
 []\T1/qtm/m/n/10 2225
 []


Overfull \hbox (4.49997pt too wide) detected at line 5052
 []\T1/qtm/m/n/10 2225
 []


Overfull \hbox (4.49997pt too wide) detected at line 5053
 []\T1/qtm/m/n/10 2225
 []


Overfull \hbox (4.49997pt too wide) detected at line 5054
 []\T1/qtm/m/n/10 2225
 []


Overfull \hbox (4.49997pt too wide) detected at line 5055
 []\T1/qtm/m/n/10 2225
 []


Overfull \hbox (4.49997pt too wide) detected at line 5056
 []\T1/qtm/m/n/10 2226
 []


Overfull \hbox (4.49997pt too wide) detected at line 5057
 []\T1/qtm/m/n/10 2226
 []


Overfull \hbox (4.49997pt too wide) detected at line 5058
 []\T1/qtm/m/n/10 2226
 []


Overfull \hbox (4.49997pt too wide) detected at line 5059
 []\T1/qtm/m/n/10 2226
 []


Overfull \hbox (4.49997pt too wide) detected at line 5060
 []\T1/qtm/m/n/10 2226
 []


Overfull \hbox (4.49997pt too wide) detected at line 5061
 []\T1/qtm/m/n/10 2226
 []


Overfull \hbox (4.49997pt too wide) detected at line 5062
 []\T1/qtm/m/n/10 2226
 []


Overfull \hbox (4.49997pt too wide) detected at line 5063
 []\T1/qtm/m/n/10 2227
 []


Overfull \hbox (4.49997pt too wide) detected at line 5064
 []\T1/qtm/m/n/10 2227
 []


Overfull \hbox (4.49997pt too wide) detected at line 5065
 []\T1/qtm/m/n/10 2227
 []


Overfull \hbox (4.49997pt too wide) detected at line 5066
 []\T1/qtm/m/n/10 2227
 []


Overfull \hbox (4.49997pt too wide) detected at line 5067
 []\T1/qtm/m/n/10 2227
 []


Overfull \hbox (4.49997pt too wide) detected at line 5068
 []\T1/qtm/m/n/10 2227
 []


Overfull \hbox (4.49997pt too wide) detected at line 5069
 []\T1/qtm/m/n/10 2228
 []


Overfull \hbox (4.49997pt too wide) detected at line 5070
 []\T1/qtm/m/n/10 2228
 []


Overfull \hbox (4.49997pt too wide) detected at line 5071
 []\T1/qtm/m/n/10 2229
 []


Overfull \hbox (4.49997pt too wide) detected at line 5072
 []\T1/qtm/m/n/10 2229
 []


Overfull \hbox (4.49997pt too wide) detected at line 5073
 []\T1/qtm/m/n/10 2229
 []


Overfull \hbox (4.49997pt too wide) detected at line 5074
 []\T1/qtm/m/n/10 2229
 []


Overfull \hbox (4.49997pt too wide) detected at line 5075
 []\T1/qtm/m/n/10 2229
 []

[81]
Overfull \hbox (4.49997pt too wide) detected at line 5076
 []\T1/qtm/m/n/10 2229
 []


Overfull \hbox (4.49997pt too wide) detected at line 5077
 []\T1/qtm/m/n/10 2229
 []


Overfull \hbox (4.49997pt too wide) detected at line 5078
 []\T1/qtm/m/n/10 2229
 []


Overfull \hbox (4.49997pt too wide) detected at line 5079
 []\T1/qtm/m/n/10 2230
 []


Overfull \hbox (4.49997pt too wide) detected at line 5080
 []\T1/qtm/m/n/10 2230
 []


Overfull \hbox (4.49997pt too wide) detected at line 5081
 []\T1/qtm/m/n/10 2231
 []


Overfull \hbox (4.49997pt too wide) detected at line 5082
 []\T1/qtm/m/n/10 2231
 []


Overfull \hbox (4.49997pt too wide) detected at line 5083
 []\T1/qtm/m/n/10 2231
 []


Overfull \hbox (4.49997pt too wide) detected at line 5084
 []\T1/qtm/m/n/10 2231
 []


Overfull \hbox (4.49997pt too wide) detected at line 5085
 []\T1/qtm/m/n/10 2231
 []


Overfull \hbox (4.49997pt too wide) detected at line 5086
 []\T1/qtm/m/n/10 2232
 []


Overfull \hbox (4.49997pt too wide) detected at line 5087
 []\T1/qtm/m/n/10 2233
 []


Overfull \hbox (4.49997pt too wide) detected at line 5088
 []\T1/qtm/m/n/10 2233
 []


Overfull \hbox (4.49997pt too wide) detected at line 5089
 []\T1/qtm/m/n/10 2233
 []


Overfull \hbox (4.49997pt too wide) detected at line 5090
 []\T1/qtm/m/n/10 2234
 []


Overfull \hbox (4.49997pt too wide) detected at line 5091
 []\T1/qtm/m/n/10 2234
 []


Overfull \hbox (4.49997pt too wide) detected at line 5092
 []\T1/qtm/m/n/10 2234
 []


Overfull \hbox (4.49997pt too wide) detected at line 5093
 []\T1/qtm/m/n/10 2234
 []


Overfull \hbox (4.49997pt too wide) detected at line 5094
 []\T1/qtm/m/n/10 2234
 []


Overfull \hbox (4.49997pt too wide) detected at line 5095
 []\T1/qtm/m/n/10 2235
 []


Overfull \hbox (4.49997pt too wide) detected at line 5096
 []\T1/qtm/m/n/10 2235
 []


Overfull \hbox (4.49997pt too wide) detected at line 5097
 []\T1/qtm/m/n/10 2235
 []


Overfull \hbox (4.49997pt too wide) detected at line 5098
 []\T1/qtm/m/n/10 2235
 []


Overfull \hbox (4.49997pt too wide) detected at line 5099
 []\T1/qtm/m/n/10 2236
 []


Overfull \hbox (4.49997pt too wide) detected at line 5100
 []\T1/qtm/m/n/10 2236
 []


Overfull \hbox (4.49997pt too wide) detected at line 5101
 []\T1/qtm/m/n/10 2236
 []


Overfull \hbox (4.49997pt too wide) detected at line 5102
 []\T1/qtm/m/n/10 2236
 []


Overfull \hbox (4.49997pt too wide) detected at line 5103
 []\T1/qtm/m/n/10 2237
 []


Overfull \hbox (4.49997pt too wide) detected at line 5104
 []\T1/qtm/m/n/10 2237
 []


Overfull \hbox (4.49997pt too wide) detected at line 5105
 []\T1/qtm/m/n/10 2237
 []


Overfull \hbox (4.49997pt too wide) detected at line 5106
 []\T1/qtm/m/n/10 2237
 []


Overfull \hbox (4.49997pt too wide) detected at line 5107
 []\T1/qtm/m/n/10 2237
 []


Overfull \hbox (4.49997pt too wide) detected at line 5108
 []\T1/qtm/m/n/10 2237
 []


Overfull \hbox (4.49997pt too wide) detected at line 5109
 []\T1/qtm/m/n/10 2237
 []


Overfull \hbox (4.49997pt too wide) detected at line 5110
 []\T1/qtm/m/n/10 2238
 []


Overfull \hbox (4.49997pt too wide) detected at line 5111
 []\T1/qtm/m/n/10 2238
 []


Overfull \hbox (4.49997pt too wide) detected at line 5112
 []\T1/qtm/m/n/10 2238
 []


Overfull \hbox (4.49997pt too wide) detected at line 5113
 []\T1/qtm/m/n/10 2238
 []


Overfull \hbox (4.49997pt too wide) detected at line 5114
 []\T1/qtm/m/n/10 2238
 []


Overfull \hbox (4.49997pt too wide) detected at line 5115
 []\T1/qtm/m/n/10 2238
 []


Overfull \hbox (4.49997pt too wide) detected at line 5116
 []\T1/qtm/m/n/10 2238
 []


Overfull \hbox (4.49997pt too wide) detected at line 5117
 []\T1/qtm/m/n/10 2239
 []


Overfull \hbox (4.49997pt too wide) detected at line 5118
 []\T1/qtm/m/n/10 2239
 []


Overfull \hbox (4.49997pt too wide) detected at line 5119
 []\T1/qtm/m/n/10 2239
 []


Overfull \hbox (4.49997pt too wide) detected at line 5120
 []\T1/qtm/m/n/10 2240
 []


Overfull \hbox (4.49997pt too wide) detected at line 5121
 []\T1/qtm/m/n/10 2240
 []


Overfull \hbox (4.49997pt too wide) detected at line 5122
 []\T1/qtm/m/n/10 2240
 []


Overfull \hbox (4.49997pt too wide) detected at line 5123
 []\T1/qtm/m/n/10 2240
 []


Overfull \hbox (4.49997pt too wide) detected at line 5124
 []\T1/qtm/m/n/10 2240
 []


Overfull \hbox (4.49997pt too wide) detected at line 5125
 []\T1/qtm/m/n/10 2240
 []


Overfull \hbox (4.49997pt too wide) detected at line 5126
 []\T1/qtm/m/n/10 2240
 []


Overfull \hbox (4.49997pt too wide) detected at line 5127
 []\T1/qtm/m/n/10 2242
 []


Overfull \hbox (4.49997pt too wide) detected at line 5128
 []\T1/qtm/m/n/10 2242
 []


Overfull \hbox (4.49997pt too wide) detected at line 5129
 []\T1/qtm/m/n/10 2242
 []

[82]
Overfull \hbox (4.49997pt too wide) detected at line 5130
 []\T1/qtm/m/n/10 2242
 []


Overfull \hbox (4.49997pt too wide) detected at line 5131
 []\T1/qtm/m/n/10 2242
 []


Overfull \hbox (4.49997pt too wide) detected at line 5132
 []\T1/qtm/m/n/10 2242
 []


Overfull \hbox (4.49997pt too wide) detected at line 5133
 []\T1/qtm/m/n/10 2242
 []


Overfull \hbox (4.49997pt too wide) detected at line 5134
 []\T1/qtm/m/n/10 2243
 []


Overfull \hbox (4.49997pt too wide) detected at line 5135
 []\T1/qtm/m/n/10 2243
 []


Overfull \hbox (4.49997pt too wide) detected at line 5136
 []\T1/qtm/m/n/10 2243
 []


Overfull \hbox (4.49997pt too wide) detected at line 5137
 []\T1/qtm/m/n/10 2243
 []


Overfull \hbox (4.49997pt too wide) detected at line 5138
 []\T1/qtm/m/n/10 2243
 []


Overfull \hbox (4.49997pt too wide) detected at line 5139
 []\T1/qtm/m/n/10 2243
 []


Overfull \hbox (4.49997pt too wide) detected at line 5140
 []\T1/qtm/m/n/10 2244
 []


Overfull \hbox (4.49997pt too wide) detected at line 5141
 []\T1/qtm/m/n/10 2244
 []


Overfull \hbox (4.49997pt too wide) detected at line 5142
 []\T1/qtm/m/n/10 2245
 []


Overfull \hbox (4.49997pt too wide) detected at line 5143
 []\T1/qtm/m/n/10 2245
 []


Overfull \hbox (4.49997pt too wide) detected at line 5144
 []\T1/qtm/m/n/10 2245
 []


Overfull \hbox (4.49997pt too wide) detected at line 5145
 []\T1/qtm/m/n/10 2245
 []


Overfull \hbox (4.49997pt too wide) detected at line 5146
 []\T1/qtm/m/n/10 2245
 []


Overfull \hbox (4.49997pt too wide) detected at line 5147
 []\T1/qtm/m/n/10 2245
 []


Overfull \hbox (4.49997pt too wide) detected at line 5148
 []\T1/qtm/m/n/10 2245
 []


Overfull \hbox (4.49997pt too wide) detected at line 5149
 []\T1/qtm/m/n/10 2246
 []


Overfull \hbox (4.49997pt too wide) detected at line 5150
 []\T1/qtm/m/n/10 2246
 []


Overfull \hbox (4.49997pt too wide) detected at line 5151
 []\T1/qtm/m/n/10 2246
 []


Overfull \hbox (4.49997pt too wide) detected at line 5152
 []\T1/qtm/m/n/10 2247
 []


Overfull \hbox (4.49997pt too wide) detected at line 5153
 []\T1/qtm/m/n/10 2247
 []


Overfull \hbox (4.49997pt too wide) detected at line 5154
 []\T1/qtm/m/n/10 2247
 []


Overfull \hbox (4.49997pt too wide) detected at line 5155
 []\T1/qtm/m/n/10 2247
 []


Overfull \hbox (4.49997pt too wide) detected at line 5156
 []\T1/qtm/m/n/10 2247
 []


Overfull \hbox (4.49997pt too wide) detected at line 5157
 []\T1/qtm/m/n/10 2247
 []


Overfull \hbox (4.49997pt too wide) detected at line 5158
 []\T1/qtm/m/n/10 2248
 []


Overfull \hbox (4.49997pt too wide) detected at line 5159
 []\T1/qtm/m/n/10 2248
 []


Overfull \hbox (4.49997pt too wide) detected at line 5160
 []\T1/qtm/m/n/10 2248
 []


Overfull \hbox (4.49997pt too wide) detected at line 5161
 []\T1/qtm/m/n/10 2248
 []


Overfull \hbox (4.49997pt too wide) detected at line 5162
 []\T1/qtm/m/n/10 2248
 []


Overfull \hbox (4.49997pt too wide) detected at line 5163
 []\T1/qtm/m/n/10 2248
 []


Overfull \hbox (4.49997pt too wide) detected at line 5164
 []\T1/qtm/m/n/10 2248
 []


Overfull \hbox (4.49997pt too wide) detected at line 5165
 []\T1/qtm/m/n/10 2248
 []


Overfull \hbox (4.49997pt too wide) detected at line 5166
 []\T1/qtm/m/n/10 2249
 []


Overfull \hbox (4.49997pt too wide) detected at line 5167
 []\T1/qtm/m/n/10 2249
 []


Overfull \hbox (4.49997pt too wide) detected at line 5168
 []\T1/qtm/m/n/10 2249
 []


Overfull \hbox (4.49997pt too wide) detected at line 5169
 []\T1/qtm/m/n/10 2249
 []


Overfull \hbox (4.49997pt too wide) detected at line 5170
 []\T1/qtm/m/n/10 2249
 []


Overfull \hbox (4.49997pt too wide) detected at line 5171
 []\T1/qtm/m/n/10 2249
 []


Overfull \hbox (4.49997pt too wide) detected at line 5172
 []\T1/qtm/m/n/10 2250
 []


Overfull \hbox (4.49997pt too wide) detected at line 5173
 []\T1/qtm/m/n/10 2250
 []


Overfull \hbox (4.49997pt too wide) detected at line 5174
 []\T1/qtm/m/n/10 2251
 []


Overfull \hbox (4.49997pt too wide) detected at line 5175
 []\T1/qtm/m/n/10 2251
 []


Overfull \hbox (4.49997pt too wide) detected at line 5176
 []\T1/qtm/m/n/10 2251
 []


Overfull \hbox (4.49997pt too wide) detected at line 5177
 []\T1/qtm/m/n/10 2251
 []


Overfull \hbox (4.49997pt too wide) detected at line 5178
 []\T1/qtm/m/n/10 2252
 []


Overfull \hbox (4.49997pt too wide) detected at line 5179
 []\T1/qtm/m/n/10 2252
 []


Overfull \hbox (4.49997pt too wide) detected at line 5180
 []\T1/qtm/m/n/10 2252
 []


Overfull \hbox (4.49997pt too wide) detected at line 5181
 []\T1/qtm/m/n/10 2252
 []


Overfull \hbox (4.49997pt too wide) detected at line 5182
 []\T1/qtm/m/n/10 2254
 []


Overfull \hbox (4.49997pt too wide) detected at line 5183
 []\T1/qtm/m/n/10 2254
 []

[83]
Overfull \hbox (4.49997pt too wide) detected at line 5184
 []\T1/qtm/m/n/10 2255
 []


Overfull \hbox (4.49997pt too wide) detected at line 5185
 []\T1/qtm/m/n/10 2255
 []


Overfull \hbox (4.49997pt too wide) detected at line 5186
 []\T1/qtm/m/n/10 2255
 []


Overfull \hbox (4.49997pt too wide) detected at line 5187
 []\T1/qtm/m/n/10 2255
 []


Overfull \hbox (4.49997pt too wide) detected at line 5188
 []\T1/qtm/m/n/10 2255
 []


Overfull \hbox (4.49997pt too wide) detected at line 5189
 []\T1/qtm/m/n/10 2256
 []


Overfull \hbox (4.49997pt too wide) detected at line 5190
 []\T1/qtm/m/n/10 2258
 []


Overfull \hbox (4.49997pt too wide) detected at line 5191
 []\T1/qtm/m/n/10 2258
 []


Overfull \hbox (4.49997pt too wide) detected at line 5192
 []\T1/qtm/m/n/10 2258
 []


Overfull \hbox (4.49997pt too wide) detected at line 5193
 []\T1/qtm/m/n/10 2258
 []


Overfull \hbox (4.49997pt too wide) detected at line 5195
 []\T1/qtm/m/n/10 2259
 []


Overfull \hbox (4.49997pt too wide) detected at line 5196
 []\T1/qtm/m/n/10 2259
 []


Overfull \hbox (4.49997pt too wide) detected at line 5197
 []\T1/qtm/m/n/10 2259
 []


Overfull \hbox (4.49997pt too wide) detected at line 5198
 []\T1/qtm/m/n/10 2259
 []


Overfull \hbox (4.49997pt too wide) detected at line 5199
 []\T1/qtm/m/n/10 2261
 []


Overfull \hbox (4.49997pt too wide) detected at line 5200
 []\T1/qtm/m/n/10 2261
 []


Overfull \hbox (4.49997pt too wide) detected at line 5201
 []\T1/qtm/m/n/10 2261
 []


Overfull \hbox (4.49997pt too wide) detected at line 5202
 []\T1/qtm/m/n/10 2261
 []


Overfull \hbox (4.49997pt too wide) detected at line 5203
 []\T1/qtm/m/n/10 2262
 []


Overfull \hbox (4.49997pt too wide) detected at line 5204
 []\T1/qtm/m/n/10 2262
 []


Overfull \hbox (4.49997pt too wide) detected at line 5205
 []\T1/qtm/m/n/10 2262
 []


Overfull \hbox (4.49997pt too wide) detected at line 5206
 []\T1/qtm/m/n/10 2262
 []


Overfull \hbox (4.49997pt too wide) detected at line 5207
 []\T1/qtm/m/n/10 2263
 []


Overfull \hbox (4.49997pt too wide) detected at line 5208
 []\T1/qtm/m/n/10 2263
 []


Overfull \hbox (4.49997pt too wide) detected at line 5209
 []\T1/qtm/m/n/10 2263
 []


Overfull \hbox (4.49997pt too wide) detected at line 5210
 []\T1/qtm/m/n/10 2263
 []


Overfull \hbox (4.49997pt too wide) detected at line 5211
 []\T1/qtm/m/n/10 2264
 []


Overfull \hbox (4.49997pt too wide) detected at line 5212
 []\T1/qtm/m/n/10 2264
 []


Overfull \hbox (4.49997pt too wide) detected at line 5213
 []\T1/qtm/m/n/10 2264
 []


Overfull \hbox (4.49997pt too wide) detected at line 5214
 []\T1/qtm/m/n/10 2264
 []


Overfull \hbox (4.49997pt too wide) detected at line 5215
 []\T1/qtm/m/n/10 2266
 []


Overfull \hbox (4.49997pt too wide) detected at line 5216
 []\T1/qtm/m/n/10 2266
 []


Overfull \hbox (4.49997pt too wide) detected at line 5217
 []\T1/qtm/m/n/10 2266
 []


Overfull \hbox (4.49997pt too wide) detected at line 5218
 []\T1/qtm/m/n/10 2266
 []


Overfull \hbox (4.49997pt too wide) detected at line 5219
 []\T1/qtm/m/n/10 2267
 []


Overfull \hbox (4.49997pt too wide) detected at line 5220
 []\T1/qtm/m/n/10 2267
 []


Overfull \hbox (4.49997pt too wide) detected at line 5221
 []\T1/qtm/m/n/10 2267
 []


Overfull \hbox (4.49997pt too wide) detected at line 5222
 []\T1/qtm/m/n/10 2267
 []


Overfull \hbox (4.49997pt too wide) detected at line 5223
 []\T1/qtm/m/n/10 2267
 []


Overfull \hbox (4.49997pt too wide) detected at line 5224
 []\T1/qtm/m/n/10 2267
 []


Overfull \hbox (4.49997pt too wide) detected at line 5225
 []\T1/qtm/m/n/10 2269
 []


Overfull \hbox (4.49997pt too wide) detected at line 5226
 []\T1/qtm/m/n/10 2270
 []


Overfull \hbox (4.49997pt too wide) detected at line 5227
 []\T1/qtm/m/n/10 2270
 []


Overfull \hbox (4.49997pt too wide) detected at line 5228
 []\T1/qtm/m/n/10 2270
 []


Overfull \hbox (4.49997pt too wide) detected at line 5229
 []\T1/qtm/m/n/10 2270
 []


Overfull \hbox (4.49997pt too wide) detected at line 5230
 []\T1/qtm/m/n/10 2270
 []


Overfull \hbox (4.49997pt too wide) detected at line 5231
 []\T1/qtm/m/n/10 2270
 []


Overfull \hbox (4.49997pt too wide) detected at line 5232
 []\T1/qtm/m/n/10 2271
 []


Overfull \hbox (4.49997pt too wide) detected at line 5233
 []\T1/qtm/m/n/10 2271
 []


Overfull \hbox (4.49997pt too wide) detected at line 5234
 []\T1/qtm/m/n/10 2271
 []


Overfull \hbox (4.49997pt too wide) detected at line 5235
 []\T1/qtm/m/n/10 2273
 []


Overfull \hbox (4.49997pt too wide) detected at line 5236
 []\T1/qtm/m/n/10 2273
 []

[84]
Overfull \hbox (4.49997pt too wide) detected at line 5237
 []\T1/qtm/m/n/10 2274
 []


Overfull \hbox (4.49997pt too wide) detected at line 5238
 []\T1/qtm/m/n/10 2274
 []


Overfull \hbox (4.49997pt too wide) detected at line 5239
 []\T1/qtm/m/n/10 2275
 []


Overfull \hbox (4.49997pt too wide) detected at line 5240
 []\T1/qtm/m/n/10 2275
 []


Overfull \hbox (4.49997pt too wide) detected at line 5241
 []\T1/qtm/m/n/10 2275
 []


Overfull \hbox (4.49997pt too wide) detected at line 5242
 []\T1/qtm/m/n/10 2275
 []


Overfull \hbox (4.49997pt too wide) detected at line 5243
 []\T1/qtm/m/n/10 2277
 []


Overfull \hbox (4.49997pt too wide) detected at line 5244
 []\T1/qtm/m/n/10 2277
 []


Overfull \hbox (4.49997pt too wide) detected at line 5245
 []\T1/qtm/m/n/10 2277
 []


Overfull \hbox (4.49997pt too wide) detected at line 5246
 []\T1/qtm/m/n/10 2277
 []


Overfull \hbox (4.49997pt too wide) detected at line 5247
 []\T1/qtm/m/n/10 2277
 []


Overfull \hbox (4.49997pt too wide) detected at line 5248
 []\T1/qtm/m/n/10 2277
 []


Overfull \hbox (4.49997pt too wide) detected at line 5249
 []\T1/qtm/m/n/10 2278
 []


Overfull \hbox (4.49997pt too wide) detected at line 5250
 []\T1/qtm/m/n/10 2278
 []


Overfull \hbox (4.49997pt too wide) detected at line 5251
 []\T1/qtm/m/n/10 2279
 []


Overfull \hbox (4.49997pt too wide) detected at line 5252
 []\T1/qtm/m/n/10 2279
 []


Overfull \hbox (4.49997pt too wide) detected at line 5253
 []\T1/qtm/m/n/10 2279
 []


Overfull \hbox (4.49997pt too wide) detected at line 5254
 []\T1/qtm/m/n/10 2279
 []


Overfull \hbox (4.49997pt too wide) detected at line 5255
 []\T1/qtm/m/n/10 2279
 []


Overfull \hbox (4.49997pt too wide) detected at line 5256
 []\T1/qtm/m/n/10 2279
 []


Overfull \hbox (4.49997pt too wide) detected at line 5257
 []\T1/qtm/m/n/10 2279
 []


Overfull \hbox (4.49997pt too wide) detected at line 5258
 []\T1/qtm/m/n/10 2280
 []


Overfull \hbox (4.49997pt too wide) detected at line 5259
 []\T1/qtm/m/n/10 2280
 []


Overfull \hbox (4.49997pt too wide) detected at line 5260
 []\T1/qtm/m/n/10 2281
 []


Overfull \hbox (4.49997pt too wide) detected at line 5261
 []\T1/qtm/m/n/10 2281
 []


Overfull \hbox (4.49997pt too wide) detected at line 5262
 []\T1/qtm/m/n/10 2281
 []


Overfull \hbox (4.49997pt too wide) detected at line 5263
 []\T1/qtm/m/n/10 2281
 []


Overfull \hbox (4.49997pt too wide) detected at line 5264
 []\T1/qtm/m/n/10 2281
 []


Overfull \hbox (4.49997pt too wide) detected at line 5265
 []\T1/qtm/m/n/10 2281
 []


Overfull \hbox (4.49997pt too wide) detected at line 5266
 []\T1/qtm/m/n/10 2281
 []


Overfull \hbox (4.49997pt too wide) detected at line 5267
 []\T1/qtm/m/n/10 2282
 []


Overfull \hbox (4.49997pt too wide) detected at line 5268
 []\T1/qtm/m/n/10 2283
 []


Overfull \hbox (4.49997pt too wide) detected at line 5269
 []\T1/qtm/m/n/10 2283
 []


Overfull \hbox (4.49997pt too wide) detected at line 5270
 []\T1/qtm/m/n/10 2283
 []


Overfull \hbox (4.49997pt too wide) detected at line 5271
 []\T1/qtm/m/n/10 2283
 []


Overfull \hbox (4.49997pt too wide) detected at line 5272
 []\T1/qtm/m/n/10 2283
 []


Overfull \hbox (4.49997pt too wide) detected at line 5273
 []\T1/qtm/m/n/10 2283
 []


Overfull \hbox (4.49997pt too wide) detected at line 5274
 []\T1/qtm/m/n/10 2283
 []


Overfull \hbox (4.49997pt too wide) detected at line 5275
 []\T1/qtm/m/n/10 2286
 []


Overfull \hbox (4.49997pt too wide) detected at line 5276
 []\T1/qtm/m/n/10 2286
 []


Overfull \hbox (4.49997pt too wide) detected at line 5277
 []\T1/qtm/m/n/10 2286
 []


Overfull \hbox (4.49997pt too wide) detected at line 5278
 []\T1/qtm/m/n/10 2286
 []


Overfull \hbox (4.49997pt too wide) detected at line 5279
 []\T1/qtm/m/n/10 2286
 []


Overfull \hbox (4.49997pt too wide) detected at line 5280
 []\T1/qtm/m/n/10 2286
 []


Overfull \hbox (4.49997pt too wide) detected at line 5281
 []\T1/qtm/m/n/10 2287
 []


Overfull \hbox (4.49997pt too wide) detected at line 5282
 []\T1/qtm/m/n/10 2287
 []


Overfull \hbox (4.49997pt too wide) detected at line 5283
 []\T1/qtm/m/n/10 2289
 []


Overfull \hbox (4.49997pt too wide) detected at line 5284
 []\T1/qtm/m/n/10 2289
 []


Overfull \hbox (4.49997pt too wide) detected at line 5285
 []\T1/qtm/m/n/10 2289
 []


Overfull \hbox (4.49997pt too wide) detected at line 5286
 []\T1/qtm/m/n/10 2289
 []


Overfull \hbox (4.49997pt too wide) detected at line 5287
 []\T1/qtm/m/n/10 2289
 []


Overfull \hbox (4.49997pt too wide) detected at line 5288
 []\T1/qtm/m/n/10 2289
 []


Overfull \hbox (4.49997pt too wide) detected at line 5289
 []\T1/qtm/m/n/10 2289
 []


Overfull \hbox (4.49997pt too wide) detected at line 5290
 []\T1/qtm/m/n/10 2290
 []

[85]
Overfull \hbox (4.49997pt too wide) detected at line 5291
 []\T1/qtm/m/n/10 2294
 []


Overfull \hbox (4.49997pt too wide) detected at line 5292
 []\T1/qtm/m/n/10 2294
 []


Overfull \hbox (4.49997pt too wide) detected at line 5293
 []\T1/qtm/m/n/10 2295
 []


Overfull \hbox (4.49997pt too wide) detected at line 5294
 []\T1/qtm/m/n/10 2295
 []


Overfull \hbox (4.49997pt too wide) detected at line 5295
 []\T1/qtm/m/n/10 2295
 []


Overfull \hbox (4.49997pt too wide) detected at line 5296
 []\T1/qtm/m/n/10 2295
 []


Overfull \hbox (4.49997pt too wide) detected at line 5297
 []\T1/qtm/m/n/10 2295
 []


Overfull \hbox (4.49997pt too wide) detected at line 5298
 []\T1/qtm/m/n/10 2295
 []


Overfull \hbox (4.49997pt too wide) detected at line 5299
 []\T1/qtm/m/n/10 2295
 []


Overfull \hbox (4.49997pt too wide) detected at line 5300
 []\T1/qtm/m/n/10 2295
 []


Overfull \hbox (4.49997pt too wide) detected at line 5301
 []\T1/qtm/m/n/10 2296
 []


Overfull \hbox (4.49997pt too wide) detected at line 5302
 []\T1/qtm/m/n/10 2297
 []


Overfull \hbox (4.49997pt too wide) detected at line 5303
 []\T1/qtm/m/n/10 2298
 []


Overfull \hbox (4.49997pt too wide) detected at line 5304
 []\T1/qtm/m/n/10 2298
 []


Overfull \hbox (4.49997pt too wide) detected at line 5305
 []\T1/qtm/m/n/10 2298
 []


Overfull \hbox (4.49997pt too wide) detected at line 5306
 []\T1/qtm/m/n/10 2298
 []


Overfull \hbox (4.49997pt too wide) detected at line 5307
 []\T1/qtm/m/n/10 2298
 []


Overfull \hbox (4.49997pt too wide) detected at line 5308
 []\T1/qtm/m/n/10 2298
 []


Overfull \hbox (4.49997pt too wide) detected at line 5309
 []\T1/qtm/m/n/10 2299
 []


Overfull \hbox (4.49997pt too wide) detected at line 5310
 []\T1/qtm/m/n/10 2299
 []


Overfull \hbox (4.49997pt too wide) detected at line 5311
 []\T1/qtm/m/n/10 2299
 []


Overfull \hbox (4.49997pt too wide) detected at line 5312
 []\T1/qtm/m/n/10 2300
 []


Overfull \hbox (4.49997pt too wide) detected at line 5313
 []\T1/qtm/m/n/10 2300
 []


Overfull \hbox (4.49997pt too wide) detected at line 5314
 []\T1/qtm/m/n/10 2300
 []


Overfull \hbox (4.49997pt too wide) detected at line 5315
 []\T1/qtm/m/n/10 2300
 []


Overfull \hbox (4.49997pt too wide) detected at line 5316
 []\T1/qtm/m/n/10 2300
 []


Overfull \hbox (4.49997pt too wide) detected at line 5317
 []\T1/qtm/m/n/10 2300
 []


Overfull \hbox (4.49997pt too wide) detected at line 5318
 []\T1/qtm/m/n/10 2300
 []


Overfull \hbox (4.49997pt too wide) detected at line 5319
 []\T1/qtm/m/n/10 2301
 []


Overfull \hbox (4.49997pt too wide) detected at line 5320
 []\T1/qtm/m/n/10 2301
 []


Overfull \hbox (4.49997pt too wide) detected at line 5321
 []\T1/qtm/m/n/10 2301
 []


Overfull \hbox (4.49997pt too wide) detected at line 5322
 []\T1/qtm/m/n/10 2302
 []


Overfull \hbox (4.49997pt too wide) detected at line 5323
 []\T1/qtm/m/n/10 2302
 []


Overfull \hbox (4.49997pt too wide) detected at line 5324
 []\T1/qtm/m/n/10 2302
 []


Overfull \hbox (4.49997pt too wide) detected at line 5325
 []\T1/qtm/m/n/10 2302
 []


Overfull \hbox (4.49997pt too wide) detected at line 5326
 []\T1/qtm/m/n/10 2302
 []


Overfull \hbox (4.49997pt too wide) detected at line 5327
 []\T1/qtm/m/n/10 2302
 []


Overfull \hbox (4.49997pt too wide) detected at line 5328
 []\T1/qtm/m/n/10 2303
 []


Overfull \hbox (4.49997pt too wide) detected at line 5329
 []\T1/qtm/m/n/10 2304
 []


Overfull \hbox (4.49997pt too wide) detected at line 5330
 []\T1/qtm/m/n/10 2304
 []


Overfull \hbox (4.49997pt too wide) detected at line 5331
 []\T1/qtm/m/n/10 2304
 []


Overfull \hbox (4.49997pt too wide) detected at line 5332
 []\T1/qtm/m/n/10 2304
 []


Overfull \hbox (4.49997pt too wide) detected at line 5333
 []\T1/qtm/m/n/10 2304
 []


Overfull \hbox (4.49997pt too wide) detected at line 5334
 []\T1/qtm/m/n/10 2304
 []


Overfull \hbox (4.49997pt too wide) detected at line 5335
 []\T1/qtm/m/n/10 2304
 []


Overfull \hbox (4.49997pt too wide) detected at line 5336
 []\T1/qtm/m/n/10 2304
 []


Overfull \hbox (4.49997pt too wide) detected at line 5337
 []\T1/qtm/m/n/10 2305
 []


Overfull \hbox (4.49997pt too wide) detected at line 5338
 []\T1/qtm/m/n/10 2305
 []


Overfull \hbox (4.49997pt too wide) detected at line 5339
 []\T1/qtm/m/n/10 2306
 []


Overfull \hbox (4.49997pt too wide) detected at line 5340
 []\T1/qtm/m/n/10 2307
 []


Overfull \hbox (4.49997pt too wide) detected at line 5341
 []\T1/qtm/m/n/10 2307
 []


Overfull \hbox (4.49997pt too wide) detected at line 5342
 []\T1/qtm/m/n/10 2307
 []


Overfull \hbox (4.49997pt too wide) detected at line 5343
 []\T1/qtm/m/n/10 2307
 []


Overfull \hbox (4.49997pt too wide) detected at line 5344
 []\T1/qtm/m/n/10 2307
 []

[86]
Overfull \hbox (4.49997pt too wide) detected at line 5345
 []\T1/qtm/m/n/10 2307
 []


Overfull \hbox (4.49997pt too wide) detected at line 5346
 []\T1/qtm/m/n/10 2308
 []


Overfull \hbox (4.49997pt too wide) detected at line 5347
 []\T1/qtm/m/n/10 2308
 []


Overfull \hbox (4.49997pt too wide) detected at line 5348
 []\T1/qtm/m/n/10 2309
 []


Overfull \hbox (4.49997pt too wide) detected at line 5349
 []\T1/qtm/m/n/10 2309
 []


Overfull \hbox (4.49997pt too wide) detected at line 5350
 []\T1/qtm/m/n/10 2309
 []


Overfull \hbox (4.49997pt too wide) detected at line 5351
 []\T1/qtm/m/n/10 2309
 []


Overfull \hbox (4.49997pt too wide) detected at line 5352
 []\T1/qtm/m/n/10 2309
 []


Overfull \hbox (4.49997pt too wide) detected at line 5353
 []\T1/qtm/m/n/10 2309
 []


Overfull \hbox (4.49997pt too wide) detected at line 5354
 []\T1/qtm/m/n/10 2310
 []


Overfull \hbox (4.49997pt too wide) detected at line 5355
 []\T1/qtm/m/n/10 2310
 []


Overfull \hbox (4.49997pt too wide) detected at line 5356
 []\T1/qtm/m/n/10 2311
 []


Overfull \hbox (4.49997pt too wide) detected at line 5357
 []\T1/qtm/m/n/10 2311
 []


Overfull \hbox (4.49997pt too wide) detected at line 5358
 []\T1/qtm/m/n/10 2312
 []


Overfull \hbox (4.49997pt too wide) detected at line 5359
 []\T1/qtm/m/n/10 2312
 []


Overfull \hbox (4.49997pt too wide) detected at line 5360
 []\T1/qtm/m/n/10 2312
 []


Overfull \hbox (4.49997pt too wide) detected at line 5361
 []\T1/qtm/m/n/10 2312
 []


Overfull \hbox (4.49997pt too wide) detected at line 5362
 []\T1/qtm/m/n/10 2312
 []


Overfull \hbox (4.49997pt too wide) detected at line 5363
 []\T1/qtm/m/n/10 2312
 []


Overfull \hbox (4.49997pt too wide) detected at line 5364
 []\T1/qtm/m/n/10 2312
 []


Overfull \hbox (4.49997pt too wide) detected at line 5365
 []\T1/qtm/m/n/10 2312
 []


Overfull \hbox (4.49997pt too wide) detected at line 5366
 []\T1/qtm/m/n/10 2313
 []


Overfull \hbox (4.49997pt too wide) detected at line 5367
 []\T1/qtm/m/n/10 2313
 []


Overfull \hbox (4.49997pt too wide) detected at line 5368
 []\T1/qtm/m/n/10 2314
 []


Overfull \hbox (4.49997pt too wide) detected at line 5369
 []\T1/qtm/m/n/10 2315
 []


Overfull \hbox (4.49997pt too wide) detected at line 5370
 []\T1/qtm/m/n/10 2316
 []


Overfull \hbox (4.49997pt too wide) detected at line 5371
 []\T1/qtm/m/n/10 2316
 []


Overfull \hbox (4.49997pt too wide) detected at line 5372
 []\T1/qtm/m/n/10 2316
 []


Overfull \hbox (4.49997pt too wide) detected at line 5373
 []\T1/qtm/m/n/10 2316
 []


Overfull \hbox (4.49997pt too wide) detected at line 5374
 []\T1/qtm/m/n/10 2316
 []


Overfull \hbox (4.49997pt too wide) detected at line 5375
 []\T1/qtm/m/n/10 2316
 []


Overfull \hbox (4.49997pt too wide) detected at line 5376
 []\T1/qtm/m/n/10 2317
 []


Overfull \hbox (4.49997pt too wide) detected at line 5377
 []\T1/qtm/m/n/10 2317
 []


Overfull \hbox (4.49997pt too wide) detected at line 5378
 []\T1/qtm/m/n/10 2317
 []


Overfull \hbox (4.49997pt too wide) detected at line 5379
 []\T1/qtm/m/n/10 2318
 []


Overfull \hbox (4.49997pt too wide) detected at line 5380
 []\T1/qtm/m/n/10 2319
 []


Overfull \hbox (4.49997pt too wide) detected at line 5381
 []\T1/qtm/m/n/10 2319
 []


Overfull \hbox (4.49997pt too wide) detected at line 5382
 []\T1/qtm/m/n/10 2319
 []


Overfull \hbox (4.49997pt too wide) detected at line 5383
 []\T1/qtm/m/n/10 2319
 []


Overfull \hbox (4.49997pt too wide) detected at line 5384
 []\T1/qtm/m/n/10 2319
 []


Overfull \hbox (4.49997pt too wide) detected at line 5385
 []\T1/qtm/m/n/10 2319
 []


Overfull \hbox (4.49997pt too wide) detected at line 5386
 []\T1/qtm/m/n/10 2319
 []


Overfull \hbox (4.49997pt too wide) detected at line 5387
 []\T1/qtm/m/n/10 2322
 []


Overfull \hbox (4.49997pt too wide) detected at line 5388
 []\T1/qtm/m/n/10 2322
 []


Overfull \hbox (4.49997pt too wide) detected at line 5389
 []\T1/qtm/m/n/10 2322
 []


Overfull \hbox (4.49997pt too wide) detected at line 5390
 []\T1/qtm/m/n/10 2322
 []


Overfull \hbox (4.49997pt too wide) detected at line 5391
 []\T1/qtm/m/n/10 2322
 []


Overfull \hbox (4.49997pt too wide) detected at line 5392
 []\T1/qtm/m/n/10 2323
 []


Overfull \hbox (4.49997pt too wide) detected at line 5393
 []\T1/qtm/m/n/10 2323
 []


Overfull \hbox (4.49997pt too wide) detected at line 5394
 []\T1/qtm/m/n/10 2323
 []


Overfull \hbox (4.49997pt too wide) detected at line 5395
 []\T1/qtm/m/n/10 2323
 []


Overfull \hbox (4.49997pt too wide) detected at line 5396
 []\T1/qtm/m/n/10 2325
 []


Overfull \hbox (4.49997pt too wide) detected at line 5397
 []\T1/qtm/m/n/10 2325
 []


Overfull \hbox (4.49997pt too wide) detected at line 5398
 []\T1/qtm/m/n/10 2325
 []

[87]
Overfull \hbox (4.49997pt too wide) detected at line 5399
 []\T1/qtm/m/n/10 2325
 []


Overfull \hbox (4.49997pt too wide) detected at line 5400
 []\T1/qtm/m/n/10 2325
 []


Overfull \hbox (4.49997pt too wide) detected at line 5401
 []\T1/qtm/m/n/10 2325
 []


Overfull \hbox (4.49997pt too wide) detected at line 5402
 []\T1/qtm/m/n/10 2326
 []


Overfull \hbox (4.49997pt too wide) detected at line 5403
 []\T1/qtm/m/n/10 2326
 []


Overfull \hbox (4.49997pt too wide) detected at line 5404
 []\T1/qtm/m/n/10 2327
 []


Overfull \hbox (4.49997pt too wide) detected at line 5405
 []\T1/qtm/m/n/10 2327
 []


Overfull \hbox (4.49997pt too wide) detected at line 5406
 []\T1/qtm/m/n/10 2327
 []


Overfull \hbox (4.49997pt too wide) detected at line 5407
 []\T1/qtm/m/n/10 2327
 []


Overfull \hbox (4.49997pt too wide) detected at line 5408
 []\T1/qtm/m/n/10 2328
 []


Overfull \hbox (4.49997pt too wide) detected at line 5409
 []\T1/qtm/m/n/10 2328
 []


Overfull \hbox (4.49997pt too wide) detected at line 5410
 []\T1/qtm/m/n/10 2328
 []


Overfull \hbox (4.49997pt too wide) detected at line 5411
 []\T1/qtm/m/n/10 2328
 []


Overfull \hbox (4.49997pt too wide) detected at line 5412
 []\T1/qtm/m/n/10 2328
 []


Overfull \hbox (4.49997pt too wide) detected at line 5413
 []\T1/qtm/m/n/10 2328
 []


Overfull \hbox (4.49997pt too wide) detected at line 5414
 []\T1/qtm/m/n/10 2328
 []


Overfull \hbox (4.49997pt too wide) detected at line 5415
 []\T1/qtm/m/n/10 2328
 []


Overfull \hbox (4.49997pt too wide) detected at line 5416
 []\T1/qtm/m/n/10 2328
 []


Overfull \hbox (4.49997pt too wide) detected at line 5417
 []\T1/qtm/m/n/10 2329
 []


Overfull \hbox (4.49997pt too wide) detected at line 5418
 []\T1/qtm/m/n/10 2329
 []


Overfull \hbox (4.49997pt too wide) detected at line 5419
 []\T1/qtm/m/n/10 2329
 []


Overfull \hbox (4.49997pt too wide) detected at line 5420
 []\T1/qtm/m/n/10 2329
 []


Overfull \hbox (4.49997pt too wide) detected at line 5421
 []\T1/qtm/m/n/10 2330
 []


Overfull \hbox (4.49997pt too wide) detected at line 5422
 []\T1/qtm/m/n/10 2333
 []


Overfull \hbox (4.49997pt too wide) detected at line 5423
 []\T1/qtm/m/n/10 2333
 []


Overfull \hbox (4.49997pt too wide) detected at line 5424
 []\T1/qtm/m/n/10 2333
 []


Overfull \hbox (4.49997pt too wide) detected at line 5425
 []\T1/qtm/m/n/10 2333
 []


Overfull \hbox (4.49997pt too wide) detected at line 5426
 []\T1/qtm/m/n/10 2334
 []


Overfull \hbox (4.49997pt too wide) detected at line 5427
 []\T1/qtm/m/n/10 2334
 []


Overfull \hbox (4.49997pt too wide) detected at line 5428
 []\T1/qtm/m/n/10 2334
 []


Overfull \hbox (4.49997pt too wide) detected at line 5429
 []\T1/qtm/m/n/10 2334
 []


Overfull \hbox (4.49997pt too wide) detected at line 5430
 []\T1/qtm/m/n/10 2335
 []


Overfull \hbox (4.49997pt too wide) detected at line 5431
 []\T1/qtm/m/n/10 2335
 []


Overfull \hbox (4.49997pt too wide) detected at line 5432
 []\T1/qtm/m/n/10 2335
 []


Overfull \hbox (4.49997pt too wide) detected at line 5433
 []\T1/qtm/m/n/10 2335
 []


Overfull \hbox (4.49997pt too wide) detected at line 5434
 []\T1/qtm/m/n/10 2335
 []


Overfull \hbox (4.49997pt too wide) detected at line 5435
 []\T1/qtm/m/n/10 2335
 []


Overfull \hbox (4.49997pt too wide) detected at line 5436
 []\T1/qtm/m/n/10 2336
 []


Overfull \hbox (4.49997pt too wide) detected at line 5437
 []\T1/qtm/m/n/10 2336
 []


Overfull \hbox (4.49997pt too wide) detected at line 5438
 []\T1/qtm/m/n/10 2336
 []


Overfull \hbox (4.49997pt too wide) detected at line 5439
 []\T1/qtm/m/n/10 2337
 []


Overfull \hbox (4.49997pt too wide) detected at line 5440
 []\T1/qtm/m/n/10 2337
 []


Overfull \hbox (4.49997pt too wide) detected at line 5441
 []\T1/qtm/m/n/10 2337
 []


Overfull \hbox (4.49997pt too wide) detected at line 5442
 []\T1/qtm/m/n/10 2337
 []


Overfull \hbox (4.49997pt too wide) detected at line 5443
 []\T1/qtm/m/n/10 2337
 []


Overfull \hbox (4.49997pt too wide) detected at line 5444
 []\T1/qtm/m/n/10 2337
 []


Overfull \hbox (4.49997pt too wide) detected at line 5445
 []\T1/qtm/m/n/10 2337
 []


Overfull \hbox (4.49997pt too wide) detected at line 5446
 []\T1/qtm/m/n/10 2337
 []


Overfull \hbox (4.49997pt too wide) detected at line 5447
 []\T1/qtm/m/n/10 2338
 []


Overfull \hbox (4.49997pt too wide) detected at line 5448
 []\T1/qtm/m/n/10 2338
 []


Overfull \hbox (4.49997pt too wide) detected at line 5449
 []\T1/qtm/m/n/10 2338
 []


Overfull \hbox (4.49997pt too wide) detected at line 5450
 []\T1/qtm/m/n/10 2339
 []


Overfull \hbox (4.49997pt too wide) detected at line 5451
 []\T1/qtm/m/n/10 2339
 []


Overfull \hbox (4.49997pt too wide) detected at line 5452
 []\T1/qtm/m/n/10 2339
 []

[88]
Overfull \hbox (4.49997pt too wide) detected at line 5453
 []\T1/qtm/m/n/10 2339
 []


Overfull \hbox (4.49997pt too wide) detected at line 5454
 []\T1/qtm/m/n/10 2339
 []


Overfull \hbox (4.49997pt too wide) detected at line 5455
 []\T1/qtm/m/n/10 2339
 []


Overfull \hbox (4.49997pt too wide) detected at line 5456
 []\T1/qtm/m/n/10 2340
 []


Overfull \hbox (4.49997pt too wide) detected at line 5457
 []\T1/qtm/m/n/10 2340
 []


Overfull \hbox (4.49997pt too wide) detected at line 5458
 []\T1/qtm/m/n/10 2340
 []


Overfull \hbox (4.49997pt too wide) detected at line 5459
 []\T1/qtm/m/n/10 2340
 []


Overfull \hbox (4.49997pt too wide) detected at line 5460
 []\T1/qtm/m/n/10 2341
 []


Overfull \hbox (4.49997pt too wide) detected at line 5461
 []\T1/qtm/m/n/10 2341
 []


Overfull \hbox (4.49997pt too wide) detected at line 5462
 []\T1/qtm/m/n/10 2341
 []


Overfull \hbox (4.49997pt too wide) detected at line 5463
 []\T1/qtm/m/n/10 2341
 []


Overfull \hbox (4.49997pt too wide) detected at line 5464
 []\T1/qtm/m/n/10 2341
 []


Overfull \hbox (4.49997pt too wide) detected at line 5465
 []\T1/qtm/m/n/10 2341
 []


Overfull \hbox (4.49997pt too wide) detected at line 5466
 []\T1/qtm/m/n/10 2341
 []


Overfull \hbox (4.49997pt too wide) detected at line 5467
 []\T1/qtm/m/n/10 2341
 []


Overfull \hbox (4.49997pt too wide) detected at line 5468
 []\T1/qtm/m/n/10 2341
 []


Overfull \hbox (4.49997pt too wide) detected at line 5469
 []\T1/qtm/m/n/10 2342
 []


Overfull \hbox (4.49997pt too wide) detected at line 5470
 []\T1/qtm/m/n/10 2342
 []


Overfull \hbox (4.49997pt too wide) detected at line 5471
 []\T1/qtm/m/n/10 2343
 []


Overfull \hbox (4.49997pt too wide) detected at line 5472
 []\T1/qtm/m/n/10 2344
 []


Overfull \hbox (4.49997pt too wide) detected at line 5473
 []\T1/qtm/m/n/10 2344
 []


Overfull \hbox (4.49997pt too wide) detected at line 5474
 []\T1/qtm/m/n/10 2344
 []


Overfull \hbox (4.49997pt too wide) detected at line 5475
 []\T1/qtm/m/n/10 2344
 []


Overfull \hbox (4.49997pt too wide) detected at line 5476
 []\T1/qtm/m/n/10 2344
 []


Overfull \hbox (4.49997pt too wide) detected at line 5477
 []\T1/qtm/m/n/10 2344
 []


Overfull \hbox (4.49997pt too wide) detected at line 5478
 []\T1/qtm/m/n/10 2344
 []


Overfull \hbox (4.49997pt too wide) detected at line 5479
 []\T1/qtm/m/n/10 2344
 []


Overfull \hbox (4.49997pt too wide) detected at line 5480
 []\T1/qtm/m/n/10 2344
 []


Overfull \hbox (4.49997pt too wide) detected at line 5481
 []\T1/qtm/m/n/10 2344
 []


Overfull \hbox (4.49997pt too wide) detected at line 5482
 []\T1/qtm/m/n/10 2344
 []


Overfull \hbox (4.49997pt too wide) detected at line 5483
 []\T1/qtm/m/n/10 2345
 []


Overfull \hbox (4.49997pt too wide) detected at line 5484
 []\T1/qtm/m/n/10 2345
 []


Overfull \hbox (4.49997pt too wide) detected at line 5485
 []\T1/qtm/m/n/10 2346
 []


Overfull \hbox (4.49997pt too wide) detected at line 5486
 []\T1/qtm/m/n/10 2346
 []


Overfull \hbox (4.49997pt too wide) detected at line 5487
 []\T1/qtm/m/n/10 2346
 []


Overfull \hbox (4.49997pt too wide) detected at line 5488
 []\T1/qtm/m/n/10 2346
 []


Overfull \hbox (4.49997pt too wide) detected at line 5489
 []\T1/qtm/m/n/10 2346
 []


Overfull \hbox (4.49997pt too wide) detected at line 5490
 []\T1/qtm/m/n/10 2346
 []


Overfull \hbox (4.49997pt too wide) detected at line 5491
 []\T1/qtm/m/n/10 2346
 []


Overfull \hbox (4.49997pt too wide) detected at line 5492
 []\T1/qtm/m/n/10 2347
 []


Overfull \hbox (4.49997pt too wide) detected at line 5493
 []\T1/qtm/m/n/10 2347
 []


Overfull \hbox (4.49997pt too wide) detected at line 5494
 []\T1/qtm/m/n/10 2347
 []


Overfull \hbox (4.49997pt too wide) detected at line 5495
 []\T1/qtm/m/n/10 2348
 []


Overfull \hbox (4.49997pt too wide) detected at line 5496
 []\T1/qtm/m/n/10 2351
 []


Overfull \hbox (4.49997pt too wide) detected at line 5497
 []\T1/qtm/m/n/10 2352
 []


Overfull \hbox (4.49997pt too wide) detected at line 5498
 []\T1/qtm/m/n/10 2352
 []


Overfull \hbox (4.49997pt too wide) detected at line 5499
 []\T1/qtm/m/n/10 2352
 []


Overfull \hbox (4.49997pt too wide) detected at line 5500
 []\T1/qtm/m/n/10 2352
 []


Overfull \hbox (4.49997pt too wide) detected at line 5501
 []\T1/qtm/m/n/10 2352
 []


Overfull \hbox (4.49997pt too wide) detected at line 5502
 []\T1/qtm/m/n/10 2352
 []


Overfull \hbox (4.49997pt too wide) detected at line 5503
 []\T1/qtm/m/n/10 2353
 []


Overfull \hbox (4.49997pt too wide) detected at line 5504
 []\T1/qtm/m/n/10 2353
 []


Overfull \hbox (4.49997pt too wide) detected at line 5505
 []\T1/qtm/m/n/10 2354
 []


Overfull \hbox (4.49997pt too wide) detected at line 5506
 []\T1/qtm/m/n/10 2355
 []

[89]
Overfull \hbox (4.49997pt too wide) detected at line 5507
 []\T1/qtm/m/n/10 2355
 []


Overfull \hbox (4.49997pt too wide) detected at line 5508
 []\T1/qtm/m/n/10 2355
 []


Overfull \hbox (4.49997pt too wide) detected at line 5509
 []\T1/qtm/m/n/10 2355
 []


Overfull \hbox (4.49997pt too wide) detected at line 5510
 []\T1/qtm/m/n/10 2356
 []


Overfull \hbox (4.49997pt too wide) detected at line 5511
 []\T1/qtm/m/n/10 2356
 []


Overfull \hbox (4.49997pt too wide) detected at line 5512
 []\T1/qtm/m/n/10 2356
 []


Overfull \hbox (4.49997pt too wide) detected at line 5513
 []\T1/qtm/m/n/10 2357
 []


Overfull \hbox (4.49997pt too wide) detected at line 5514
 []\T1/qtm/m/n/10 2358
 []


Overfull \hbox (4.49997pt too wide) detected at line 5515
 []\T1/qtm/m/n/10 2358
 []


Overfull \hbox (4.49997pt too wide) detected at line 5516
 []\T1/qtm/m/n/10 2358
 []


Overfull \hbox (4.49997pt too wide) detected at line 5517
 []\T1/qtm/m/n/10 2358
 []


Overfull \hbox (4.49997pt too wide) detected at line 5518
 []\T1/qtm/m/n/10 2358
 []


Overfull \hbox (4.49997pt too wide) detected at line 5519
 []\T1/qtm/m/n/10 2358
 []


Overfull \hbox (4.49997pt too wide) detected at line 5520
 []\T1/qtm/m/n/10 2359
 []


Overfull \hbox (4.49997pt too wide) detected at line 5521
 []\T1/qtm/m/n/10 2359
 []


Overfull \hbox (4.49997pt too wide) detected at line 5522
 []\T1/qtm/m/n/10 2361
 []


Overfull \hbox (4.49997pt too wide) detected at line 5523
 []\T1/qtm/m/n/10 2361
 []


Overfull \hbox (4.49997pt too wide) detected at line 5524
 []\T1/qtm/m/n/10 2361
 []


Overfull \hbox (4.49997pt too wide) detected at line 5525
 []\T1/qtm/m/n/10 2361
 []


Overfull \hbox (4.49997pt too wide) detected at line 5526
 []\T1/qtm/m/n/10 2362
 []


Overfull \hbox (4.49997pt too wide) detected at line 5527
 []\T1/qtm/m/n/10 2362
 []


Overfull \hbox (4.49997pt too wide) detected at line 5528
 []\T1/qtm/m/n/10 2362
 []


Overfull \hbox (4.49997pt too wide) detected at line 5529
 []\T1/qtm/m/n/10 2364
 []


Overfull \hbox (4.49997pt too wide) detected at line 5530
 []\T1/qtm/m/n/10 2364
 []


Overfull \hbox (4.49997pt too wide) detected at line 5531
 []\T1/qtm/m/n/10 2364
 []


Overfull \hbox (4.49997pt too wide) detected at line 5532
 []\T1/qtm/m/n/10 2364
 []


Overfull \hbox (4.49997pt too wide) detected at line 5533
 []\T1/qtm/m/n/10 2364
 []


Overfull \hbox (4.49997pt too wide) detected at line 5534
 []\T1/qtm/m/n/10 2364
 []


Overfull \hbox (4.49997pt too wide) detected at line 5535
 []\T1/qtm/m/n/10 2365
 []


Overfull \hbox (4.49997pt too wide) detected at line 5536
 []\T1/qtm/m/n/10 2366
 []


Overfull \hbox (4.49997pt too wide) detected at line 5537
 []\T1/qtm/m/n/10 2366
 []


Overfull \hbox (4.49997pt too wide) detected at line 5538
 []\T1/qtm/m/n/10 2366
 []


Overfull \hbox (4.49997pt too wide) detected at line 5539
 []\T1/qtm/m/n/10 2366
 []


Overfull \hbox (4.49997pt too wide) detected at line 5540
 []\T1/qtm/m/n/10 2366
 []


Overfull \hbox (4.49997pt too wide) detected at line 5541
 []\T1/qtm/m/n/10 2367
 []


Overfull \hbox (4.49997pt too wide) detected at line 5542
 []\T1/qtm/m/n/10 2367
 []


Overfull \hbox (4.49997pt too wide) detected at line 5543
 []\T1/qtm/m/n/10 2368
 []


Overfull \hbox (4.49997pt too wide) detected at line 5544
 []\T1/qtm/m/n/10 2368
 []


Overfull \hbox (4.49997pt too wide) detected at line 5545
 []\T1/qtm/m/n/10 2368
 []


Overfull \hbox (4.49997pt too wide) detected at line 5546
 []\T1/qtm/m/n/10 2368
 []


Overfull \hbox (4.49997pt too wide) detected at line 5547
 []\T1/qtm/m/n/10 2368
 []


Overfull \hbox (4.49997pt too wide) detected at line 5548
 []\T1/qtm/m/n/10 2368
 []


Overfull \hbox (4.49997pt too wide) detected at line 5549
 []\T1/qtm/m/n/10 2369
 []


Overfull \hbox (4.49997pt too wide) detected at line 5550
 []\T1/qtm/m/n/10 2369
 []


Overfull \hbox (4.49997pt too wide) detected at line 5551
 []\T1/qtm/m/n/10 2371
 []


Overfull \hbox (4.49997pt too wide) detected at line 5552
 []\T1/qtm/m/n/10 2371
 []


Overfull \hbox (4.49997pt too wide) detected at line 5553
 []\T1/qtm/m/n/10 2371
 []


Overfull \hbox (4.49997pt too wide) detected at line 5554
 []\T1/qtm/m/n/10 2371
 []


Overfull \hbox (4.49997pt too wide) detected at line 5555
 []\T1/qtm/m/n/10 2371
 []


Overfull \hbox (4.49997pt too wide) detected at line 5556
 []\T1/qtm/m/n/10 2372
 []


Overfull \hbox (4.49997pt too wide) detected at line 5557
 []\T1/qtm/m/n/10 2372
 []


Overfull \hbox (4.49997pt too wide) detected at line 5558
 []\T1/qtm/m/n/10 2372
 []


Overfull \hbox (4.49997pt too wide) detected at line 5559
 []\T1/qtm/m/n/10 2372
 []


Overfull \hbox (4.49997pt too wide) detected at line 5560
 []\T1/qtm/m/n/10 2372
 []

[90]
Overfull \hbox (4.49997pt too wide) detected at line 5561
 []\T1/qtm/m/n/10 2372
 []


Overfull \hbox (4.49997pt too wide) detected at line 5562
 []\T1/qtm/m/n/10 2372
 []


Overfull \hbox (4.49997pt too wide) detected at line 5563
 []\T1/qtm/m/n/10 2373
 []


Overfull \hbox (4.49997pt too wide) detected at line 5564
 []\T1/qtm/m/n/10 2378
 []


Overfull \hbox (4.49997pt too wide) detected at line 5565
 []\T1/qtm/m/n/10 2378
 []


Overfull \hbox (4.49997pt too wide) detected at line 5566
 []\T1/qtm/m/n/10 2378
 []


Overfull \hbox (4.49997pt too wide) detected at line 5567
 []\T1/qtm/m/n/10 2378
 []


Overfull \hbox (4.49997pt too wide) detected at line 5568
 []\T1/qtm/m/n/10 2379
 []


Overfull \hbox (4.49997pt too wide) detected at line 5569
 []\T1/qtm/m/n/10 2379
 []


Overfull \hbox (4.49997pt too wide) detected at line 5570
 []\T1/qtm/m/n/10 2379
 []


Overfull \hbox (4.49997pt too wide) detected at line 5571
 []\T1/qtm/m/n/10 2379
 []


Overfull \hbox (4.49997pt too wide) detected at line 5572
 []\T1/qtm/m/n/10 2379
 []


Overfull \hbox (4.49997pt too wide) detected at line 5573
 []\T1/qtm/m/n/10 2381
 []


Overfull \hbox (4.49997pt too wide) detected at line 5574
 []\T1/qtm/m/n/10 2381
 []


Overfull \hbox (4.49997pt too wide) detected at line 5575
 []\T1/qtm/m/n/10 2381
 []


Overfull \hbox (4.49997pt too wide) detected at line 5576
 []\T1/qtm/m/n/10 2381
 []


Overfull \hbox (4.49997pt too wide) detected at line 5577
 []\T1/qtm/m/n/10 2382
 []


Overfull \hbox (4.49997pt too wide) detected at line 5578
 []\T1/qtm/m/n/10 2382
 []


Overfull \hbox (4.49997pt too wide) detected at line 5579
 []\T1/qtm/m/n/10 2382
 []


Overfull \hbox (4.49997pt too wide) detected at line 5580
 []\T1/qtm/m/n/10 2382
 []


Overfull \hbox (4.49997pt too wide) detected at line 5581
 []\T1/qtm/m/n/10 2385
 []


Overfull \hbox (4.49997pt too wide) detected at line 5582
 []\T1/qtm/m/n/10 2385
 []


Overfull \hbox (4.49997pt too wide) detected at line 5583
 []\T1/qtm/m/n/10 2385
 []


Overfull \hbox (4.49997pt too wide) detected at line 5584
 []\T1/qtm/m/n/10 2386
 []


Overfull \hbox (4.49997pt too wide) detected at line 5585
 []\T1/qtm/m/n/10 2386
 []


Overfull \hbox (4.49997pt too wide) detected at line 5586
 []\T1/qtm/m/n/10 2386
 []


Overfull \hbox (4.49997pt too wide) detected at line 5587
 []\T1/qtm/m/n/10 2386
 []


Overfull \hbox (4.49997pt too wide) detected at line 5588
 []\T1/qtm/m/n/10 2386
 []


Overfull \hbox (4.49997pt too wide) detected at line 5589
 []\T1/qtm/m/n/10 2388
 []


Overfull \hbox (4.49997pt too wide) detected at line 5590
 []\T1/qtm/m/n/10 2388
 []


Overfull \hbox (4.49997pt too wide) detected at line 5591
 []\T1/qtm/m/n/10 2388
 []


Overfull \hbox (4.49997pt too wide) detected at line 5592
 []\T1/qtm/m/n/10 2389
 []


Overfull \hbox (4.49997pt too wide) detected at line 5593
 []\T1/qtm/m/n/10 2389
 []


Overfull \hbox (4.49997pt too wide) detected at line 5594
 []\T1/qtm/m/n/10 2389
 []


Overfull \hbox (4.49997pt too wide) detected at line 5595
 []\T1/qtm/m/n/10 2389
 []


Overfull \hbox (4.49997pt too wide) detected at line 5596
 []\T1/qtm/m/n/10 2391
 []


Overfull \hbox (4.49997pt too wide) detected at line 5597
 []\T1/qtm/m/n/10 2391
 []


Overfull \hbox (4.49997pt too wide) detected at line 5598
 []\T1/qtm/m/n/10 2391
 []


Overfull \hbox (4.49997pt too wide) detected at line 5599
 []\T1/qtm/m/n/10 2391
 []


Overfull \hbox (4.49997pt too wide) detected at line 5600
 []\T1/qtm/m/n/10 2391
 []


Overfull \hbox (4.49997pt too wide) detected at line 5601
 []\T1/qtm/m/n/10 2391
 []


Overfull \hbox (4.49997pt too wide) detected at line 5602
 []\T1/qtm/m/n/10 2392
 []


Overfull \hbox (4.49997pt too wide) detected at line 5603
 []\T1/qtm/m/n/10 2392
 []


Overfull \hbox (4.49997pt too wide) detected at line 5604
 []\T1/qtm/m/n/10 2392
 []


Overfull \hbox (4.49997pt too wide) detected at line 5605
 []\T1/qtm/m/n/10 2392
 []


Overfull \hbox (4.49997pt too wide) detected at line 5606
 []\T1/qtm/m/n/10 2392
 []


Overfull \hbox (4.49997pt too wide) detected at line 5607
 []\T1/qtm/m/n/10 2392
 []


Overfull \hbox (4.49997pt too wide) detected at line 5608
 []\T1/qtm/m/n/10 2392
 []


Overfull \hbox (4.49997pt too wide) detected at line 5609
 []\T1/qtm/m/n/10 2392
 []


Overfull \hbox (4.49997pt too wide) detected at line 5610
 []\T1/qtm/m/n/10 2393
 []


Overfull \hbox (4.49997pt too wide) detected at line 5611
 []\T1/qtm/m/n/10 2393
 []


Overfull \hbox (4.49997pt too wide) detected at line 5612
 []\T1/qtm/m/n/10 2393
 []


Overfull \hbox (4.49997pt too wide) detected at line 5613
 []\T1/qtm/m/n/10 2393
 []


Overfull \hbox (4.49997pt too wide) detected at line 5614
 []\T1/qtm/m/n/10 2393
 []

[91]
Overfull \hbox (4.49997pt too wide) detected at line 5615
 []\T1/qtm/m/n/10 2393
 []


Overfull \hbox (4.49997pt too wide) detected at line 5616
 []\T1/qtm/m/n/10 2393
 []


Overfull \hbox (4.49997pt too wide) detected at line 5617
 []\T1/qtm/m/n/10 2393
 []


Overfull \hbox (4.49997pt too wide) detected at line 5618
 []\T1/qtm/m/n/10 2393
 []


Overfull \hbox (4.49997pt too wide) detected at line 5619
 []\T1/qtm/m/n/10 2393
 []


Overfull \hbox (4.49997pt too wide) detected at line 5620
 []\T1/qtm/m/n/10 2395
 []


Overfull \hbox (4.49997pt too wide) detected at line 5621
 []\T1/qtm/m/n/10 2396
 []


Overfull \hbox (4.49997pt too wide) detected at line 5622
 []\T1/qtm/m/n/10 2399
 []


Overfull \hbox (4.49997pt too wide) detected at line 5623
 []\T1/qtm/m/n/10 2399
 []


Overfull \hbox (4.49997pt too wide) detected at line 5624
 []\T1/qtm/m/n/10 2399
 []


Overfull \hbox (4.49997pt too wide) detected at line 5625
 []\T1/qtm/m/n/10 2400
 []


Overfull \hbox (4.49997pt too wide) detected at line 5626
 []\T1/qtm/m/n/10 2400
 []


Overfull \hbox (4.49997pt too wide) detected at line 5627
 []\T1/qtm/m/n/10 2400
 []


Overfull \hbox (4.49997pt too wide) detected at line 5628
 []\T1/qtm/m/n/10 2400
 []


Overfull \hbox (4.49997pt too wide) detected at line 5629
 []\T1/qtm/m/n/10 2400
 []


Overfull \hbox (4.49997pt too wide) detected at line 5630
 []\T1/qtm/m/n/10 2400
 []


Overfull \hbox (4.49997pt too wide) detected at line 5631
 []\T1/qtm/m/n/10 2401
 []


Overfull \hbox (4.49997pt too wide) detected at line 5632
 []\T1/qtm/m/n/10 2402
 []


Overfull \hbox (4.49997pt too wide) detected at line 5633
 []\T1/qtm/m/n/10 2402
 []


Overfull \hbox (4.49997pt too wide) detected at line 5634
 []\T1/qtm/m/n/10 2403
 []


Overfull \hbox (4.49997pt too wide) detected at line 5635
 []\T1/qtm/m/n/10 2403
 []


Overfull \hbox (4.49997pt too wide) detected at line 5636
 []\T1/qtm/m/n/10 2403
 []


Overfull \hbox (4.49997pt too wide) detected at line 5637
 []\T1/qtm/m/n/10 2403
 []


Overfull \hbox (4.49997pt too wide) detected at line 5638
 []\T1/qtm/m/n/10 2403
 []


Overfull \hbox (4.49997pt too wide) detected at line 5639
 []\T1/qtm/m/n/10 2405
 []


Overfull \hbox (4.49997pt too wide) detected at line 5640
 []\T1/qtm/m/n/10 2405
 []


Overfull \hbox (4.49997pt too wide) detected at line 5641
 []\T1/qtm/m/n/10 2406
 []


Overfull \hbox (4.49997pt too wide) detected at line 5642
 []\T1/qtm/m/n/10 2406
 []


Overfull \hbox (4.49997pt too wide) detected at line 5643
 []\T1/qtm/m/n/10 2406
 []


Overfull \hbox (4.49997pt too wide) detected at line 5644
 []\T1/qtm/m/n/10 2406
 []


Overfull \hbox (4.49997pt too wide) detected at line 5645
 []\T1/qtm/m/n/10 2406
 []


Overfull \hbox (4.49997pt too wide) detected at line 5646
 []\T1/qtm/m/n/10 2406
 []


Overfull \hbox (4.49997pt too wide) detected at line 5647
 []\T1/qtm/m/n/10 2407
 []


Overfull \hbox (4.49997pt too wide) detected at line 5648
 []\T1/qtm/m/n/10 2407
 []


Overfull \hbox (4.49997pt too wide) detected at line 5649
 []\T1/qtm/m/n/10 2409
 []


Overfull \hbox (4.49997pt too wide) detected at line 5650
 []\T1/qtm/m/n/10 2410
 []


Overfull \hbox (4.49997pt too wide) detected at line 5651
 []\T1/qtm/m/n/10 2410
 []


Overfull \hbox (4.49997pt too wide) detected at line 5652
 []\T1/qtm/m/n/10 2410
 []


Overfull \hbox (4.49997pt too wide) detected at line 5653
 []\T1/qtm/m/n/10 2410
 []


Overfull \hbox (4.49997pt too wide) detected at line 5654
 []\T1/qtm/m/n/10 2410
 []


Overfull \hbox (4.49997pt too wide) detected at line 5655
 []\T1/qtm/m/n/10 2410
 []


Overfull \hbox (4.49997pt too wide) detected at line 5656
 []\T1/qtm/m/n/10 2411
 []


Overfull \hbox (4.49997pt too wide) detected at line 5657
 []\T1/qtm/m/n/10 2420
 []


Overfull \hbox (4.49997pt too wide) detected at line 5658
 []\T1/qtm/m/n/10 2420
 []


Overfull \hbox (4.49997pt too wide) detected at line 5659
 []\T1/qtm/m/n/10 2421
 []


Overfull \hbox (4.49997pt too wide) detected at line 5660
 []\T1/qtm/m/n/10 2421
 []


Overfull \hbox (4.49997pt too wide) detected at line 5661
 []\T1/qtm/m/n/10 2421
 []


Overfull \hbox (4.49997pt too wide) detected at line 5662
 []\T1/qtm/m/n/10 2422
 []


Overfull \hbox (4.49997pt too wide) detected at line 5663
 []\T1/qtm/m/n/10 2422
 []


Overfull \hbox (4.49997pt too wide) detected at line 5664
 []\T1/qtm/m/n/10 2422
 []


Overfull \hbox (4.49997pt too wide) detected at line 5665
 []\T1/qtm/m/n/10 2422
 []


Overfull \hbox (4.49997pt too wide) detected at line 5666
 []\T1/qtm/m/n/10 2422
 []


Overfull \hbox (4.49997pt too wide) detected at line 5667
 []\T1/qtm/m/n/10 2424
 []


Overfull \hbox (4.49997pt too wide) detected at line 5668
 []\T1/qtm/m/n/10 2424
 []

[92]
Overfull \hbox (4.49997pt too wide) detected at line 5669
 []\T1/qtm/m/n/10 2424
 []


Overfull \hbox (4.49997pt too wide) detected at line 5670
 []\T1/qtm/m/n/10 2424
 []


Overfull \hbox (4.49997pt too wide) detected at line 5671
 []\T1/qtm/m/n/10 2424
 []


Overfull \hbox (4.49997pt too wide) detected at line 5672
 []\T1/qtm/m/n/10 2424
 []


Overfull \hbox (4.49997pt too wide) detected at line 5673
 []\T1/qtm/m/n/10 2424
 []


Overfull \hbox (4.49997pt too wide) detected at line 5674
 []\T1/qtm/m/n/10 2425
 []


Overfull \hbox (4.49997pt too wide) detected at line 5675
 []\T1/qtm/m/n/10 2425
 []


Overfull \hbox (4.49997pt too wide) detected at line 5676
 []\T1/qtm/m/n/10 2425
 []


Overfull \hbox (4.49997pt too wide) detected at line 5677
 []\T1/qtm/m/n/10 2426
 []


Overfull \hbox (4.49997pt too wide) detected at line 5678
 []\T1/qtm/m/n/10 2426
 []


Overfull \hbox (4.49997pt too wide) detected at line 5679
 []\T1/qtm/m/n/10 2426
 []


Overfull \hbox (4.49997pt too wide) detected at line 5680
 []\T1/qtm/m/n/10 2426
 []


Overfull \hbox (4.49997pt too wide) detected at line 5681
 []\T1/qtm/m/n/10 2426
 []


Overfull \hbox (4.49997pt too wide) detected at line 5682
 []\T1/qtm/m/n/10 2426
 []


Overfull \hbox (4.49997pt too wide) detected at line 5683
 []\T1/qtm/m/n/10 2426
 []


Overfull \hbox (4.49997pt too wide) detected at line 5684
 []\T1/qtm/m/n/10 2427
 []


Overfull \hbox (4.49997pt too wide) detected at line 5685
 []\T1/qtm/m/n/10 2427
 []


Overfull \hbox (4.49997pt too wide) detected at line 5686
 []\T1/qtm/m/n/10 2427
 []


Overfull \hbox (4.49997pt too wide) detected at line 5687
 []\T1/qtm/m/n/10 2427
 []


Overfull \hbox (4.49997pt too wide) detected at line 5688
 []\T1/qtm/m/n/10 2428
 []


Overfull \hbox (4.49997pt too wide) detected at line 5689
 []\T1/qtm/m/n/10 2428
 []


Overfull \hbox (4.49997pt too wide) detected at line 5690
 []\T1/qtm/m/n/10 2428
 []


Overfull \hbox (4.49997pt too wide) detected at line 5691
 []\T1/qtm/m/n/10 2428
 []


Overfull \hbox (4.49997pt too wide) detected at line 5692
 []\T1/qtm/m/n/10 2428
 []


Overfull \hbox (4.49997pt too wide) detected at line 5693
 []\T1/qtm/m/n/10 2431
 []


Overfull \hbox (4.49997pt too wide) detected at line 5694
 []\T1/qtm/m/n/10 2432
 []


Overfull \hbox (4.49997pt too wide) detected at line 5695
 []\T1/qtm/m/n/10 2432
 []


Overfull \hbox (4.49997pt too wide) detected at line 5696
 []\T1/qtm/m/n/10 2432
 []


Overfull \hbox (4.49997pt too wide) detected at line 5697
 []\T1/qtm/m/n/10 2432
 []


Overfull \hbox (4.49997pt too wide) detected at line 5698
 []\T1/qtm/m/n/10 2432
 []


Overfull \hbox (4.49997pt too wide) detected at line 5699
 []\T1/qtm/m/n/10 2433
 []


Overfull \hbox (4.49997pt too wide) detected at line 5700
 []\T1/qtm/m/n/10 2433
 []


Overfull \hbox (4.49997pt too wide) detected at line 5701
 []\T1/qtm/m/n/10 2435
 []


Overfull \hbox (4.49997pt too wide) detected at line 5702
 []\T1/qtm/m/n/10 2435
 []


Overfull \hbox (4.49997pt too wide) detected at line 5705
 []\T1/qtm/m/n/10 2435
 []


Overfull \hbox (4.49997pt too wide) detected at line 5706
 []\T1/qtm/m/n/10 2435
 []


Overfull \hbox (4.49997pt too wide) detected at line 5707
 []\T1/qtm/m/n/10 2436
 []


Overfull \hbox (4.49997pt too wide) detected at line 5708
 []\T1/qtm/m/n/10 2436
 []


Overfull \hbox (4.49997pt too wide) detected at line 5709
 []\T1/qtm/m/n/10 2436
 []


Overfull \hbox (4.49997pt too wide) detected at line 5710
 []\T1/qtm/m/n/10 2436
 []


Overfull \hbox (4.49997pt too wide) detected at line 5711
 []\T1/qtm/m/n/10 2437
 []


Overfull \hbox (4.49997pt too wide) detected at line 5712
 []\T1/qtm/m/n/10 2442
 []


Overfull \hbox (4.49997pt too wide) detected at line 5713
 []\T1/qtm/m/n/10 2442
 []


Overfull \hbox (4.49997pt too wide) detected at line 5714
 []\T1/qtm/m/n/10 2442
 []


Overfull \hbox (4.49997pt too wide) detected at line 5715
 []\T1/qtm/m/n/10 2442
 []


Overfull \hbox (4.49997pt too wide) detected at line 5716
 []\T1/qtm/m/n/10 2443
 []


Overfull \hbox (4.49997pt too wide) detected at line 5717
 []\T1/qtm/m/n/10 2443
 []


Overfull \hbox (4.49997pt too wide) detected at line 5718
 []\T1/qtm/m/n/10 2443
 []


Overfull \hbox (4.49997pt too wide) detected at line 5719
 []\T1/qtm/m/n/10 2443
 []


Overfull \hbox (4.49997pt too wide) detected at line 5720
 []\T1/qtm/m/n/10 2445
 []


Overfull \hbox (4.49997pt too wide) detected at line 5721
 []\T1/qtm/m/n/10 2445
 []


Overfull \hbox (4.49997pt too wide) detected at line 5722
 []\T1/qtm/m/n/10 2445
 []


Overfull \hbox (4.49997pt too wide) detected at line 5723
 []\T1/qtm/m/n/10 2445
 []


Overfull \hbox (4.49997pt too wide) detected at line 5724
 []\T1/qtm/m/n/10 2446
 []

[93]
Overfull \hbox (4.49997pt too wide) detected at line 5725
 []\T1/qtm/m/n/10 2446
 []


Overfull \hbox (4.49997pt too wide) detected at line 5726
 []\T1/qtm/m/n/10 2446
 []


Overfull \hbox (4.49997pt too wide) detected at line 5727
 []\T1/qtm/m/n/10 2446
 []


Overfull \hbox (4.49997pt too wide) detected at line 5728
 []\T1/qtm/m/n/10 2448
 []


Overfull \hbox (4.49997pt too wide) detected at line 5729
 []\T1/qtm/m/n/10 2448
 []


Overfull \hbox (4.49997pt too wide) detected at line 5730
 []\T1/qtm/m/n/10 2448
 []


Overfull \hbox (4.49997pt too wide) detected at line 5731
 []\T1/qtm/m/n/10 2448
 []


Overfull \hbox (4.49997pt too wide) detected at line 5732
 []\T1/qtm/m/n/10 2448
 []


Overfull \hbox (4.49997pt too wide) detected at line 5733
 []\T1/qtm/m/n/10 2448
 []


Overfull \hbox (4.49997pt too wide) detected at line 5734
 []\T1/qtm/m/n/10 2448
 []


Overfull \hbox (4.49997pt too wide) detected at line 5735
 []\T1/qtm/m/n/10 2449
 []


Overfull \hbox (4.49997pt too wide) detected at line 5736
 []\T1/qtm/m/n/10 2449
 []


Overfull \hbox (4.49997pt too wide) detected at line 5737
 []\T1/qtm/m/n/10 2450
 []


Overfull \hbox (4.49997pt too wide) detected at line 5738
 []\T1/qtm/m/n/10 2450
 []


Overfull \hbox (4.49997pt too wide) detected at line 5739
 []\T1/qtm/m/n/10 2450
 []


Overfull \hbox (4.49997pt too wide) detected at line 5740
 []\T1/qtm/m/n/10 2450
 []


Overfull \hbox (4.49997pt too wide) detected at line 5741
 []\T1/qtm/m/n/10 2450
 []


Overfull \hbox (4.49997pt too wide) detected at line 5742
 []\T1/qtm/m/n/10 2450
 []


Overfull \hbox (4.49997pt too wide) detected at line 5743
 []\T1/qtm/m/n/10 2450
 []


Overfull \hbox (4.49997pt too wide) detected at line 5744
 []\T1/qtm/m/n/10 2452
 []


Overfull \hbox (4.49997pt too wide) detected at line 5745
 []\T1/qtm/m/n/10 2452
 []


Overfull \hbox (4.49997pt too wide) detected at line 5746
 []\T1/qtm/m/n/10 2452
 []


Overfull \hbox (4.49997pt too wide) detected at line 5747
 []\T1/qtm/m/n/10 2452
 []


Overfull \hbox (4.49997pt too wide) detected at line 5748
 []\T1/qtm/m/n/10 2452
 []


Overfull \hbox (4.49997pt too wide) detected at line 5749
 []\T1/qtm/m/n/10 2452
 []


Overfull \hbox (4.49997pt too wide) detected at line 5750
 []\T1/qtm/m/n/10 2452
 []


Overfull \hbox (4.49997pt too wide) detected at line 5751
 []\T1/qtm/m/n/10 2453
 []


Overfull \hbox (4.49997pt too wide) detected at line 5752
 []\T1/qtm/m/n/10 2453
 []


Overfull \hbox (4.49997pt too wide) detected at line 5753
 []\T1/qtm/m/n/10 2453
 []


Overfull \hbox (4.49997pt too wide) detected at line 5754
 []\T1/qtm/m/n/10 2453
 []


Overfull \hbox (4.49997pt too wide) detected at line 5755
 []\T1/qtm/m/n/10 2454
 []


Overfull \hbox (4.49997pt too wide) detected at line 5756
 []\T1/qtm/m/n/10 2454
 []


Overfull \hbox (4.49997pt too wide) detected at line 5757
 []\T1/qtm/m/n/10 2454
 []


Overfull \hbox (4.49997pt too wide) detected at line 5758
 []\T1/qtm/m/n/10 2454
 []


Overfull \hbox (4.49997pt too wide) detected at line 5759
 []\T1/qtm/m/n/10 2454
 []


Overfull \hbox (4.49997pt too wide) detected at line 5760
 []\T1/qtm/m/n/10 2455
 []


Overfull \hbox (4.49997pt too wide) detected at line 5761
 []\T1/qtm/m/n/10 2455
 []


Overfull \hbox (4.49997pt too wide) detected at line 5762
 []\T1/qtm/m/n/10 2455
 []


Overfull \hbox (4.49997pt too wide) detected at line 5763
 []\T1/qtm/m/n/10 2455
 []


Overfull \hbox (4.49997pt too wide) detected at line 5764
 []\T1/qtm/m/n/10 2455
 []


Overfull \hbox (4.49997pt too wide) detected at line 5765
 []\T1/qtm/m/n/10 2455
 []


Overfull \hbox (4.49997pt too wide) detected at line 5766
 []\T1/qtm/m/n/10 2455
 []


Overfull \hbox (4.49997pt too wide) detected at line 5767
 []\T1/qtm/m/n/10 2456
 []


Overfull \hbox (4.49997pt too wide) detected at line 5768
 []\T1/qtm/m/n/10 2456
 []


Overfull \hbox (4.49997pt too wide) detected at line 5769
 []\T1/qtm/m/n/10 2456
 []


Overfull \hbox (4.49997pt too wide) detected at line 5770
 []\T1/qtm/m/n/10 2457
 []


Overfull \hbox (4.49997pt too wide) detected at line 5771
 []\T1/qtm/m/n/10 2457
 []


Overfull \hbox (4.49997pt too wide) detected at line 5772
 []\T1/qtm/m/n/10 2457
 []


Overfull \hbox (4.49997pt too wide) detected at line 5773
 []\T1/qtm/m/n/10 2458
 []


Overfull \hbox (4.49997pt too wide) detected at line 5774
 []\T1/qtm/m/n/10 2459
 []


Overfull \hbox (4.49997pt too wide) detected at line 5775
 []\T1/qtm/m/n/10 2460
 []


Overfull \hbox (4.49997pt too wide) detected at line 5776
 []\T1/qtm/m/n/10 2460
 []


Overfull \hbox (4.49997pt too wide) detected at line 5777
 []\T1/qtm/m/n/10 2460
 []


Overfull \hbox (4.49997pt too wide) detected at line 5778
 []\T1/qtm/m/n/10 2461
 []

[94]
Overfull \hbox (4.49997pt too wide) detected at line 5779
 []\T1/qtm/m/n/10 2461
 []


Overfull \hbox (4.49997pt too wide) detected at line 5780
 []\T1/qtm/m/n/10 2461
 []


Overfull \hbox (4.49997pt too wide) detected at line 5781
 []\T1/qtm/m/n/10 2461
 []


Overfull \hbox (4.49997pt too wide) detected at line 5782
 []\T1/qtm/m/n/10 2461
 []


Overfull \hbox (4.49997pt too wide) detected at line 5783
 []\T1/qtm/m/n/10 2462
 []


Overfull \hbox (4.49997pt too wide) detected at line 5784
 []\T1/qtm/m/n/10 2462
 []


Overfull \hbox (4.49997pt too wide) detected at line 5785
 []\T1/qtm/m/n/10 2463
 []


Overfull \hbox (4.49997pt too wide) detected at line 5786
 []\T1/qtm/m/n/10 2463
 []


Overfull \hbox (4.49997pt too wide) detected at line 5787
 []\T1/qtm/m/n/10 2463
 []


Overfull \hbox (4.49997pt too wide) detected at line 5788
 []\T1/qtm/m/n/10 2463
 []


Overfull \hbox (4.49997pt too wide) detected at line 5789
 []\T1/qtm/m/n/10 2463
 []


Overfull \hbox (4.49997pt too wide) detected at line 5790
 []\T1/qtm/m/n/10 2463
 []


Overfull \hbox (4.49997pt too wide) detected at line 5791
 []\T1/qtm/m/n/10 2465
 []


Overfull \hbox (4.49997pt too wide) detected at line 5792
 []\T1/qtm/m/n/10 2465
 []


Overfull \hbox (4.49997pt too wide) detected at line 5793
 []\T1/qtm/m/n/10 2465
 []


Overfull \hbox (4.49997pt too wide) detected at line 5794
 []\T1/qtm/m/n/10 2465
 []


Overfull \hbox (4.49997pt too wide) detected at line 5795
 []\T1/qtm/m/n/10 2465
 []


Overfull \hbox (4.49997pt too wide) detected at line 5796
 []\T1/qtm/m/n/10 2466
 []


Overfull \hbox (4.49997pt too wide) detected at line 5797
 []\T1/qtm/m/n/10 2466
 []


Overfull \hbox (4.49997pt too wide) detected at line 5798
 []\T1/qtm/m/n/10 2466
 []


Overfull \hbox (4.49997pt too wide) detected at line 5799
 []\T1/qtm/m/n/10 2466
 []


Overfull \hbox (4.49997pt too wide) detected at line 5800
 []\T1/qtm/m/n/10 2467
 []


Overfull \hbox (4.49997pt too wide) detected at line 5801
 []\T1/qtm/m/n/10 2467
 []


Overfull \hbox (4.49997pt too wide) detected at line 5802
 []\T1/qtm/m/n/10 2468
 []


Overfull \hbox (4.49997pt too wide) detected at line 5803
 []\T1/qtm/m/n/10 2468
 []


Overfull \hbox (4.49997pt too wide) detected at line 5804
 []\T1/qtm/m/n/10 2468
 []


Overfull \hbox (4.49997pt too wide) detected at line 5805
 []\T1/qtm/m/n/10 2468
 []


Overfull \hbox (4.49997pt too wide) detected at line 5806
 []\T1/qtm/m/n/10 2468
 []


Overfull \hbox (4.49997pt too wide) detected at line 5807
 []\T1/qtm/m/n/10 2469
 []


Overfull \hbox (4.49997pt too wide) detected at line 5808
 []\T1/qtm/m/n/10 2469
 []


Overfull \hbox (4.49997pt too wide) detected at line 5809
 []\T1/qtm/m/n/10 2469
 []


Overfull \hbox (4.49997pt too wide) detected at line 5810
 []\T1/qtm/m/n/10 2469
 []


Overfull \hbox (4.49997pt too wide) detected at line 5811
 []\T1/qtm/m/n/10 2469
 []


Overfull \hbox (4.49997pt too wide) detected at line 5812
 []\T1/qtm/m/n/10 2469
 []


Overfull \hbox (4.49997pt too wide) detected at line 5813
 []\T1/qtm/m/n/10 2470
 []


Overfull \hbox (4.49997pt too wide) detected at line 5814
 []\T1/qtm/m/n/10 2470
 []


Overfull \hbox (4.49997pt too wide) detected at line 5815
 []\T1/qtm/m/n/10 2471
 []


Overfull \hbox (4.49997pt too wide) detected at line 5816
 []\T1/qtm/m/n/10 2471
 []


Overfull \hbox (4.49997pt too wide) detected at line 5817
 []\T1/qtm/m/n/10 2471
 []


Overfull \hbox (4.49997pt too wide) detected at line 5818
 []\T1/qtm/m/n/10 2471
 []


Overfull \hbox (4.49997pt too wide) detected at line 5819
 []\T1/qtm/m/n/10 2471
 []


Overfull \hbox (4.49997pt too wide) detected at line 5820
 []\T1/qtm/m/n/10 2471
 []


Overfull \hbox (4.49997pt too wide) detected at line 5821
 []\T1/qtm/m/n/10 2472
 []


Overfull \hbox (4.49997pt too wide) detected at line 5822
 []\T1/qtm/m/n/10 2472
 []


Overfull \hbox (4.49997pt too wide) detected at line 5823
 []\T1/qtm/m/n/10 2472
 []


Overfull \hbox (4.49997pt too wide) detected at line 5824
 []\T1/qtm/m/n/10 2472
 []


Overfull \hbox (4.49997pt too wide) detected at line 5825
 []\T1/qtm/m/n/10 2472
 []


Overfull \hbox (4.49997pt too wide) detected at line 5826
 []\T1/qtm/m/n/10 2473
 []


Overfull \hbox (4.49997pt too wide) detected at line 5827
 []\T1/qtm/m/n/10 2473
 []


Overfull \hbox (4.49997pt too wide) detected at line 5828
 []\T1/qtm/m/n/10 2474
 []


Overfull \hbox (4.49997pt too wide) detected at line 5829
 []\T1/qtm/m/n/10 2475
 []


Overfull \hbox (4.49997pt too wide) detected at line 5830
 []\T1/qtm/m/n/10 2475
 []


Overfull \hbox (4.49997pt too wide) detected at line 5831
 []\T1/qtm/m/n/10 2476
 []


Overfull \hbox (4.49997pt too wide) detected at line 5832
 []\T1/qtm/m/n/10 2476
 []

[95]
Overfull \hbox (4.49997pt too wide) detected at line 5833
 []\T1/qtm/m/n/10 2476
 []


Overfull \hbox (4.49997pt too wide) detected at line 5834
 []\T1/qtm/m/n/10 2476
 []


Overfull \hbox (4.49997pt too wide) detected at line 5835
 []\T1/qtm/m/n/10 2476
 []


Overfull \hbox (4.49997pt too wide) detected at line 5836
 []\T1/qtm/m/n/10 2476
 []


Overfull \hbox (4.49997pt too wide) detected at line 5837
 []\T1/qtm/m/n/10 2478
 []


Overfull \hbox (4.49997pt too wide) detected at line 5838
 []\T1/qtm/m/n/10 2478
 []


Overfull \hbox (4.49997pt too wide) detected at line 5839
 []\T1/qtm/m/n/10 2479
 []


Overfull \hbox (4.49997pt too wide) detected at line 5840
 []\T1/qtm/m/n/10 2479
 []


Overfull \hbox (4.49997pt too wide) detected at line 5841
 []\T1/qtm/m/n/10 2479
 []


Overfull \hbox (4.49997pt too wide) detected at line 5842
 []\T1/qtm/m/n/10 2479
 []


Overfull \hbox (4.49997pt too wide) detected at line 5843
 []\T1/qtm/m/n/10 2479
 []


Overfull \hbox (4.49997pt too wide) detected at line 5844
 []\T1/qtm/m/n/10 2479
 []


Overfull \hbox (4.49997pt too wide) detected at line 5845
 []\T1/qtm/m/n/10 2480
 []


Overfull \hbox (4.49997pt too wide) detected at line 5846
 []\T1/qtm/m/n/10 2480
 []


Overfull \hbox (4.49997pt too wide) detected at line 5847
 []\T1/qtm/m/n/10 2481
 []


Overfull \hbox (4.49997pt too wide) detected at line 5848
 []\T1/qtm/m/n/10 2482
 []


Overfull \hbox (4.49997pt too wide) detected at line 5849
 []\T1/qtm/m/n/10 2482
 []


Overfull \hbox (4.49997pt too wide) detected at line 5850
 []\T1/qtm/m/n/10 2482
 []


Overfull \hbox (4.49997pt too wide) detected at line 5851
 []\T1/qtm/m/n/10 2482
 []


Overfull \hbox (4.49997pt too wide) detected at line 5852
 []\T1/qtm/m/n/10 2483
 []


Overfull \hbox (4.49997pt too wide) detected at line 5853
 []\T1/qtm/m/n/10 2483
 []


Overfull \hbox (4.49997pt too wide) detected at line 5854
 []\T1/qtm/m/n/10 2483
 []


Overfull \hbox (4.49997pt too wide) detected at line 5855
 []\T1/qtm/m/n/10 2483
 []


Overfull \hbox (4.49997pt too wide) detected at line 5856
 []\T1/qtm/m/n/10 2483
 []


Overfull \hbox (4.49997pt too wide) detected at line 5857
 []\T1/qtm/m/n/10 2484
 []


Overfull \hbox (4.49997pt too wide) detected at line 5858
 []\T1/qtm/m/n/10 2484
 []


Overfull \hbox (4.49997pt too wide) detected at line 5859
 []\T1/qtm/m/n/10 2484
 []


Overfull \hbox (4.49997pt too wide) detected at line 5860
 []\T1/qtm/m/n/10 2484
 []


Overfull \hbox (4.49997pt too wide) detected at line 5861
 []\T1/qtm/m/n/10 2485
 []


Overfull \hbox (4.49997pt too wide) detected at line 5862
 []\T1/qtm/m/n/10 2485
 []


Overfull \hbox (4.49997pt too wide) detected at line 5863
 []\T1/qtm/m/n/10 2485
 []


Overfull \hbox (4.49997pt too wide) detected at line 5864
 []\T1/qtm/m/n/10 2485
 []


Overfull \hbox (4.49997pt too wide) detected at line 5865
 []\T1/qtm/m/n/10 2486
 []


Overfull \hbox (4.49997pt too wide) detected at line 5866
 []\T1/qtm/m/n/10 2487
 []


Overfull \hbox (4.49997pt too wide) detected at line 5867
 []\T1/qtm/m/n/10 2487
 []


Overfull \hbox (4.49997pt too wide) detected at line 5868
 []\T1/qtm/m/n/10 2487
 []


Overfull \hbox (4.49997pt too wide) detected at line 5869
 []\T1/qtm/m/n/10 2487
 []


Overfull \hbox (4.49997pt too wide) detected at line 5870
 []\T1/qtm/m/n/10 2488
 []


Overfull \hbox (4.49997pt too wide) detected at line 5871
 []\T1/qtm/m/n/10 2488
 []


Overfull \hbox (4.49997pt too wide) detected at line 5872
 []\T1/qtm/m/n/10 2488
 []


Overfull \hbox (4.49997pt too wide) detected at line 5873
 []\T1/qtm/m/n/10 2488
 []


Overfull \hbox (4.49997pt too wide) detected at line 5874
 []\T1/qtm/m/n/10 2489
 []


Overfull \hbox (4.49997pt too wide) detected at line 5875
 []\T1/qtm/m/n/10 2491
 []


Overfull \hbox (4.49997pt too wide) detected at line 5876
 []\T1/qtm/m/n/10 2491
 []


Overfull \hbox (4.49997pt too wide) detected at line 5877
 []\T1/qtm/m/n/10 2491
 []


Overfull \hbox (4.49997pt too wide) detected at line 5878
 []\T1/qtm/m/n/10 2491
 []


Overfull \hbox (4.49997pt too wide) detected at line 5879
 []\T1/qtm/m/n/10 2491
 []


Overfull \hbox (4.49997pt too wide) detected at line 5880
 []\T1/qtm/m/n/10 2492
 []


Overfull \hbox (4.49997pt too wide) detected at line 5881
 []\T1/qtm/m/n/10 2492
 []


Overfull \hbox (4.49997pt too wide) detected at line 5882
 []\T1/qtm/m/n/10 2492
 []


Overfull \hbox (4.49997pt too wide) detected at line 5883
 []\T1/qtm/m/n/10 2495
 []


Overfull \hbox (4.49997pt too wide) detected at line 5884
 []\T1/qtm/m/n/10 2495
 []


Overfull \hbox (4.49997pt too wide) detected at line 5885
 []\T1/qtm/m/n/10 2495
 []


Overfull \hbox (4.49997pt too wide) detected at line 5886
 []\T1/qtm/m/n/10 2495
 []

[96]
Overfull \hbox (4.49997pt too wide) detected at line 5887
 []\T1/qtm/m/n/10 2496
 []


Overfull \hbox (4.49997pt too wide) detected at line 5888
 []\T1/qtm/m/n/10 2496
 []


Overfull \hbox (4.49997pt too wide) detected at line 5889
 []\T1/qtm/m/n/10 2496
 []


Overfull \hbox (4.49997pt too wide) detected at line 5890
 []\T1/qtm/m/n/10 2496
 []


Overfull \hbox (4.49997pt too wide) detected at line 5891
 []\T1/qtm/m/n/10 2497
 []


Overfull \hbox (4.49997pt too wide) detected at line 5892
 []\T1/qtm/m/n/10 2497
 []


Overfull \hbox (4.49997pt too wide) detected at line 5893
 []\T1/qtm/m/n/10 2497
 []


Overfull \hbox (4.49997pt too wide) detected at line 5894
 []\T1/qtm/m/n/10 2498
 []


Overfull \hbox (4.49997pt too wide) detected at line 5895
 []\T1/qtm/m/n/10 2498
 []


Overfull \hbox (4.49997pt too wide) detected at line 5896
 []\T1/qtm/m/n/10 2498
 []


Overfull \hbox (4.49997pt too wide) detected at line 5897
 []\T1/qtm/m/n/10 2498
 []


Overfull \hbox (4.49997pt too wide) detected at line 5898
 []\T1/qtm/m/n/10 2498
 []


Overfull \hbox (4.49997pt too wide) detected at line 5899
 []\T1/qtm/m/n/10 2499
 []


Overfull \hbox (4.49997pt too wide) detected at line 5900
 []\T1/qtm/m/n/10 2499
 []


Overfull \hbox (4.49997pt too wide) detected at line 5901
 []\T1/qtm/m/n/10 2499
 []


Overfull \hbox (4.49997pt too wide) detected at line 5902
 []\T1/qtm/m/n/10 2499
 []


Overfull \hbox (4.49997pt too wide) detected at line 5903
 []\T1/qtm/m/n/10 2499
 []


Overfull \hbox (4.49997pt too wide) detected at line 5904
 []\T1/qtm/m/n/10 2499
 []


Overfull \hbox (4.49997pt too wide) detected at line 5905
 []\T1/qtm/m/n/10 2499
 []


Overfull \hbox (4.49997pt too wide) detected at line 5906
 []\T1/qtm/m/n/10 2500
 []


Overfull \hbox (4.49997pt too wide) detected at line 5907
 []\T1/qtm/m/n/10 2500
 []


Overfull \hbox (4.49997pt too wide) detected at line 5908
 []\T1/qtm/m/n/10 2501
 []


Overfull \hbox (4.49997pt too wide) detected at line 5909
 []\T1/qtm/m/n/10 2501
 []


Overfull \hbox (4.49997pt too wide) detected at line 5910
 []\T1/qtm/m/n/10 2501
 []


Overfull \hbox (4.49997pt too wide) detected at line 5911
 []\T1/qtm/m/n/10 2502
 []


Overfull \hbox (4.49997pt too wide) detected at line 5912
 []\T1/qtm/m/n/10 2502
 []


Overfull \hbox (4.49997pt too wide) detected at line 5913
 []\T1/qtm/m/n/10 2502
 []


Overfull \hbox (4.49997pt too wide) detected at line 5914
 []\T1/qtm/m/n/10 2502
 []


Overfull \hbox (4.49997pt too wide) detected at line 5915
 []\T1/qtm/m/n/10 2502
 []


Overfull \hbox (4.49997pt too wide) detected at line 5916
 []\T1/qtm/m/n/10 2505
 []


Overfull \hbox (4.49997pt too wide) detected at line 5917
 []\T1/qtm/m/n/10 2505
 []


Overfull \hbox (4.49997pt too wide) detected at line 5918
 []\T1/qtm/m/n/10 2505
 []


Overfull \hbox (4.49997pt too wide) detected at line 5919
 []\T1/qtm/m/n/10 2505
 []


Overfull \hbox (4.49997pt too wide) detected at line 5920
 []\T1/qtm/m/n/10 2505
 []


Overfull \hbox (4.49997pt too wide) detected at line 5921
 []\T1/qtm/m/n/10 2505
 []


Overfull \hbox (4.49997pt too wide) detected at line 5922
 []\T1/qtm/m/n/10 2506
 []


Overfull \hbox (4.49997pt too wide) detected at line 5923
 []\T1/qtm/m/n/10 2506
 []


Overfull \hbox (4.49997pt too wide) detected at line 5924
 []\T1/qtm/m/n/10 2506
 []


Overfull \hbox (4.49997pt too wide) detected at line 5925
 []\T1/qtm/m/n/10 2508
 []


Overfull \hbox (4.49997pt too wide) detected at line 5926
 []\T1/qtm/m/n/10 2508
 []


Overfull \hbox (4.49997pt too wide) detected at line 5927
 []\T1/qtm/m/n/10 2508
 []


Overfull \hbox (4.49997pt too wide) detected at line 5928
 []\T1/qtm/m/n/10 2509
 []


Overfull \hbox (4.49997pt too wide) detected at line 5929
 []\T1/qtm/m/n/10 2509
 []


Overfull \hbox (4.49997pt too wide) detected at line 5930
 []\T1/qtm/m/n/10 2509
 []


Overfull \hbox (4.49997pt too wide) detected at line 5931
 []\T1/qtm/m/n/10 2509
 []


Overfull \hbox (4.49997pt too wide) detected at line 5932
 []\T1/qtm/m/n/10 2509
 []


Overfull \hbox (4.49997pt too wide) detected at line 5933
 []\T1/qtm/m/n/10 2509
 []


Overfull \hbox (4.49997pt too wide) detected at line 5934
 []\T1/qtm/m/n/10 2511
 []


Overfull \hbox (4.49997pt too wide) detected at line 5935
 []\T1/qtm/m/n/10 2511
 []


Overfull \hbox (4.49997pt too wide) detected at line 5936
 []\T1/qtm/m/n/10 2512
 []


Overfull \hbox (4.49997pt too wide) detected at line 5937
 []\T1/qtm/m/n/10 2512
 []


Overfull \hbox (4.49997pt too wide) detected at line 5938
 []\T1/qtm/m/n/10 2512
 []


Overfull \hbox (4.49997pt too wide) detected at line 5939
 []\T1/qtm/m/n/10 2512
 []


Overfull \hbox (4.49997pt too wide) detected at line 5940
 []\T1/qtm/m/n/10 2512
 []

[97]
Overfull \hbox (4.49997pt too wide) detected at line 5941
 []\T1/qtm/m/n/10 2512
 []


Overfull \hbox (4.49997pt too wide) detected at line 5942
 []\T1/qtm/m/n/10 2512
 []


Overfull \hbox (4.49997pt too wide) detected at line 5943
 []\T1/qtm/m/n/10 2513
 []


Overfull \hbox (4.49997pt too wide) detected at line 5944
 []\T1/qtm/m/n/10 2514
 []


Overfull \hbox (4.49997pt too wide) detected at line 5945
 []\T1/qtm/m/n/10 2514
 []


Overfull \hbox (4.49997pt too wide) detected at line 5946
 []\T1/qtm/m/n/10 2514
 []


Overfull \hbox (4.49997pt too wide) detected at line 5947
 []\T1/qtm/m/n/10 2514
 []


Overfull \hbox (4.49997pt too wide) detected at line 5948
 []\T1/qtm/m/n/10 2515
 []


Overfull \hbox (4.49997pt too wide) detected at line 5949
 []\T1/qtm/m/n/10 2515
 []


Overfull \hbox (4.49997pt too wide) detected at line 5950
 []\T1/qtm/m/n/10 2515
 []


Overfull \hbox (4.49997pt too wide) detected at line 5951
 []\T1/qtm/m/n/10 2515
 []


Overfull \hbox (4.49997pt too wide) detected at line 5952
 []\T1/qtm/m/n/10 2515
 []


Overfull \hbox (4.49997pt too wide) detected at line 5953
 []\T1/qtm/m/n/10 2520
 []


Overfull \hbox (4.49997pt too wide) detected at line 5954
 []\T1/qtm/m/n/10 2521
 []


Overfull \hbox (4.49997pt too wide) detected at line 5955
 []\T1/qtm/m/n/10 2521
 []


Overfull \hbox (4.49997pt too wide) detected at line 5956
 []\T1/qtm/m/n/10 2521
 []


Overfull \hbox (4.49997pt too wide) detected at line 5957
 []\T1/qtm/m/n/10 2521
 []


Overfull \hbox (4.49997pt too wide) detected at line 5958
 []\T1/qtm/m/n/10 2521
 []


Overfull \hbox (4.49997pt too wide) detected at line 5959
 []\T1/qtm/m/n/10 2521
 []


Overfull \hbox (4.49997pt too wide) detected at line 5960
 []\T1/qtm/m/n/10 2522
 []


Overfull \hbox (4.49997pt too wide) detected at line 5961
 []\T1/qtm/m/n/10 2523
 []


Overfull \hbox (4.49997pt too wide) detected at line 5962
 []\T1/qtm/m/n/10 2523
 []


Overfull \hbox (4.49997pt too wide) detected at line 5963
 []\T1/qtm/m/n/10 2523
 []


Overfull \hbox (4.49997pt too wide) detected at line 5964
 []\T1/qtm/m/n/10 2524
 []


Overfull \hbox (4.49997pt too wide) detected at line 5965
 []\T1/qtm/m/n/10 2524
 []


Overfull \hbox (4.49997pt too wide) detected at line 5966
 []\T1/qtm/m/n/10 2524
 []


Overfull \hbox (4.49997pt too wide) detected at line 5967
 []\T1/qtm/m/n/10 2524
 []


Overfull \hbox (4.49997pt too wide) detected at line 5968
 []\T1/qtm/m/n/10 2524
 []


Overfull \hbox (4.49997pt too wide) detected at line 5969
 []\T1/qtm/m/n/10 2525
 []


Overfull \hbox (4.49997pt too wide) detected at line 5970
 []\T1/qtm/m/n/10 2525
 []


Overfull \hbox (4.49997pt too wide) detected at line 5971
 []\T1/qtm/m/n/10 2526
 []


Overfull \hbox (4.49997pt too wide) detected at line 5972
 []\T1/qtm/m/n/10 2526
 []


Overfull \hbox (4.49997pt too wide) detected at line 5973
 []\T1/qtm/m/n/10 2526
 []


Overfull \hbox (4.49997pt too wide) detected at line 5974
 []\T1/qtm/m/n/10 2526
 []


Overfull \hbox (4.49997pt too wide) detected at line 5975
 []\T1/qtm/m/n/10 2526
 []


Overfull \hbox (4.49997pt too wide) detected at line 5976
 []\T1/qtm/m/n/10 2526
 []


Overfull \hbox (4.49997pt too wide) detected at line 5977
 []\T1/qtm/m/n/10 2526
 []


Overfull \hbox (4.49997pt too wide) detected at line 5978
 []\T1/qtm/m/n/10 2529
 []


Overfull \hbox (4.49997pt too wide) detected at line 5979
 []\T1/qtm/m/n/10 2529
 []


Overfull \hbox (4.49997pt too wide) detected at line 5980
 []\T1/qtm/m/n/10 2529
 []


Overfull \hbox (4.49997pt too wide) detected at line 5981
 []\T1/qtm/m/n/10 2529
 []


Overfull \hbox (4.49997pt too wide) detected at line 5982
 []\T1/qtm/m/n/10 2529
 []


Overfull \hbox (4.49997pt too wide) detected at line 5983
 []\T1/qtm/m/n/10 2529
 []


Overfull \hbox (4.49997pt too wide) detected at line 5984
 []\T1/qtm/m/n/10 2530
 []


Overfull \hbox (4.49997pt too wide) detected at line 5985
 []\T1/qtm/m/n/10 2530
 []


Overfull \hbox (4.49997pt too wide) detected at line 5986
 []\T1/qtm/m/n/10 2530
 []


Overfull \hbox (4.49997pt too wide) detected at line 5987
 []\T1/qtm/m/n/10 2530
 []


Overfull \hbox (4.49997pt too wide) detected at line 5988
 []\T1/qtm/m/n/10 2531
 []


Overfull \hbox (4.49997pt too wide) detected at line 5989
 []\T1/qtm/m/n/10 2533
 []


Overfull \hbox (4.49997pt too wide) detected at line 5990
 []\T1/qtm/m/n/10 2535
 []


Overfull \hbox (4.49997pt too wide) detected at line 5991
 []\T1/qtm/m/n/10 2535
 []


Overfull \hbox (4.49997pt too wide) detected at line 5992
 []\T1/qtm/m/n/10 2535
 []


Overfull \hbox (4.49997pt too wide) detected at line 5993
 []\T1/qtm/m/n/10 2535
 []


Overfull \hbox (4.49997pt too wide) detected at line 5994
 []\T1/qtm/m/n/10 2536
 []

[98]
Overfull \hbox (4.49997pt too wide) detected at line 5995
 []\T1/qtm/m/n/10 2536
 []


Overfull \hbox (4.49997pt too wide) detected at line 5996
 []\T1/qtm/m/n/10 2536
 []


Overfull \hbox (4.49997pt too wide) detected at line 5997
 []\T1/qtm/m/n/10 2536
 []


Overfull \hbox (4.49997pt too wide) detected at line 5998
 []\T1/qtm/m/n/10 2537
 []


Overfull \hbox (4.49997pt too wide) detected at line 5999
 []\T1/qtm/m/n/10 2538
 []


Overfull \hbox (4.49997pt too wide) detected at line 6000
 []\T1/qtm/m/n/10 2538
 []


Overfull \hbox (4.49997pt too wide) detected at line 6001
 []\T1/qtm/m/n/10 2538
 []


Overfull \hbox (4.49997pt too wide) detected at line 6002
 []\T1/qtm/m/n/10 2538
 []


Overfull \hbox (4.49997pt too wide) detected at line 6003
 []\T1/qtm/m/n/10 2539
 []


Overfull \hbox (4.49997pt too wide) detected at line 6004
 []\T1/qtm/m/n/10 2539
 []


Overfull \hbox (4.49997pt too wide) detected at line 6005
 []\T1/qtm/m/n/10 2539
 []


Overfull \hbox (4.49997pt too wide) detected at line 6006
 []\T1/qtm/m/n/10 2539
 []


Overfull \hbox (4.49997pt too wide) detected at line 6007
 []\T1/qtm/m/n/10 2540
 []


Overfull \hbox (4.49997pt too wide) detected at line 6008
 []\T1/qtm/m/n/10 2540
 []


Overfull \hbox (4.49997pt too wide) detected at line 6009
 []\T1/qtm/m/n/10 2540
 []


Overfull \hbox (4.49997pt too wide) detected at line 6010
 []\T1/qtm/m/n/10 2540
 []


Overfull \hbox (4.49997pt too wide) detected at line 6011
 []\T1/qtm/m/n/10 2540
 []


Overfull \hbox (4.49997pt too wide) detected at line 6012
 []\T1/qtm/m/n/10 2541
 []


Overfull \hbox (4.49997pt too wide) detected at line 6013
 []\T1/qtm/m/n/10 2541
 []


Overfull \hbox (4.49997pt too wide) detected at line 6014
 []\T1/qtm/m/n/10 2544
 []


Overfull \hbox (4.49997pt too wide) detected at line 6015
 []\T1/qtm/m/n/10 2544
 []


Overfull \hbox (4.49997pt too wide) detected at line 6016
 []\T1/qtm/m/n/10 2544
 []


Overfull \hbox (4.49997pt too wide) detected at line 6017
 []\T1/qtm/m/n/10 2544
 []


Overfull \hbox (4.49997pt too wide) detected at line 6018
 []\T1/qtm/m/n/10 2545
 []


Overfull \hbox (4.49997pt too wide) detected at line 6019
 []\T1/qtm/m/n/10 2545
 []


Overfull \hbox (4.49997pt too wide) detected at line 6020
 []\T1/qtm/m/n/10 2545
 []


Overfull \hbox (4.49997pt too wide) detected at line 6021
 []\T1/qtm/m/n/10 2545
 []


Overfull \hbox (4.49997pt too wide) detected at line 6022
 []\T1/qtm/m/n/10 2546
 []


Overfull \hbox (4.49997pt too wide) detected at line 6023
 []\T1/qtm/m/n/10 2546
 []


Overfull \hbox (4.49997pt too wide) detected at line 6024
 []\T1/qtm/m/n/10 2546
 []


Overfull \hbox (4.49997pt too wide) detected at line 6025
 []\T1/qtm/m/n/10 2546
 []


Overfull \hbox (4.49997pt too wide) detected at line 6026
 []\T1/qtm/m/n/10 2546
 []


Overfull \hbox (4.49997pt too wide) detected at line 6027
 []\T1/qtm/m/n/10 2546
 []


Overfull \hbox (4.49997pt too wide) detected at line 6028
 []\T1/qtm/m/n/10 2547
 []


Overfull \hbox (4.49997pt too wide) detected at line 6029
 []\T1/qtm/m/n/10 2547
 []


Overfull \hbox (4.49997pt too wide) detected at line 6030
 []\T1/qtm/m/n/10 2548
 []


Overfull \hbox (4.49997pt too wide) detected at line 6031
 []\T1/qtm/m/n/10 2548
 []


Overfull \hbox (4.49997pt too wide) detected at line 6032
 []\T1/qtm/m/n/10 2548
 []


Overfull \hbox (4.49997pt too wide) detected at line 6033
 []\T1/qtm/m/n/10 2548
 []


Overfull \hbox (4.49997pt too wide) detected at line 6034
 []\T1/qtm/m/n/10 2548
 []


Overfull \hbox (4.49997pt too wide) detected at line 6035
 []\T1/qtm/m/n/10 2548
 []


Overfull \hbox (4.49997pt too wide) detected at line 6036
 []\T1/qtm/m/n/10 2548
 []


Overfull \hbox (4.49997pt too wide) detected at line 6037
 []\T1/qtm/m/n/10 2549
 []


Overfull \hbox (4.49997pt too wide) detected at line 6038
 []\T1/qtm/m/n/10 2550
 []


Overfull \hbox (4.49997pt too wide) detected at line 6039
 []\T1/qtm/m/n/10 2551
 []


Overfull \hbox (4.49997pt too wide) detected at line 6040
 []\T1/qtm/m/n/10 2551
 []


Overfull \hbox (4.49997pt too wide) detected at line 6041
 []\T1/qtm/m/n/10 2551
 []


Overfull \hbox (4.49997pt too wide) detected at line 6042
 []\T1/qtm/m/n/10 2551
 []


Overfull \hbox (4.49997pt too wide) detected at line 6043
 []\T1/qtm/m/n/10 2551
 []


Overfull \hbox (4.49997pt too wide) detected at line 6044
 []\T1/qtm/m/n/10 2551
 []


Overfull \hbox (4.49997pt too wide) detected at line 6045
 []\T1/qtm/m/n/10 2552
 []


Overfull \hbox (4.49997pt too wide) detected at line 6046
 []\T1/qtm/m/n/10 2554
 []


Overfull \hbox (4.49997pt too wide) detected at line 6047
 []\T1/qtm/m/n/10 2554
 []


Overfull \hbox (4.49997pt too wide) detected at line 6048
 []\T1/qtm/m/n/10 2554
 []

[99]
Overfull \hbox (4.49997pt too wide) detected at line 6049
 []\T1/qtm/m/n/10 2554
 []


Overfull \hbox (4.49997pt too wide) detected at line 6050
 []\T1/qtm/m/n/10 2555
 []


Overfull \hbox (4.49997pt too wide) detected at line 6051
 []\T1/qtm/m/n/10 2555
 []


Overfull \hbox (4.49997pt too wide) detected at line 6052
 []\T1/qtm/m/n/10 2555
 []


Overfull \hbox (4.49997pt too wide) detected at line 6053
 []\T1/qtm/m/n/10 2555
 []


Overfull \hbox (4.49997pt too wide) detected at line 6054
 []\T1/qtm/m/n/10 2555
 []


Overfull \hbox (4.49997pt too wide) detected at line 6055
 []\T1/qtm/m/n/10 2556
 []


Overfull \hbox (4.49997pt too wide) detected at line 6056
 []\T1/qtm/m/n/10 2556
 []


Overfull \hbox (4.49997pt too wide) detected at line 6057
 []\T1/qtm/m/n/10 2556
 []


Overfull \hbox (4.49997pt too wide) detected at line 6058
 []\T1/qtm/m/n/10 2556
 []


Overfull \hbox (4.49997pt too wide) detected at line 6059
 []\T1/qtm/m/n/10 2557
 []


Overfull \hbox (4.49997pt too wide) detected at line 6060
 []\T1/qtm/m/n/10 2557
 []


Overfull \hbox (4.49997pt too wide) detected at line 6061
 []\T1/qtm/m/n/10 2557
 []


Overfull \hbox (4.49997pt too wide) detected at line 6062
 []\T1/qtm/m/n/10 2557
 []


Overfull \hbox (4.49997pt too wide) detected at line 6063
 []\T1/qtm/m/n/10 2557
 []


Overfull \hbox (4.49997pt too wide) detected at line 6064
 []\T1/qtm/m/n/10 2558
 []


Overfull \hbox (4.49997pt too wide) detected at line 6065
 []\T1/qtm/m/n/10 2559
 []


Overfull \hbox (4.49997pt too wide) detected at line 6066
 []\T1/qtm/m/n/10 2559
 []


Overfull \hbox (4.49997pt too wide) detected at line 6067
 []\T1/qtm/m/n/10 2559
 []


Overfull \hbox (4.49997pt too wide) detected at line 6068
 []\T1/qtm/m/n/10 2559
 []


Overfull \hbox (4.49997pt too wide) detected at line 6069
 []\T1/qtm/m/n/10 2560
 []


Overfull \hbox (4.49997pt too wide) detected at line 6070
 []\T1/qtm/m/n/10 2560
 []


Overfull \hbox (4.49997pt too wide) detected at line 6071
 []\T1/qtm/m/n/10 2560
 []


Overfull \hbox (4.49997pt too wide) detected at line 6072
 []\T1/qtm/m/n/10 2560
 []


Overfull \hbox (4.49997pt too wide) detected at line 6073
 []\T1/qtm/m/n/10 2560
 []


Overfull \hbox (4.49997pt too wide) detected at line 6074
 []\T1/qtm/m/n/10 2560
 []


Overfull \hbox (4.49997pt too wide) detected at line 6075
 []\T1/qtm/m/n/10 2560
 []


Overfull \hbox (4.49997pt too wide) detected at line 6076
 []\T1/qtm/m/n/10 2561
 []


Overfull \hbox (4.49997pt too wide) detected at line 6077
 []\T1/qtm/m/n/10 2561
 []


Overfull \hbox (4.49997pt too wide) detected at line 6078
 []\T1/qtm/m/n/10 2561
 []


Overfull \hbox (4.49997pt too wide) detected at line 6079
 []\T1/qtm/m/n/10 2561
 []


Overfull \hbox (4.49997pt too wide) detected at line 6080
 []\T1/qtm/m/n/10 2561
 []


Overfull \hbox (4.49997pt too wide) detected at line 6081
 []\T1/qtm/m/n/10 2561
 []


Overfull \hbox (4.49997pt too wide) detected at line 6082
 []\T1/qtm/m/n/10 2561
 []


Overfull \hbox (4.49997pt too wide) detected at line 6083
 []\T1/qtm/m/n/10 2563
 []


Overfull \hbox (4.49997pt too wide) detected at line 6084
 []\T1/qtm/m/n/10 2564
 []


Overfull \hbox (4.49997pt too wide) detected at line 6085
 []\T1/qtm/m/n/10 2564
 []


Overfull \hbox (4.49997pt too wide) detected at line 6086
 []\T1/qtm/m/n/10 2564
 []


Overfull \hbox (4.49997pt too wide) detected at line 6087
 []\T1/qtm/m/n/10 2565
 []


Overfull \hbox (4.49997pt too wide) detected at line 6088
 []\T1/qtm/m/n/10 2565
 []


Overfull \hbox (4.49997pt too wide) detected at line 6089
 []\T1/qtm/m/n/10 2565
 []


Overfull \hbox (4.49997pt too wide) detected at line 6090
 []\T1/qtm/m/n/10 2565
 []


Overfull \hbox (4.49997pt too wide) detected at line 6091
 []\T1/qtm/m/n/10 2565
 []


Overfull \hbox (4.49997pt too wide) detected at line 6092
 []\T1/qtm/m/n/10 2565
 []


Overfull \hbox (4.49997pt too wide) detected at line 6093
 []\T1/qtm/m/n/10 2565
 []


Overfull \hbox (4.49997pt too wide) detected at line 6094
 []\T1/qtm/m/n/10 2565
 []


Overfull \hbox (4.49997pt too wide) detected at line 6095
 []\T1/qtm/m/n/10 2566
 []


Overfull \hbox (4.49997pt too wide) detected at line 6096
 []\T1/qtm/m/n/10 2567
 []


Overfull \hbox (4.49997pt too wide) detected at line 6097
 []\T1/qtm/m/n/10 2568
 []


Overfull \hbox (4.49997pt too wide) detected at line 6098
 []\T1/qtm/m/n/10 2569
 []


Overfull \hbox (4.49997pt too wide) detected at line 6099
 []\T1/qtm/m/n/10 2569
 []


Overfull \hbox (4.49997pt too wide) detected at line 6100
 []\T1/qtm/m/n/10 2569
 []


Overfull \hbox (4.49997pt too wide) detected at line 6101
 []\T1/qtm/m/n/10 2570
 []


Overfull \hbox (4.49997pt too wide) detected at line 6102
 []\T1/qtm/m/n/10 2570
 []

[100]
Overfull \hbox (4.49997pt too wide) detected at line 6103
 []\T1/qtm/m/n/10 2570
 []


Overfull \hbox (4.49997pt too wide) detected at line 6104
 []\T1/qtm/m/n/10 2570
 []


Overfull \hbox (4.49997pt too wide) detected at line 6105
 []\T1/qtm/m/n/10 2570
 []


Overfull \hbox (4.49997pt too wide) detected at line 6106
 []\T1/qtm/m/n/10 2570
 []


Overfull \hbox (4.49997pt too wide) detected at line 6107
 []\T1/qtm/m/n/10 2570
 []


Overfull \hbox (4.49997pt too wide) detected at line 6108
 []\T1/qtm/m/n/10 2571
 []


Overfull \hbox (4.49997pt too wide) detected at line 6109
 []\T1/qtm/m/n/10 2572
 []


Overfull \hbox (4.49997pt too wide) detected at line 6110
 []\T1/qtm/m/n/10 2573
 []


Overfull \hbox (4.49997pt too wide) detected at line 6111
 []\T1/qtm/m/n/10 2574
 []


Overfull \hbox (4.49997pt too wide) detected at line 6112
 []\T1/qtm/m/n/10 2574
 []


Overfull \hbox (4.49997pt too wide) detected at line 6113
 []\T1/qtm/m/n/10 2574
 []


Overfull \hbox (4.49997pt too wide) detected at line 6114
 []\T1/qtm/m/n/10 2574
 []


Overfull \hbox (4.49997pt too wide) detected at line 6115
 []\T1/qtm/m/n/10 2574
 []


Overfull \hbox (4.49997pt too wide) detected at line 6116
 []\T1/qtm/m/n/10 2574
 []


Overfull \hbox (4.49997pt too wide) detected at line 6117
 []\T1/qtm/m/n/10 2575
 []


Overfull \hbox (4.49997pt too wide) detected at line 6118
 []\T1/qtm/m/n/10 2575
 []


Overfull \hbox (4.49997pt too wide) detected at line 6119
 []\T1/qtm/m/n/10 2576
 []


Overfull \hbox (4.49997pt too wide) detected at line 6120
 []\T1/qtm/m/n/10 2576
 []


Overfull \hbox (4.49997pt too wide) detected at line 6121
 []\T1/qtm/m/n/10 2577
 []


Overfull \hbox (4.49997pt too wide) detected at line 6122
 []\T1/qtm/m/n/10 2577
 []


Overfull \hbox (4.49997pt too wide) detected at line 6123
 []\T1/qtm/m/n/10 2577
 []


Overfull \hbox (4.49997pt too wide) detected at line 6124
 []\T1/qtm/m/n/10 2577
 []


Overfull \hbox (4.49997pt too wide) detected at line 6125
 []\T1/qtm/m/n/10 2578
 []


Overfull \hbox (4.49997pt too wide) detected at line 6126
 []\T1/qtm/m/n/10 2578
 []


Overfull \hbox (4.49997pt too wide) detected at line 6127
 []\T1/qtm/m/n/10 2578
 []


Overfull \hbox (4.49997pt too wide) detected at line 6128
 []\T1/qtm/m/n/10 2578
 []


Overfull \hbox (4.49997pt too wide) detected at line 6129
 []\T1/qtm/m/n/10 2579
 []


Overfull \hbox (4.49997pt too wide) detected at line 6130
 []\T1/qtm/m/n/10 2579
 []


Overfull \hbox (4.49997pt too wide) detected at line 6131
 []\T1/qtm/m/n/10 2579
 []


Overfull \hbox (4.49997pt too wide) detected at line 6132
 []\T1/qtm/m/n/10 2579
 []


Overfull \hbox (4.49997pt too wide) detected at line 6133
 []\T1/qtm/m/n/10 2580
 []


Overfull \hbox (4.49997pt too wide) detected at line 6134
 []\T1/qtm/m/n/10 2580
 []


Overfull \hbox (4.49997pt too wide) detected at line 6135
 []\T1/qtm/m/n/10 2580
 []


Overfull \hbox (4.49997pt too wide) detected at line 6136
 []\T1/qtm/m/n/10 2580
 []


Overfull \hbox (4.49997pt too wide) detected at line 6137
 []\T1/qtm/m/n/10 2580
 []


Overfull \hbox (4.49997pt too wide) detected at line 6138
 []\T1/qtm/m/n/10 2580
 []


Overfull \hbox (4.49997pt too wide) detected at line 6139
 []\T1/qtm/m/n/10 2580
 []


Overfull \hbox (4.49997pt too wide) detected at line 6140
 []\T1/qtm/m/n/10 2582
 []


Overfull \hbox (4.49997pt too wide) detected at line 6141
 []\T1/qtm/m/n/10 2582
 []


Overfull \hbox (4.49997pt too wide) detected at line 6142
 []\T1/qtm/m/n/10 2582
 []


Overfull \hbox (4.49997pt too wide) detected at line 6143
 []\T1/qtm/m/n/10 2583
 []


Overfull \hbox (4.49997pt too wide) detected at line 6144
 []\T1/qtm/m/n/10 2583
 []


Overfull \hbox (4.49997pt too wide) detected at line 6145
 []\T1/qtm/m/n/10 2583
 []


Overfull \hbox (4.49997pt too wide) detected at line 6146
 []\T1/qtm/m/n/10 2583
 []


Overfull \hbox (4.49997pt too wide) detected at line 6147
 []\T1/qtm/m/n/10 2583
 []


Overfull \hbox (4.49997pt too wide) detected at line 6148
 []\T1/qtm/m/n/10 2584
 []


Overfull \hbox (4.49997pt too wide) detected at line 6149
 []\T1/qtm/m/n/10 2585
 []


Overfull \hbox (4.49997pt too wide) detected at line 6150
 []\T1/qtm/m/n/10 2585
 []


Overfull \hbox (4.49997pt too wide) detected at line 6151
 []\T1/qtm/m/n/10 2585
 []


Overfull \hbox (4.49997pt too wide) detected at line 6152
 []\T1/qtm/m/n/10 2585
 []


Overfull \hbox (4.49997pt too wide) detected at line 6153
 []\T1/qtm/m/n/10 2585
 []


Overfull \hbox (4.49997pt too wide) detected at line 6154
 []\T1/qtm/m/n/10 2585
 []


Overfull \hbox (4.49997pt too wide) detected at line 6155
 []\T1/qtm/m/n/10 2585
 []


Overfull \hbox (4.49997pt too wide) detected at line 6156
 []\T1/qtm/m/n/10 2589
 []

[101]
Overfull \hbox (4.49997pt too wide) detected at line 6157
 []\T1/qtm/m/n/10 2589
 []


Overfull \hbox (4.49997pt too wide) detected at line 6158
 []\T1/qtm/m/n/10 2589
 []


Overfull \hbox (4.49997pt too wide) detected at line 6159
 []\T1/qtm/m/n/10 2590
 []


Overfull \hbox (4.49997pt too wide) detected at line 6160
 []\T1/qtm/m/n/10 2590
 []


Overfull \hbox (4.49997pt too wide) detected at line 6161
 []\T1/qtm/m/n/10 2590
 []


Overfull \hbox (4.49997pt too wide) detected at line 6162
 []\T1/qtm/m/n/10 2590
 []


Overfull \hbox (4.49997pt too wide) detected at line 6163
 []\T1/qtm/m/n/10 2594
 []


Overfull \hbox (4.49997pt too wide) detected at line 6164
 []\T1/qtm/m/n/10 2594
 []


Overfull \hbox (4.49997pt too wide) detected at line 6165
 []\T1/qtm/m/n/10 2594
 []


Overfull \hbox (4.49997pt too wide) detected at line 6166
 []\T1/qtm/m/n/10 2594
 []


Overfull \hbox (4.49997pt too wide) detected at line 6167
 []\T1/qtm/m/n/10 2594
 []


Overfull \hbox (4.49997pt too wide) detected at line 6168
 []\T1/qtm/m/n/10 2594
 []


Overfull \hbox (4.49997pt too wide) detected at line 6169
 []\T1/qtm/m/n/10 2594
 []


Overfull \hbox (4.49997pt too wide) detected at line 6170
 []\T1/qtm/m/n/10 2595
 []


Overfull \hbox (4.49997pt too wide) detected at line 6171
 []\T1/qtm/m/n/10 2595
 []


Overfull \hbox (4.49997pt too wide) detected at line 6172
 []\T1/qtm/m/n/10 2595
 []


Overfull \hbox (4.49997pt too wide) detected at line 6173
 []\T1/qtm/m/n/10 2596
 []


Overfull \hbox (4.49997pt too wide) detected at line 6174
 []\T1/qtm/m/n/10 2596
 []


Overfull \hbox (4.49997pt too wide) detected at line 6175
 []\T1/qtm/m/n/10 2596
 []


Overfull \hbox (4.49997pt too wide) detected at line 6176
 []\T1/qtm/m/n/10 2596
 []


Overfull \hbox (4.49997pt too wide) detected at line 6177
 []\T1/qtm/m/n/10 2596
 []


Overfull \hbox (4.49997pt too wide) detected at line 6178
 []\T1/qtm/m/n/10 2596
 []


Overfull \hbox (4.49997pt too wide) detected at line 6179
 []\T1/qtm/m/n/10 2600
 []


Overfull \hbox (4.49997pt too wide) detected at line 6180
 []\T1/qtm/m/n/10 2601
 []


Overfull \hbox (4.49997pt too wide) detected at line 6181
 []\T1/qtm/m/n/10 2602
 []


Overfull \hbox (4.49997pt too wide) detected at line 6182
 []\T1/qtm/m/n/10 2602
 []


Overfull \hbox (4.49997pt too wide) detected at line 6183
 []\T1/qtm/m/n/10 2602
 []


Overfull \hbox (4.49997pt too wide) detected at line 6184
 []\T1/qtm/m/n/10 2602
 []


Overfull \hbox (4.49997pt too wide) detected at line 6185
 []\T1/qtm/m/n/10 2603
 []


Overfull \hbox (4.49997pt too wide) detected at line 6186
 []\T1/qtm/m/n/10 2605
 []


Overfull \hbox (4.49997pt too wide) detected at line 6187
 []\T1/qtm/m/n/10 2607
 []


Overfull \hbox (4.49997pt too wide) detected at line 6188
 []\T1/qtm/m/n/10 2607
 []


Overfull \hbox (4.49997pt too wide) detected at line 6189
 []\T1/qtm/m/n/10 2607
 []


Overfull \hbox (4.49997pt too wide) detected at line 6190
 []\T1/qtm/m/n/10 2607
 []


Overfull \hbox (4.49997pt too wide) detected at line 6191
 []\T1/qtm/m/n/10 2608
 []


Overfull \hbox (4.49997pt too wide) detected at line 6192
 []\T1/qtm/m/n/10 2608
 []


Overfull \hbox (4.49997pt too wide) detected at line 6193
 []\T1/qtm/m/n/10 2608
 []


Overfull \hbox (4.49997pt too wide) detected at line 6194
 []\T1/qtm/m/n/10 2608
 []


Overfull \hbox (4.49997pt too wide) detected at line 6195
 []\T1/qtm/m/n/10 2609
 []


Overfull \hbox (4.49997pt too wide) detected at line 6196
 []\T1/qtm/m/n/10 2609
 []


Overfull \hbox (4.49997pt too wide) detected at line 6197
 []\T1/qtm/m/n/10 2609
 []


Overfull \hbox (4.49997pt too wide) detected at line 6198
 []\T1/qtm/m/n/10 2610
 []


Overfull \hbox (4.49997pt too wide) detected at line 6199
 []\T1/qtm/m/n/10 2610
 []


Overfull \hbox (4.49997pt too wide) detected at line 6200
 []\T1/qtm/m/n/10 2610
 []


Overfull \hbox (4.49997pt too wide) detected at line 6201
 []\T1/qtm/m/n/10 2610
 []


Overfull \hbox (4.49997pt too wide) detected at line 6202
 []\T1/qtm/m/n/10 2610
 []


Overfull \hbox (4.49997pt too wide) detected at line 6203
 []\T1/qtm/m/n/10 2612
 []


Overfull \hbox (4.49997pt too wide) detected at line 6204
 []\T1/qtm/m/n/10 2612
 []


Overfull \hbox (4.49997pt too wide) detected at line 6205
 []\T1/qtm/m/n/10 2613
 []


Overfull \hbox (4.49997pt too wide) detected at line 6206
 []\T1/qtm/m/n/10 2613
 []


Overfull \hbox (4.49997pt too wide) detected at line 6207
 []\T1/qtm/m/n/10 2613
 []


Overfull \hbox (4.49997pt too wide) detected at line 6208
 []\T1/qtm/m/n/10 2613
 []


Overfull \hbox (4.49997pt too wide) detected at line 6209
 []\T1/qtm/m/n/10 2613
 []


Overfull \hbox (4.49997pt too wide) detected at line 6210
 []\T1/qtm/m/n/10 2613
 []

[102]
Overfull \hbox (4.49997pt too wide) detected at line 6211
 []\T1/qtm/m/n/10 2614
 []


Overfull \hbox (4.49997pt too wide) detected at line 6212
 []\T1/qtm/m/n/10 2614
 []


Overfull \hbox (4.49997pt too wide) detected at line 6213
 []\T1/qtm/m/n/10 2614
 []


Overfull \hbox (4.49997pt too wide) detected at line 6214
 []\T1/qtm/m/n/10 2614
 []


Overfull \hbox (4.49997pt too wide) detected at line 6215
 []\T1/qtm/m/n/10 2614
 []


Overfull \hbox (4.49997pt too wide) detected at line 6216
 []\T1/qtm/m/n/10 2614
 []


Overfull \hbox (4.49997pt too wide) detected at line 6217
 []\T1/qtm/m/n/10 2614
 []


Overfull \hbox (4.49997pt too wide) detected at line 6218
 []\T1/qtm/m/n/10 2615
 []


Overfull \hbox (4.49997pt too wide) detected at line 6219
 []\T1/qtm/m/n/10 2615
 []


Overfull \hbox (4.49997pt too wide) detected at line 6220
 []\T1/qtm/m/n/10 2616
 []


Overfull \hbox (4.49997pt too wide) detected at line 6221
 []\T1/qtm/m/n/10 2616
 []


Overfull \hbox (4.49997pt too wide) detected at line 6222
 []\T1/qtm/m/n/10 2616
 []


Overfull \hbox (4.49997pt too wide) detected at line 6223
 []\T1/qtm/m/n/10 2616
 []


Overfull \hbox (4.49997pt too wide) detected at line 6224
 []\T1/qtm/m/n/10 2616
 []


Overfull \hbox (4.49997pt too wide) detected at line 6225
 []\T1/qtm/m/n/10 2616
 []


Overfull \hbox (4.49997pt too wide) detected at line 6226
 []\T1/qtm/m/n/10 2616
 []


Overfull \hbox (4.49997pt too wide) detected at line 6227
 []\T1/qtm/m/n/10 2618
 []


Overfull \hbox (4.49997pt too wide) detected at line 6228
 []\T1/qtm/m/n/10 2618
 []


Overfull \hbox (4.49997pt too wide) detected at line 6229
 []\T1/qtm/m/n/10 2618
 []


Overfull \hbox (4.49997pt too wide) detected at line 6230
 []\T1/qtm/m/n/10 2618
 []


Overfull \hbox (4.49997pt too wide) detected at line 6231
 []\T1/qtm/m/n/10 2619
 []


Overfull \hbox (4.49997pt too wide) detected at line 6232
 []\T1/qtm/m/n/10 2619
 []


Overfull \hbox (4.49997pt too wide) detected at line 6233
 []\T1/qtm/m/n/10 2619
 []


Overfull \hbox (4.49997pt too wide) detected at line 6234
 []\T1/qtm/m/n/10 2619
 []


Overfull \hbox (4.49997pt too wide) detected at line 6235
 []\T1/qtm/m/n/10 2620
 []


Overfull \hbox (4.49997pt too wide) detected at line 6236
 []\T1/qtm/m/n/10 2620
 []


Overfull \hbox (4.49997pt too wide) detected at line 6237
 []\T1/qtm/m/n/10 2620
 []


Overfull \hbox (4.49997pt too wide) detected at line 6238
 []\T1/qtm/m/n/10 2620
 []


Overfull \hbox (4.49997pt too wide) detected at line 6239
 []\T1/qtm/m/n/10 2620
 []


Overfull \hbox (4.49997pt too wide) detected at line 6240
 []\T1/qtm/m/n/10 2620
 []


Overfull \hbox (4.49997pt too wide) detected at line 6241
 []\T1/qtm/m/n/10 2620
 []


Overfull \hbox (4.49997pt too wide) detected at line 6242
 []\T1/qtm/m/n/10 2621
 []


Overfull \hbox (4.49997pt too wide) detected at line 6243
 []\T1/qtm/m/n/10 2621
 []


Overfull \hbox (4.49997pt too wide) detected at line 6244
 []\T1/qtm/m/n/10 2621
 []


Overfull \hbox (4.49997pt too wide) detected at line 6245
 []\T1/qtm/m/n/10 2622
 []


Overfull \hbox (4.49997pt too wide) detected at line 6246
 []\T1/qtm/m/n/10 2622
 []


Overfull \hbox (4.49997pt too wide) detected at line 6247
 []\T1/qtm/m/n/10 2622
 []


Overfull \hbox (4.49997pt too wide) detected at line 6248
 []\T1/qtm/m/n/10 2622
 []


Overfull \hbox (4.49997pt too wide) detected at line 6249
 []\T1/qtm/m/n/10 2622
 []


Overfull \hbox (4.49997pt too wide) detected at line 6250
 []\T1/qtm/m/n/10 2622
 []


Overfull \hbox (4.49997pt too wide) detected at line 6251
 []\T1/qtm/m/n/10 2622
 []


Overfull \hbox (4.49997pt too wide) detected at line 6252
 []\T1/qtm/m/n/10 2622
 []


Overfull \hbox (4.49997pt too wide) detected at line 6253
 []\T1/qtm/m/n/10 2623
 []


Overfull \hbox (4.49997pt too wide) detected at line 6254
 []\T1/qtm/m/n/10 2623
 []


Overfull \hbox (4.49997pt too wide) detected at line 6255
 []\T1/qtm/m/n/10 2623
 []


Overfull \hbox (4.49997pt too wide) detected at line 6256
 []\T1/qtm/m/n/10 2623
 []


Overfull \hbox (4.49997pt too wide) detected at line 6257
 []\T1/qtm/m/n/10 2623
 []


Overfull \hbox (4.49997pt too wide) detected at line 6258
 []\T1/qtm/m/n/10 2623
 []


Overfull \hbox (4.49997pt too wide) detected at line 6259
 []\T1/qtm/m/n/10 2623
 []


Overfull \hbox (4.49997pt too wide) detected at line 6260
 []\T1/qtm/m/n/10 2623
 []


Overfull \hbox (4.49997pt too wide) detected at line 6261
 []\T1/qtm/m/n/10 2624
 []


Overfull \hbox (4.49997pt too wide) detected at line 6262
 []\T1/qtm/m/n/10 2624
 []


Overfull \hbox (4.49997pt too wide) detected at line 6263
 []\T1/qtm/m/n/10 2624
 []


Overfull \hbox (4.49997pt too wide) detected at line 6264
 []\T1/qtm/m/n/10 2624
 []

[103]
Overfull \hbox (4.49997pt too wide) detected at line 6265
 []\T1/qtm/m/n/10 2624
 []


Overfull \hbox (4.49997pt too wide) detected at line 6266
 []\T1/qtm/m/n/10 2624
 []


Overfull \hbox (4.49997pt too wide) detected at line 6267
 []\T1/qtm/m/n/10 2625
 []


Overfull \hbox (4.49997pt too wide) detected at line 6268
 []\T1/qtm/m/n/10 2625
 []


Overfull \hbox (4.49997pt too wide) detected at line 6269
 []\T1/qtm/m/n/10 2625
 []


Overfull \hbox (4.49997pt too wide) detected at line 6270
 []\T1/qtm/m/n/10 2625
 []


Overfull \hbox (4.49997pt too wide) detected at line 6271
 []\T1/qtm/m/n/10 2625
 []


Overfull \hbox (4.49997pt too wide) detected at line 6272
 []\T1/qtm/m/n/10 2625
 []


Overfull \hbox (4.49997pt too wide) detected at line 6273
 []\T1/qtm/m/n/10 2625
 []


Overfull \hbox (4.49997pt too wide) detected at line 6274
 []\T1/qtm/m/n/10 2625
 []


Overfull \hbox (4.49997pt too wide) detected at line 6275
 []\T1/qtm/m/n/10 2626
 []


Overfull \hbox (4.49997pt too wide) detected at line 6276
 []\T1/qtm/m/n/10 2626
 []


Overfull \hbox (4.49997pt too wide) detected at line 6277
 []\T1/qtm/m/n/10 2626
 []


Overfull \hbox (4.49997pt too wide) detected at line 6278
 []\T1/qtm/m/n/10 2626
 []


Overfull \hbox (4.49997pt too wide) detected at line 6279
 []\T1/qtm/m/n/10 2627
 []


Overfull \hbox (4.49997pt too wide) detected at line 6280
 []\T1/qtm/m/n/10 2627
 []


Overfull \hbox (4.49997pt too wide) detected at line 6281
 []\T1/qtm/m/n/10 2627
 []


Overfull \hbox (4.49997pt too wide) detected at line 6282
 []\T1/qtm/m/n/10 2627
 []


Overfull \hbox (4.49997pt too wide) detected at line 6283
 []\T1/qtm/m/n/10 2627
 []


Overfull \hbox (4.49997pt too wide) detected at line 6284
 []\T1/qtm/m/n/10 2627
 []


Overfull \hbox (4.49997pt too wide) detected at line 6285
 []\T1/qtm/m/n/10 2630
 []


Overfull \hbox (4.49997pt too wide) detected at line 6286
 []\T1/qtm/m/n/10 2631
 []


Overfull \hbox (4.49997pt too wide) detected at line 6287
 []\T1/qtm/m/n/10 2631
 []


Overfull \hbox (4.49997pt too wide) detected at line 6288
 []\T1/qtm/m/n/10 2631
 []


Overfull \hbox (4.49997pt too wide) detected at line 6289
 []\T1/qtm/m/n/10 2631
 []


Overfull \hbox (4.49997pt too wide) detected at line 6290
 []\T1/qtm/m/n/10 2631
 []


Overfull \hbox (4.49997pt too wide) detected at line 6291
 []\T1/qtm/m/n/10 2632
 []


Overfull \hbox (4.49997pt too wide) detected at line 6292
 []\T1/qtm/m/n/10 2634
 []


Overfull \hbox (4.49997pt too wide) detected at line 6293
 []\T1/qtm/m/n/10 2635
 []


Overfull \hbox (4.49997pt too wide) detected at line 6294
 []\T1/qtm/m/n/10 2635
 []


Overfull \hbox (4.49997pt too wide) detected at line 6295
 []\T1/qtm/m/n/10 2635
 []


Overfull \hbox (4.49997pt too wide) detected at line 6296
 []\T1/qtm/m/n/10 2635
 []


Overfull \hbox (4.49997pt too wide) detected at line 6297
 []\T1/qtm/m/n/10 2635
 []


Overfull \hbox (4.49997pt too wide) detected at line 6298
 []\T1/qtm/m/n/10 2636
 []


Overfull \hbox (4.49997pt too wide) detected at line 6299
 []\T1/qtm/m/n/10 2636
 []


Overfull \hbox (4.49997pt too wide) detected at line 6300
 []\T1/qtm/m/n/10 2637
 []


Overfull \hbox (4.49997pt too wide) detected at line 6301
 []\T1/qtm/m/n/10 2637
 []


Overfull \hbox (4.49997pt too wide) detected at line 6302
 []\T1/qtm/m/n/10 2637
 []


Overfull \hbox (4.49997pt too wide) detected at line 6303
 []\T1/qtm/m/n/10 2637
 []


Overfull \hbox (4.49997pt too wide) detected at line 6304
 []\T1/qtm/m/n/10 2637
 []


Overfull \hbox (4.49997pt too wide) detected at line 6305
 []\T1/qtm/m/n/10 2638
 []


Overfull \hbox (4.49997pt too wide) detected at line 6306
 []\T1/qtm/m/n/10 2638
 []


Overfull \hbox (4.49997pt too wide) detected at line 6307
 []\T1/qtm/m/n/10 2638
 []


Overfull \hbox (4.49997pt too wide) detected at line 6308
 []\T1/qtm/m/n/10 2638
 []


Overfull \hbox (4.49997pt too wide) detected at line 6309
 []\T1/qtm/m/n/10 2638
 []


Overfull \hbox (4.49997pt too wide) detected at line 6310
 []\T1/qtm/m/n/10 2638
 []


Overfull \hbox (4.49997pt too wide) detected at line 6311
 []\T1/qtm/m/n/10 2639
 []


Overfull \hbox (4.49997pt too wide) detected at line 6312
 []\T1/qtm/m/n/10 2639
 []


Overfull \hbox (4.49997pt too wide) detected at line 6313
 []\T1/qtm/m/n/10 2639
 []


Overfull \hbox (4.49997pt too wide) detected at line 6314
 []\T1/qtm/m/n/10 2639
 []


Overfull \hbox (4.49997pt too wide) detected at line 6315
 []\T1/qtm/m/n/10 2639
 []


Overfull \hbox (4.49997pt too wide) detected at line 6316
 []\T1/qtm/m/n/10 2639
 []


Overfull \hbox (4.49997pt too wide) detected at line 6317
 []\T1/qtm/m/n/10 2640
 []


Overfull \hbox (4.49997pt too wide) detected at line 6318
 []\T1/qtm/m/n/10 2640
 []

[104]
Overfull \hbox (4.49997pt too wide) detected at line 6319
 []\T1/qtm/m/n/10 2640
 []


Overfull \hbox (4.49997pt too wide) detected at line 6320
 []\T1/qtm/m/n/10 2640
 []


Overfull \hbox (4.49997pt too wide) detected at line 6321
 []\T1/qtm/m/n/10 2640
 []


Overfull \hbox (4.49997pt too wide) detected at line 6322
 []\T1/qtm/m/n/10 2640
 []


Overfull \hbox (4.49997pt too wide) detected at line 6323
 []\T1/qtm/m/n/10 2640
 []


Overfull \hbox (4.49997pt too wide) detected at line 6324
 []\T1/qtm/m/n/10 2641
 []


Overfull \hbox (4.49997pt too wide) detected at line 6325
 []\T1/qtm/m/n/10 2641
 []


Overfull \hbox (4.49997pt too wide) detected at line 6326
 []\T1/qtm/m/n/10 2641
 []


Overfull \hbox (4.49997pt too wide) detected at line 6327
 []\T1/qtm/m/n/10 2641
 []


Overfull \hbox (4.49997pt too wide) detected at line 6328
 []\T1/qtm/m/n/10 2641
 []


Overfull \hbox (4.49997pt too wide) detected at line 6329
 []\T1/qtm/m/n/10 2641
 []


Overfull \hbox (4.49997pt too wide) detected at line 6330
 []\T1/qtm/m/n/10 2641
 []


Overfull \hbox (4.49997pt too wide) detected at line 6331
 []\T1/qtm/m/n/10 2642
 []


Overfull \hbox (4.49997pt too wide) detected at line 6332
 []\T1/qtm/m/n/10 2642
 []


Overfull \hbox (4.49997pt too wide) detected at line 6333
 []\T1/qtm/m/n/10 2642
 []


Overfull \hbox (4.49997pt too wide) detected at line 6334
 []\T1/qtm/m/n/10 2642
 []


Overfull \hbox (4.49997pt too wide) detected at line 6335
 []\T1/qtm/m/n/10 2642
 []


Overfull \hbox (4.49997pt too wide) detected at line 6336
 []\T1/qtm/m/n/10 2642
 []


Overfull \hbox (4.49997pt too wide) detected at line 6337
 []\T1/qtm/m/n/10 2643
 []


Overfull \hbox (4.49997pt too wide) detected at line 6338
 []\T1/qtm/m/n/10 2643
 []


Overfull \hbox (4.49997pt too wide) detected at line 6339
 []\T1/qtm/m/n/10 2643
 []


Overfull \hbox (4.49997pt too wide) detected at line 6340
 []\T1/qtm/m/n/10 2643
 []


Overfull \hbox (4.49997pt too wide) detected at line 6341
 []\T1/qtm/m/n/10 2644
 []


Overfull \hbox (4.49997pt too wide) detected at line 6342
 []\T1/qtm/m/n/10 2644
 []


Overfull \hbox (4.49997pt too wide) detected at line 6343
 []\T1/qtm/m/n/10 2644
 []


Overfull \hbox (4.49997pt too wide) detected at line 6344
 []\T1/qtm/m/n/10 2644
 []


Overfull \hbox (4.49997pt too wide) detected at line 6345
 []\T1/qtm/m/n/10 2644
 []


Overfull \hbox (4.49997pt too wide) detected at line 6346
 []\T1/qtm/m/n/10 2644
 []


Overfull \hbox (4.49997pt too wide) detected at line 6347
 []\T1/qtm/m/n/10 2644
 []


Overfull \hbox (4.49997pt too wide) detected at line 6348
 []\T1/qtm/m/n/10 2645
 []


Overfull \hbox (4.49997pt too wide) detected at line 6349
 []\T1/qtm/m/n/10 2645
 []


Overfull \hbox (4.49997pt too wide) detected at line 6350
 []\T1/qtm/m/n/10 2645
 []


Overfull \hbox (4.49997pt too wide) detected at line 6351
 []\T1/qtm/m/n/10 2645
 []


Overfull \hbox (4.49997pt too wide) detected at line 6352
 []\T1/qtm/m/n/10 2645
 []


Overfull \hbox (4.49997pt too wide) detected at line 6353
 []\T1/qtm/m/n/10 2645
 []


Overfull \hbox (4.49997pt too wide) detected at line 6354
 []\T1/qtm/m/n/10 2645
 []


Overfull \hbox (4.49997pt too wide) detected at line 6355
 []\T1/qtm/m/n/10 2646
 []


Overfull \hbox (4.49997pt too wide) detected at line 6356
 []\T1/qtm/m/n/10 2646
 []


Overfull \hbox (4.49997pt too wide) detected at line 6357
 []\T1/qtm/m/n/10 2646
 []


Overfull \hbox (4.49997pt too wide) detected at line 6358
 []\T1/qtm/m/n/10 2647
 []


Overfull \hbox (4.49997pt too wide) detected at line 6359
 []\T1/qtm/m/n/10 2648
 []


Overfull \hbox (4.49997pt too wide) detected at line 6360
 []\T1/qtm/m/n/10 2648
 []


Overfull \hbox (4.49997pt too wide) detected at line 6361
 []\T1/qtm/m/n/10 2648
 []


Overfull \hbox (4.49997pt too wide) detected at line 6362
 []\T1/qtm/m/n/10 2648
 []


Overfull \hbox (4.49997pt too wide) detected at line 6363
 []\T1/qtm/m/n/10 2648
 []


Overfull \hbox (4.49997pt too wide) detected at line 6364
 []\T1/qtm/m/n/10 2648
 []


Overfull \hbox (4.49997pt too wide) detected at line 6365
 []\T1/qtm/m/n/10 2648
 []


Overfull \hbox (4.49997pt too wide) detected at line 6366
 []\T1/qtm/m/n/10 2649
 []


Overfull \hbox (4.49997pt too wide) detected at line 6367
 []\T1/qtm/m/n/10 2649
 []


Overfull \hbox (4.49997pt too wide) detected at line 6368
 []\T1/qtm/m/n/10 2649
 []


Overfull \hbox (4.49997pt too wide) detected at line 6369
 []\T1/qtm/m/n/10 2649
 []


Overfull \hbox (4.49997pt too wide) detected at line 6370
 []\T1/qtm/m/n/10 2650
 []


Overfull \hbox (4.49997pt too wide) detected at line 6371
 []\T1/qtm/m/n/10 2650
 []


Overfull \hbox (4.49997pt too wide) detected at line 6372
 []\T1/qtm/m/n/10 2650
 []

[105]
Overfull \hbox (4.49997pt too wide) detected at line 6373
 []\T1/qtm/m/n/10 2650
 []


Overfull \hbox (4.49997pt too wide) detected at line 6374
 []\T1/qtm/m/n/10 2651
 []


Overfull \hbox (4.49997pt too wide) detected at line 6375
 []\T1/qtm/m/n/10 2651
 []


Overfull \hbox (4.49997pt too wide) detected at line 6376
 []\T1/qtm/m/n/10 2651
 []


Overfull \hbox (4.49997pt too wide) detected at line 6377
 []\T1/qtm/m/n/10 2651
 []


Overfull \hbox (4.49997pt too wide) detected at line 6378
 []\T1/qtm/m/n/10 2651
 []


Overfull \hbox (4.49997pt too wide) detected at line 6379
 []\T1/qtm/m/n/10 2651
 []


Overfull \hbox (4.49997pt too wide) detected at line 6380
 []\T1/qtm/m/n/10 2651
 []


Overfull \hbox (4.49997pt too wide) detected at line 6381
 []\T1/qtm/m/n/10 2652
 []


Overfull \hbox (4.49997pt too wide) detected at line 6382
 []\T1/qtm/m/n/10 2654
 []


Overfull \hbox (4.49997pt too wide) detected at line 6383
 []\T1/qtm/m/n/10 2654
 []


Overfull \hbox (4.49997pt too wide) detected at line 6384
 []\T1/qtm/m/n/10 2654
 []


Overfull \hbox (4.49997pt too wide) detected at line 6385
 []\T1/qtm/m/n/10 2654
 []


Overfull \hbox (4.49997pt too wide) detected at line 6386
 []\T1/qtm/m/n/10 2654
 []


Overfull \hbox (4.49997pt too wide) detected at line 6387
 []\T1/qtm/m/n/10 2654
 []


Overfull \hbox (4.49997pt too wide) detected at line 6388
 []\T1/qtm/m/n/10 2654
 []


Overfull \hbox (4.49997pt too wide) detected at line 6389
 []\T1/qtm/m/n/10 2655
 []


Overfull \hbox (4.49997pt too wide) detected at line 6390
 []\T1/qtm/m/n/10 2655
 []


Overfull \hbox (4.49997pt too wide) detected at line 6391
 []\T1/qtm/m/n/10 2655
 []


Overfull \hbox (4.49997pt too wide) detected at line 6392
 []\T1/qtm/m/n/10 2655
 []


Overfull \hbox (4.49997pt too wide) detected at line 6393
 []\T1/qtm/m/n/10 2655
 []


Overfull \hbox (4.49997pt too wide) detected at line 6394
 []\T1/qtm/m/n/10 2656
 []


Overfull \hbox (4.49997pt too wide) detected at line 6395
 []\T1/qtm/m/n/10 2656
 []


Overfull \hbox (4.49997pt too wide) detected at line 6396
 []\T1/qtm/m/n/10 2656
 []


Overfull \hbox (4.49997pt too wide) detected at line 6397
 []\T1/qtm/m/n/10 2657
 []


Overfull \hbox (4.49997pt too wide) detected at line 6398
 []\T1/qtm/m/n/10 2657
 []


Overfull \hbox (4.49997pt too wide) detected at line 6399
 []\T1/qtm/m/n/10 2657
 []


Overfull \hbox (4.49997pt too wide) detected at line 6400
 []\T1/qtm/m/n/10 2657
 []


Overfull \hbox (4.49997pt too wide) detected at line 6401
 []\T1/qtm/m/n/10 2657
 []


Overfull \hbox (4.49997pt too wide) detected at line 6402
 []\T1/qtm/m/n/10 2657
 []


Overfull \hbox (4.49997pt too wide) detected at line 6403
 []\T1/qtm/m/n/10 2659
 []


Overfull \hbox (4.49997pt too wide) detected at line 6404
 []\T1/qtm/m/n/10 2659
 []


Overfull \hbox (4.49997pt too wide) detected at line 6405
 []\T1/qtm/m/n/10 2660
 []


Overfull \hbox (4.49997pt too wide) detected at line 6406
 []\T1/qtm/m/n/10 2660
 []


Overfull \hbox (4.49997pt too wide) detected at line 6407
 []\T1/qtm/m/n/10 2660
 []


Overfull \hbox (4.49997pt too wide) detected at line 6408
 []\T1/qtm/m/n/10 2660
 []


Overfull \hbox (4.49997pt too wide) detected at line 6409
 []\T1/qtm/m/n/10 2660
 []


Overfull \hbox (4.49997pt too wide) detected at line 6410
 []\T1/qtm/m/n/10 2660
 []


Overfull \hbox (4.49997pt too wide) detected at line 6411
 []\T1/qtm/m/n/10 2661
 []


Overfull \hbox (4.49997pt too wide) detected at line 6412
 []\T1/qtm/m/n/10 2664
 []


Overfull \hbox (4.49997pt too wide) detected at line 6413
 []\T1/qtm/m/n/10 2664
 []


Overfull \hbox (4.49997pt too wide) detected at line 6414
 []\T1/qtm/m/n/10 2664
 []


Overfull \hbox (4.49997pt too wide) detected at line 6415
 []\T1/qtm/m/n/10 2664
 []


Overfull \hbox (4.49997pt too wide) detected at line 6416
 []\T1/qtm/m/n/10 2665
 []


Overfull \hbox (4.49997pt too wide) detected at line 6417
 []\T1/qtm/m/n/10 2665
 []


Overfull \hbox (4.49997pt too wide) detected at line 6418
 []\T1/qtm/m/n/10 2665
 []


Overfull \hbox (4.49997pt too wide) detected at line 6419
 []\T1/qtm/m/n/10 2665
 []


Overfull \hbox (4.49997pt too wide) detected at line 6420
 []\T1/qtm/m/n/10 2668
 []


Overfull \hbox (4.49997pt too wide) detected at line 6421
 []\T1/qtm/m/n/10 2668
 []


Overfull \hbox (4.49997pt too wide) detected at line 6422
 []\T1/qtm/m/n/10 2668
 []


Overfull \hbox (4.49997pt too wide) detected at line 6423
 []\T1/qtm/m/n/10 2669
 []


Overfull \hbox (4.49997pt too wide) detected at line 6424
 []\T1/qtm/m/n/10 2669
 []


Overfull \hbox (4.49997pt too wide) detected at line 6425
 []\T1/qtm/m/n/10 2669
 []


Overfull \hbox (4.49997pt too wide) detected at line 6426
 []\T1/qtm/m/n/10 2669
 []

[106]
Overfull \hbox (4.49997pt too wide) detected at line 6427
 []\T1/qtm/m/n/10 2672
 []


Overfull \hbox (4.49997pt too wide) detected at line 6428
 []\T1/qtm/m/n/10 2672
 []


Overfull \hbox (4.49997pt too wide) detected at line 6429
 []\T1/qtm/m/n/10 2672
 []


Overfull \hbox (4.49997pt too wide) detected at line 6430
 []\T1/qtm/m/n/10 2672
 []


Overfull \hbox (4.49997pt too wide) detected at line 6431
 []\T1/qtm/m/n/10 2672
 []


Overfull \hbox (4.49997pt too wide) detected at line 6432
 []\T1/qtm/m/n/10 2672
 []


Overfull \hbox (4.49997pt too wide) detected at line 6433
 []\T1/qtm/m/n/10 2673
 []


Overfull \hbox (4.49997pt too wide) detected at line 6434
 []\T1/qtm/m/n/10 2673
 []


Overfull \hbox (4.49997pt too wide) detected at line 6435
 []\T1/qtm/m/n/10 2675
 []


Overfull \hbox (4.49997pt too wide) detected at line 6436
 []\T1/qtm/m/n/10 2676
 []


Overfull \hbox (4.49997pt too wide) detected at line 6437
 []\T1/qtm/m/n/10 2676
 []


Overfull \hbox (4.49997pt too wide) detected at line 6438
 []\T1/qtm/m/n/10 2676
 []


Overfull \hbox (4.49997pt too wide) detected at line 6439
 []\T1/qtm/m/n/10 2676
 []


Overfull \hbox (4.49997pt too wide) detected at line 6440
 []\T1/qtm/m/n/10 2676
 []


Overfull \hbox (4.49997pt too wide) detected at line 6441
 []\T1/qtm/m/n/10 2676
 []


Overfull \hbox (4.49997pt too wide) detected at line 6442
 []\T1/qtm/m/n/10 2676
 []


Overfull \hbox (4.49997pt too wide) detected at line 6443
 []\T1/qtm/m/n/10 2677
 []


Overfull \hbox (4.49997pt too wide) detected at line 6444
 []\T1/qtm/m/n/10 2680
 []


Overfull \hbox (4.49997pt too wide) detected at line 6445
 []\T1/qtm/m/n/10 2680
 []


Overfull \hbox (4.49997pt too wide) detected at line 6446
 []\T1/qtm/m/n/10 2680
 []


Overfull \hbox (4.49997pt too wide) detected at line 6447
 []\T1/qtm/m/n/10 2680
 []


Overfull \hbox (4.49997pt too wide) detected at line 6448
 []\T1/qtm/m/n/10 2681
 []


Overfull \hbox (4.49997pt too wide) detected at line 6449
 []\T1/qtm/m/n/10 2681
 []


Overfull \hbox (4.49997pt too wide) detected at line 6450
 []\T1/qtm/m/n/10 2681
 []


Overfull \hbox (4.49997pt too wide) detected at line 6451
 []\T1/qtm/m/n/10 2681
 []


Overfull \hbox (4.49997pt too wide) detected at line 6452
 []\T1/qtm/m/n/10 2682
 []


Overfull \hbox (4.49997pt too wide) detected at line 6453
 []\T1/qtm/m/n/10 2684
 []


Overfull \hbox (4.49997pt too wide) detected at line 6454
 []\T1/qtm/m/n/10 2684
 []


Overfull \hbox (4.49997pt too wide) detected at line 6455
 []\T1/qtm/m/n/10 2684
 []


Overfull \hbox (4.49997pt too wide) detected at line 6456
 []\T1/qtm/m/n/10 2684
 []


Overfull \hbox (4.49997pt too wide) detected at line 6457
 []\T1/qtm/m/n/10 2685
 []


Overfull \hbox (4.49997pt too wide) detected at line 6458
 []\T1/qtm/m/n/10 2685
 []


Overfull \hbox (4.49997pt too wide) detected at line 6459
 []\T1/qtm/m/n/10 2685
 []


Overfull \hbox (4.49997pt too wide) detected at line 6460
 []\T1/qtm/m/n/10 2685
 []


Overfull \hbox (4.49997pt too wide) detected at line 6461
 []\T1/qtm/m/n/10 2689
 []


Overfull \hbox (4.49997pt too wide) detected at line 6462
 []\T1/qtm/m/n/10 2689
 []


Overfull \hbox (4.49997pt too wide) detected at line 6463
 []\T1/qtm/m/n/10 2689
 []


Overfull \hbox (4.49997pt too wide) detected at line 6464
 []\T1/qtm/m/n/10 2689
 []


Overfull \hbox (4.49997pt too wide) detected at line 6465
 []\T1/qtm/m/n/10 2690
 []


Overfull \hbox (4.49997pt too wide) detected at line 6466
 []\T1/qtm/m/n/10 2690
 []


Overfull \hbox (4.49997pt too wide) detected at line 6467
 []\T1/qtm/m/n/10 2690
 []


Overfull \hbox (4.49997pt too wide) detected at line 6468
 []\T1/qtm/m/n/10 2690
 []


Overfull \hbox (4.49997pt too wide) detected at line 6469
 []\T1/qtm/m/n/10 2690
 []


Overfull \hbox (4.49997pt too wide) detected at line 6470
 []\T1/qtm/m/n/10 2692
 []


Overfull \hbox (4.49997pt too wide) detected at line 6471
 []\T1/qtm/m/n/10 2692
 []


Overfull \hbox (4.49997pt too wide) detected at line 6472
 []\T1/qtm/m/n/10 2692
 []


Overfull \hbox (4.49997pt too wide) detected at line 6473
 []\T1/qtm/m/n/10 2692
 []


Overfull \hbox (4.49997pt too wide) detected at line 6474
 []\T1/qtm/m/n/10 2692
 []


Overfull \hbox (4.49997pt too wide) detected at line 6475
 []\T1/qtm/m/n/10 2692
 []


Overfull \hbox (4.49997pt too wide) detected at line 6476
 []\T1/qtm/m/n/10 2693
 []


Overfull \hbox (4.49997pt too wide) detected at line 6477
 []\T1/qtm/m/n/10 2693
 []


Overfull \hbox (4.49997pt too wide) detected at line 6478
 []\T1/qtm/m/n/10 2695
 []


Overfull \hbox (4.49997pt too wide) detected at line 6479
 []\T1/qtm/m/n/10 2696
 []


Overfull \hbox (4.49997pt too wide) detected at line 6480
 []\T1/qtm/m/n/10 2696
 []

[107]
Overfull \hbox (4.49997pt too wide) detected at line 6481
 []\T1/qtm/m/n/10 2696
 []


Overfull \hbox (4.49997pt too wide) detected at line 6482
 []\T1/qtm/m/n/10 2696
 []


Overfull \hbox (4.49997pt too wide) detected at line 6483
 []\T1/qtm/m/n/10 2697
 []


Overfull \hbox (4.49997pt too wide) detected at line 6484
 []\T1/qtm/m/n/10 2697
 []


Overfull \hbox (4.49997pt too wide) detected at line 6485
 []\T1/qtm/m/n/10 2698
 []


Overfull \hbox (4.49997pt too wide) detected at line 6486
 []\T1/qtm/m/n/10 2698
 []


Overfull \hbox (4.49997pt too wide) detected at line 6487
 []\T1/qtm/m/n/10 2698
 []


Overfull \hbox (4.49997pt too wide) detected at line 6488
 []\T1/qtm/m/n/10 2698
 []


Overfull \hbox (4.49997pt too wide) detected at line 6489
 []\T1/qtm/m/n/10 2698
 []


Overfull \hbox (4.49997pt too wide) detected at line 6490
 []\T1/qtm/m/n/10 2698
 []


Overfull \hbox (4.49997pt too wide) detected at line 6491
 []\T1/qtm/m/n/10 2699
 []


Overfull \hbox (4.49997pt too wide) detected at line 6492
 []\T1/qtm/m/n/10 2699
 []


Overfull \hbox (4.49997pt too wide) detected at line 6493
 []\T1/qtm/m/n/10 2700
 []


Overfull \hbox (4.49997pt too wide) detected at line 6494
 []\T1/qtm/m/n/10 2700
 []


Overfull \hbox (4.49997pt too wide) detected at line 6495
 []\T1/qtm/m/n/10 2700
 []


Overfull \hbox (4.49997pt too wide) detected at line 6496
 []\T1/qtm/m/n/10 2700
 []


Overfull \hbox (4.49997pt too wide) detected at line 6497
 []\T1/qtm/m/n/10 2700
 []


Overfull \hbox (4.49997pt too wide) detected at line 6498
 []\T1/qtm/m/n/10 2700
 []


Overfull \hbox (4.49997pt too wide) detected at line 6499
 []\T1/qtm/m/n/10 2701
 []


Overfull \hbox (4.49997pt too wide) detected at line 6500
 []\T1/qtm/m/n/10 2701
 []


Overfull \hbox (4.49997pt too wide) detected at line 6501
 []\T1/qtm/m/n/10 2703
 []


Overfull \hbox (4.49997pt too wide) detected at line 6502
 []\T1/qtm/m/n/10 2703
 []


Overfull \hbox (4.49997pt too wide) detected at line 6503
 []\T1/qtm/m/n/10 2703
 []


Overfull \hbox (4.49997pt too wide) detected at line 6504
 []\T1/qtm/m/n/10 2703
 []


Overfull \hbox (4.49997pt too wide) detected at line 6505
 []\T1/qtm/m/n/10 2704
 []


Overfull \hbox (4.49997pt too wide) detected at line 6506
 []\T1/qtm/m/n/10 2704
 []


Overfull \hbox (4.49997pt too wide) detected at line 6507
 []\T1/qtm/m/n/10 2704
 []


Overfull \hbox (4.49997pt too wide) detected at line 6508
 []\T1/qtm/m/n/10 2704
 []


Overfull \hbox (4.49997pt too wide) detected at line 6509
 []\T1/qtm/m/n/10 2705
 []


Overfull \hbox (4.49997pt too wide) detected at line 6510
 []\T1/qtm/m/n/10 2705
 []


Overfull \hbox (4.49997pt too wide) detected at line 6511
 []\T1/qtm/m/n/10 2706
 []


Overfull \hbox (4.49997pt too wide) detected at line 6512
 []\T1/qtm/m/n/10 2706
 []


Overfull \hbox (4.49997pt too wide) detected at line 6513
 []\T1/qtm/m/n/10 2706
 []


Overfull \hbox (4.49997pt too wide) detected at line 6514
 []\T1/qtm/m/n/10 2706
 []


Overfull \hbox (4.49997pt too wide) detected at line 6515
 []\T1/qtm/m/n/10 2706
 []


Overfull \hbox (4.49997pt too wide) detected at line 6516
 []\T1/qtm/m/n/10 2706
 []


Overfull \hbox (4.49997pt too wide) detected at line 6517
 []\T1/qtm/m/n/10 2707
 []


Overfull \hbox (4.49997pt too wide) detected at line 6518
 []\T1/qtm/m/n/10 2709
 []


Overfull \hbox (4.49997pt too wide) detected at line 6519
 []\T1/qtm/m/n/10 2709
 []


Overfull \hbox (4.49997pt too wide) detected at line 6520
 []\T1/qtm/m/n/10 2709
 []


Overfull \hbox (4.49997pt too wide) detected at line 6521
 []\T1/qtm/m/n/10 2709
 []


Overfull \hbox (4.49997pt too wide) detected at line 6522
 []\T1/qtm/m/n/10 2710
 []


Overfull \hbox (4.49997pt too wide) detected at line 6523
 []\T1/qtm/m/n/10 2710
 []


Overfull \hbox (4.49997pt too wide) detected at line 6524
 []\T1/qtm/m/n/10 2710
 []


Overfull \hbox (4.49997pt too wide) detected at line 6525
 []\T1/qtm/m/n/10 2710
 []


Overfull \hbox (4.49997pt too wide) detected at line 6526
 []\T1/qtm/m/n/10 2711
 []


Overfull \hbox (4.49997pt too wide) detected at line 6527
 []\T1/qtm/m/n/10 2711
 []


Overfull \hbox (4.49997pt too wide) detected at line 6528
 []\T1/qtm/m/n/10 2711
 []


Overfull \hbox (4.49997pt too wide) detected at line 6529
 []\T1/qtm/m/n/10 2711
 []


Overfull \hbox (4.49997pt too wide) detected at line 6530
 []\T1/qtm/m/n/10 2712
 []


Overfull \hbox (4.49997pt too wide) detected at line 6531
 []\T1/qtm/m/n/10 2712
 []


Overfull \hbox (4.49997pt too wide) detected at line 6532
 []\T1/qtm/m/n/10 2713
 []


Overfull \hbox (4.49997pt too wide) detected at line 6533
 []\T1/qtm/m/n/10 2713
 []


Overfull \hbox (4.49997pt too wide) detected at line 6534
 []\T1/qtm/m/n/10 2713
 []

[108]
Overfull \hbox (4.49997pt too wide) detected at line 6535
 []\T1/qtm/m/n/10 2713
 []


Overfull \hbox (4.49997pt too wide) detected at line 6536
 []\T1/qtm/m/n/10 2714
 []


Overfull \hbox (4.49997pt too wide) detected at line 6537
 []\T1/qtm/m/n/10 2714
 []


Overfull \hbox (4.49997pt too wide) detected at line 6538
 []\T1/qtm/m/n/10 2714
 []


Overfull \hbox (4.49997pt too wide) detected at line 6539
 []\T1/qtm/m/n/10 2714
 []


Overfull \hbox (4.49997pt too wide) detected at line 6540
 []\T1/qtm/m/n/10 2715
 []


Overfull \hbox (4.49997pt too wide) detected at line 6541
 []\T1/qtm/m/n/10 2715
 []


Overfull \hbox (4.49997pt too wide) detected at line 6542
 []\T1/qtm/m/n/10 2715
 []


Overfull \hbox (4.49997pt too wide) detected at line 6543
 []\T1/qtm/m/n/10 2715
 []


Overfull \hbox (4.49997pt too wide) detected at line 6544
 []\T1/qtm/m/n/10 2715
 []


Overfull \hbox (4.49997pt too wide) detected at line 6545
 []\T1/qtm/m/n/10 2715
 []


Overfull \hbox (4.49997pt too wide) detected at line 6546
 []\T1/qtm/m/n/10 2716
 []


Overfull \hbox (4.49997pt too wide) detected at line 6547
 []\T1/qtm/m/n/10 2716
 []


Overfull \hbox (4.49997pt too wide) detected at line 6548
 []\T1/qtm/m/n/10 2717
 []


Overfull \hbox (4.49997pt too wide) detected at line 6549
 []\T1/qtm/m/n/10 2717
 []


Overfull \hbox (4.49997pt too wide) detected at line 6550
 []\T1/qtm/m/n/10 2718
 []


Overfull \hbox (4.49997pt too wide) detected at line 6551
 []\T1/qtm/m/n/10 2718
 []


Overfull \hbox (4.49997pt too wide) detected at line 6552
 []\T1/qtm/m/n/10 2718
 []


Overfull \hbox (4.49997pt too wide) detected at line 6553
 []\T1/qtm/m/n/10 2718
 []


Overfull \hbox (4.49997pt too wide) detected at line 6554
 []\T1/qtm/m/n/10 2718
 []


Overfull \hbox (4.49997pt too wide) detected at line 6555
 []\T1/qtm/m/n/10 2718
 []


Overfull \hbox (4.49997pt too wide) detected at line 6556
 []\T1/qtm/m/n/10 2719
 []


Overfull \hbox (4.49997pt too wide) detected at line 6557
 []\T1/qtm/m/n/10 2720
 []


Overfull \hbox (4.49997pt too wide) detected at line 6558
 []\T1/qtm/m/n/10 2720
 []


Overfull \hbox (4.49997pt too wide) detected at line 6559
 []\T1/qtm/m/n/10 2720
 []


Overfull \hbox (4.49997pt too wide) detected at line 6560
 []\T1/qtm/m/n/10 2720
 []


Overfull \hbox (4.49997pt too wide) detected at line 6561
 []\T1/qtm/m/n/10 2720
 []


Overfull \hbox (4.49997pt too wide) detected at line 6562
 []\T1/qtm/m/n/10 2720
 []


Overfull \hbox (4.49997pt too wide) detected at line 6563
 []\T1/qtm/m/n/10 2720
 []


Overfull \hbox (4.49997pt too wide) detected at line 6564
 []\T1/qtm/m/n/10 2721
 []


Overfull \hbox (4.49997pt too wide) detected at line 6565
 []\T1/qtm/m/n/10 2721
 []


Overfull \hbox (4.49997pt too wide) detected at line 6566
 []\T1/qtm/m/n/10 2721
 []


Overfull \hbox (4.49997pt too wide) detected at line 6567
 []\T1/qtm/m/n/10 2721
 []


Overfull \hbox (4.49997pt too wide) detected at line 6569
 []\T1/qtm/m/n/10 2723
 []


Overfull \hbox (4.49997pt too wide) detected at line 6570
 []\T1/qtm/m/n/10 2723
 []


Overfull \hbox (4.49997pt too wide) detected at line 6571
 []\T1/qtm/m/n/10 2724
 []


Overfull \hbox (4.49997pt too wide) detected at line 6572
 []\T1/qtm/m/n/10 2724
 []


Overfull \hbox (4.49997pt too wide) detected at line 6573
 []\T1/qtm/m/n/10 2726
 []


Overfull \hbox (4.49997pt too wide) detected at line 6574
 []\T1/qtm/m/n/10 2726
 []


Overfull \hbox (4.49997pt too wide) detected at line 6575
 []\T1/qtm/m/n/10 2726
 []


Overfull \hbox (4.49997pt too wide) detected at line 6576
 []\T1/qtm/m/n/10 2726
 []


Overfull \hbox (4.49997pt too wide) detected at line 6577
 []\T1/qtm/m/n/10 2727
 []


Overfull \hbox (4.49997pt too wide) detected at line 6578
 []\T1/qtm/m/n/10 2727
 []


Overfull \hbox (4.49997pt too wide) detected at line 6579
 []\T1/qtm/m/n/10 2727
 []


Overfull \hbox (4.49997pt too wide) detected at line 6580
 []\T1/qtm/m/n/10 2727
 []


Overfull \hbox (4.49997pt too wide) detected at line 6581
 []\T1/qtm/m/n/10 2729
 []


Overfull \hbox (4.49997pt too wide) detected at line 6582
 []\T1/qtm/m/n/10 2729
 []


Overfull \hbox (4.49997pt too wide) detected at line 6583
 []\T1/qtm/m/n/10 2729
 []


Overfull \hbox (4.49997pt too wide) detected at line 6584
 []\T1/qtm/m/n/10 2729
 []


Overfull \hbox (4.49997pt too wide) detected at line 6585
 []\T1/qtm/m/n/10 2730
 []


Overfull \hbox (4.49997pt too wide) detected at line 6586
 []\T1/qtm/m/n/10 2730
 []


Overfull \hbox (4.49997pt too wide) detected at line 6587
 []\T1/qtm/m/n/10 2730
 []

[109]
Overfull \hbox (4.49997pt too wide) detected at line 6588
 []\T1/qtm/m/n/10 2730
 []


Overfull \hbox (4.49997pt too wide) detected at line 6589
 []\T1/qtm/m/n/10 2731
 []


Overfull \hbox (4.49997pt too wide) detected at line 6590
 []\T1/qtm/m/n/10 2731
 []


Overfull \hbox (4.49997pt too wide) detected at line 6591
 []\T1/qtm/m/n/10 2731
 []


Overfull \hbox (4.49997pt too wide) detected at line 6592
 []\T1/qtm/m/n/10 2731
 []


Overfull \hbox (4.49997pt too wide) detected at line 6593
 []\T1/qtm/m/n/10 2731
 []


Overfull \hbox (4.49997pt too wide) detected at line 6594
 []\T1/qtm/m/n/10 2731
 []


Overfull \hbox (4.49997pt too wide) detected at line 6595
 []\T1/qtm/m/n/10 2731
 []


Overfull \hbox (4.49997pt too wide) detected at line 6596
 []\T1/qtm/m/n/10 2731
 []


Overfull \hbox (4.49997pt too wide) detected at line 6597
 []\T1/qtm/m/n/10 2732
 []


Overfull \hbox (4.49997pt too wide) detected at line 6598
 []\T1/qtm/m/n/10 2733
 []


Overfull \hbox (4.49997pt too wide) detected at line 6599
 []\T1/qtm/m/n/10 2733
 []


Overfull \hbox (4.49997pt too wide) detected at line 6600
 []\T1/qtm/m/n/10 2733
 []


Overfull \hbox (4.49997pt too wide) detected at line 6601
 []\T1/qtm/m/n/10 2733
 []


Overfull \hbox (4.49997pt too wide) detected at line 6602
 []\T1/qtm/m/n/10 2733
 []


Overfull \hbox (4.49997pt too wide) detected at line 6603
 []\T1/qtm/m/n/10 2733
 []


Overfull \hbox (4.49997pt too wide) detected at line 6604
 []\T1/qtm/m/n/10 2734
 []


Overfull \hbox (4.49997pt too wide) detected at line 6605
 []\T1/qtm/m/n/10 2734
 []


Overfull \hbox (4.49997pt too wide) detected at line 6606
 []\T1/qtm/m/n/10 2734
 []


Overfull \hbox (4.49997pt too wide) detected at line 6607
 []\T1/qtm/m/n/10 2734
 []


Overfull \hbox (4.49997pt too wide) detected at line 6608
 []\T1/qtm/m/n/10 2734
 []


Overfull \hbox (4.49997pt too wide) detected at line 6609
 []\T1/qtm/m/n/10 2734
 []


Overfull \hbox (4.49997pt too wide) detected at line 6610
 []\T1/qtm/m/n/10 2735
 []


Overfull \hbox (4.49997pt too wide) detected at line 6611
 []\T1/qtm/m/n/10 2735
 []


Overfull \hbox (4.49997pt too wide) detected at line 6612
 []\T1/qtm/m/n/10 2735
 []


Overfull \hbox (4.49997pt too wide) detected at line 6613
 []\T1/qtm/m/n/10 2735
 []


Overfull \hbox (4.49997pt too wide) detected at line 6614
 []\T1/qtm/m/n/10 2735
 []


Overfull \hbox (4.49997pt too wide) detected at line 6615
 []\T1/qtm/m/n/10 2736
 []


Overfull \hbox (4.49997pt too wide) detected at line 6616
 []\T1/qtm/m/n/10 2736
 []


Overfull \hbox (4.49997pt too wide) detected at line 6617
 []\T1/qtm/m/n/10 2736
 []


Overfull \hbox (4.49997pt too wide) detected at line 6618
 []\T1/qtm/m/n/10 2736
 []


Overfull \hbox (4.49997pt too wide) detected at line 6619
 []\T1/qtm/m/n/10 2737
 []


Overfull \hbox (4.49997pt too wide) detected at line 6620
 []\T1/qtm/m/n/10 2737
 []


Overfull \hbox (4.49997pt too wide) detected at line 6621
 []\T1/qtm/m/n/10 2737
 []


Overfull \hbox (4.49997pt too wide) detected at line 6622
 []\T1/qtm/m/n/10 2737
 []


Overfull \hbox (4.49997pt too wide) detected at line 6623
 []\T1/qtm/m/n/10 2737
 []


Overfull \hbox (4.49997pt too wide) detected at line 6624
 []\T1/qtm/m/n/10 2737
 []


Overfull \hbox (4.49997pt too wide) detected at line 6625
 []\T1/qtm/m/n/10 2738
 []


Overfull \hbox (4.49997pt too wide) detected at line 6626
 []\T1/qtm/m/n/10 2738
 []


Overfull \hbox (4.49997pt too wide) detected at line 6627
 []\T1/qtm/m/n/10 2738
 []


Overfull \hbox (4.49997pt too wide) detected at line 6628
 []\T1/qtm/m/n/10 2738
 []


Overfull \hbox (4.49997pt too wide) detected at line 6629
 []\T1/qtm/m/n/10 2738
 []


Overfull \hbox (4.49997pt too wide) detected at line 6630
 []\T1/qtm/m/n/10 2738
 []


Overfull \hbox (4.49997pt too wide) detected at line 6631
 []\T1/qtm/m/n/10 2738
 []


Overfull \hbox (4.49997pt too wide) detected at line 6632
 []\T1/qtm/m/n/10 2739
 []


Overfull \hbox (4.49997pt too wide) detected at line 6633
 []\T1/qtm/m/n/10 2739
 []


Overfull \hbox (4.49997pt too wide) detected at line 6634
 []\T1/qtm/m/n/10 2739
 []


Overfull \hbox (4.49997pt too wide) detected at line 6635
 []\T1/qtm/m/n/10 2739
 []


Overfull \hbox (4.49997pt too wide) detected at line 6636
 []\T1/qtm/m/n/10 2739
 []


Overfull \hbox (4.49997pt too wide) detected at line 6637
 []\T1/qtm/m/n/10 2739
 []


Overfull \hbox (4.49997pt too wide) detected at line 6638
 []\T1/qtm/m/n/10 2739
 []


Overfull \hbox (4.49997pt too wide) detected at line 6639
 []\T1/qtm/m/n/10 2740
 []


Overfull \hbox (4.49997pt too wide) detected at line 6640
 []\T1/qtm/m/n/10 2740
 []


Overfull \hbox (4.49997pt too wide) detected at line 6641
 []\T1/qtm/m/n/10 2740
 []

[110]
Overfull \hbox (4.49997pt too wide) detected at line 6642
 []\T1/qtm/m/n/10 2740
 []


Overfull \hbox (4.49997pt too wide) detected at line 6643
 []\T1/qtm/m/n/10 2741
 []


Overfull \hbox (4.49997pt too wide) detected at line 6644
 []\T1/qtm/m/n/10 2741
 []


Overfull \hbox (4.49997pt too wide) detected at line 6645
 []\T1/qtm/m/n/10 2741
 []


Overfull \hbox (4.49997pt too wide) detected at line 6646
 []\T1/qtm/m/n/10 2741
 []


Overfull \hbox (4.49997pt too wide) detected at line 6647
 []\T1/qtm/m/n/10 2742
 []


Overfull \hbox (4.49997pt too wide) detected at line 6648
 []\T1/qtm/m/n/10 2742
 []


Overfull \hbox (4.49997pt too wide) detected at line 6649
 []\T1/qtm/m/n/10 2742
 []


Overfull \hbox (4.49997pt too wide) detected at line 6650
 []\T1/qtm/m/n/10 2742
 []


Overfull \hbox (4.49997pt too wide) detected at line 6651
 []\T1/qtm/m/n/10 2742
 []


Overfull \hbox (4.49997pt too wide) detected at line 6652
 []\T1/qtm/m/n/10 2742
 []


Overfull \hbox (4.49997pt too wide) detected at line 6653
 []\T1/qtm/m/n/10 2742
 []


Overfull \hbox (4.49997pt too wide) detected at line 6654
 []\T1/qtm/m/n/10 2743
 []


Overfull \hbox (4.49997pt too wide) detected at line 6655
 []\T1/qtm/m/n/10 2743
 []


Overfull \hbox (4.49997pt too wide) detected at line 6656
 []\T1/qtm/m/n/10 2743
 []


Overfull \hbox (4.49997pt too wide) detected at line 6657
 []\T1/qtm/m/n/10 2743
 []


Overfull \hbox (4.49997pt too wide) detected at line 6658
 []\T1/qtm/m/n/10 2744
 []


Overfull \hbox (4.49997pt too wide) detected at line 6659
 []\T1/qtm/m/n/10 2744
 []


Overfull \hbox (4.49997pt too wide) detected at line 6660
 []\T1/qtm/m/n/10 2744
 []


Overfull \hbox (4.49997pt too wide) detected at line 6661
 []\T1/qtm/m/n/10 2745
 []


Overfull \hbox (4.49997pt too wide) detected at line 6662
 []\T1/qtm/m/n/10 2746
 []


Overfull \hbox (4.49997pt too wide) detected at line 6663
 []\T1/qtm/m/n/10 2746
 []


Overfull \hbox (4.49997pt too wide) detected at line 6664
 []\T1/qtm/m/n/10 2746
 []


Overfull \hbox (4.49997pt too wide) detected at line 6665
 []\T1/qtm/m/n/10 2746
 []


Overfull \hbox (4.49997pt too wide) detected at line 6666
 []\T1/qtm/m/n/10 2746
 []


Overfull \hbox (4.49997pt too wide) detected at line 6667
 []\T1/qtm/m/n/10 2746
 []


Overfull \hbox (4.49997pt too wide) detected at line 6668
 []\T1/qtm/m/n/10 2747
 []


Overfull \hbox (4.49997pt too wide) detected at line 6669
 []\T1/qtm/m/n/10 2747
 []


Overfull \hbox (4.49997pt too wide) detected at line 6670
 []\T1/qtm/m/n/10 2747
 []


Overfull \hbox (4.49997pt too wide) detected at line 6671
 []\T1/qtm/m/n/10 2747
 []


Overfull \hbox (4.49997pt too wide) detected at line 6672
 []\T1/qtm/m/n/10 2748
 []


Overfull \hbox (4.49997pt too wide) detected at line 6673
 []\T1/qtm/m/n/10 2748
 []


Overfull \hbox (4.49997pt too wide) detected at line 6674
 []\T1/qtm/m/n/10 2748
 []


Overfull \hbox (4.49997pt too wide) detected at line 6675
 []\T1/qtm/m/n/10 2748
 []


Overfull \hbox (4.49997pt too wide) detected at line 6676
 []\T1/qtm/m/n/10 2748
 []


Overfull \hbox (4.49997pt too wide) detected at line 6677
 []\T1/qtm/m/n/10 2748
 []


Overfull \hbox (4.49997pt too wide) detected at line 6678
 []\T1/qtm/m/n/10 2748
 []


Overfull \hbox (4.49997pt too wide) detected at line 6679
 []\T1/qtm/m/n/10 2749
 []


Overfull \hbox (4.49997pt too wide) detected at line 6680
 []\T1/qtm/m/n/10 2749
 []


Overfull \hbox (4.49997pt too wide) detected at line 6681
 []\T1/qtm/m/n/10 2749
 []


Overfull \hbox (4.49997pt too wide) detected at line 6682
 []\T1/qtm/m/n/10 2749
 []


Overfull \hbox (4.49997pt too wide) detected at line 6683
 []\T1/qtm/m/n/10 2750
 []


Overfull \hbox (4.49997pt too wide) detected at line 6684
 []\T1/qtm/m/n/10 2750
 []


Overfull \hbox (4.49997pt too wide) detected at line 6685
 []\T1/qtm/m/n/10 2750
 []


Overfull \hbox (4.49997pt too wide) detected at line 6686
 []\T1/qtm/m/n/10 2750
 []


Overfull \hbox (4.49997pt too wide) detected at line 6687
 []\T1/qtm/m/n/10 2750
 []


Overfull \hbox (4.49997pt too wide) detected at line 6688
 []\T1/qtm/m/n/10 2750
 []


Overfull \hbox (4.49997pt too wide) detected at line 6689
 []\T1/qtm/m/n/10 2750
 []


Overfull \hbox (4.49997pt too wide) detected at line 6690
 []\T1/qtm/m/n/10 2750
 []


Overfull \hbox (4.49997pt too wide) detected at line 6691
 []\T1/qtm/m/n/10 2750
 []


Overfull \hbox (4.49997pt too wide) detected at line 6692
 []\T1/qtm/m/n/10 2751
 []


Overfull \hbox (4.49997pt too wide) detected at line 6693
 []\T1/qtm/m/n/10 2751
 []


Overfull \hbox (4.49997pt too wide) detected at line 6694
 []\T1/qtm/m/n/10 2751
 []


Overfull \hbox (4.49997pt too wide) detected at line 6695
 []\T1/qtm/m/n/10 2751
 []

[111]
Overfull \hbox (4.49997pt too wide) detected at line 6696
 []\T1/qtm/m/n/10 2751
 []


Overfull \hbox (4.49997pt too wide) detected at line 6697
 []\T1/qtm/m/n/10 2752
 []


Overfull \hbox (4.49997pt too wide) detected at line 6698
 []\T1/qtm/m/n/10 2752
 []


Overfull \hbox (4.49997pt too wide) detected at line 6699
 []\T1/qtm/m/n/10 2752
 []


Overfull \hbox (4.49997pt too wide) detected at line 6700
 []\T1/qtm/m/n/10 2752
 []


Overfull \hbox (4.49997pt too wide) detected at line 6701
 []\T1/qtm/m/n/10 2752
 []


Overfull \hbox (4.49997pt too wide) detected at line 6702
 []\T1/qtm/m/n/10 2752
 []


Overfull \hbox (4.49997pt too wide) detected at line 6703
 []\T1/qtm/m/n/10 2752
 []


Overfull \hbox (4.49997pt too wide) detected at line 6704
 []\T1/qtm/m/n/10 2752
 []


Overfull \hbox (4.49997pt too wide) detected at line 6705
 []\T1/qtm/m/n/10 2753
 []


Overfull \hbox (4.49997pt too wide) detected at line 6706
 []\T1/qtm/m/n/10 2754
 []


Overfull \hbox (4.49997pt too wide) detected at line 6707
 []\T1/qtm/m/n/10 2755
 []


Overfull \hbox (4.49997pt too wide) detected at line 6708
 []\T1/qtm/m/n/10 2755
 []


Overfull \hbox (4.49997pt too wide) detected at line 6709
 []\T1/qtm/m/n/10 2755
 []


Overfull \hbox (4.49997pt too wide) detected at line 6710
 []\T1/qtm/m/n/10 2755
 []


Overfull \hbox (4.49997pt too wide) detected at line 6711
 []\T1/qtm/m/n/10 2755
 []


Overfull \hbox (4.49997pt too wide) detected at line 6712
 []\T1/qtm/m/n/10 2755
 []


Overfull \hbox (4.49997pt too wide) detected at line 6713
 []\T1/qtm/m/n/10 2756
 []


Overfull \hbox (4.49997pt too wide) detected at line 6714
 []\T1/qtm/m/n/10 2757
 []


Overfull \hbox (4.49997pt too wide) detected at line 6715
 []\T1/qtm/m/n/10 2757
 []


Overfull \hbox (4.49997pt too wide) detected at line 6716
 []\T1/qtm/m/n/10 2757
 []


Overfull \hbox (4.49997pt too wide) detected at line 6717
 []\T1/qtm/m/n/10 2757
 []


Overfull \hbox (4.49997pt too wide) detected at line 6718
 []\T1/qtm/m/n/10 2757
 []


Overfull \hbox (4.49997pt too wide) detected at line 6719
 []\T1/qtm/m/n/10 2758
 []


Overfull \hbox (4.49997pt too wide) detected at line 6720
 []\T1/qtm/m/n/10 2758
 []


Overfull \hbox (4.49997pt too wide) detected at line 6721
 []\T1/qtm/m/n/10 2759
 []


Overfull \hbox (4.49997pt too wide) detected at line 6722
 []\T1/qtm/m/n/10 2759
 []


Overfull \hbox (4.49997pt too wide) detected at line 6723
 []\T1/qtm/m/n/10 2759
 []


Overfull \hbox (4.49997pt too wide) detected at line 6724
 []\T1/qtm/m/n/10 2759
 []


Overfull \hbox (4.49997pt too wide) detected at line 6725
 []\T1/qtm/m/n/10 2760
 []


Overfull \hbox (4.49997pt too wide) detected at line 6726
 []\T1/qtm/m/n/10 2760
 []


Overfull \hbox (4.49997pt too wide) detected at line 6727
 []\T1/qtm/m/n/10 2760
 []


Overfull \hbox (4.49997pt too wide) detected at line 6728
 []\T1/qtm/m/n/10 2760
 []


Overfull \hbox (4.49997pt too wide) detected at line 6729
 []\T1/qtm/m/n/10 2761
 []


Overfull \hbox (4.49997pt too wide) detected at line 6730
 []\T1/qtm/m/n/10 2761
 []


Overfull \hbox (4.49997pt too wide) detected at line 6731
 []\T1/qtm/m/n/10 2761
 []


Overfull \hbox (4.49997pt too wide) detected at line 6732
 []\T1/qtm/m/n/10 2761
 []


Overfull \hbox (4.49997pt too wide) detected at line 6733
 []\T1/qtm/m/n/10 2761
 []


Overfull \hbox (4.49997pt too wide) detected at line 6734
 []\T1/qtm/m/n/10 2761
 []


Overfull \hbox (4.49997pt too wide) detected at line 6735
 []\T1/qtm/m/n/10 2761
 []


Overfull \hbox (4.49997pt too wide) detected at line 6736
 []\T1/qtm/m/n/10 2763
 []


Overfull \hbox (4.49997pt too wide) detected at line 6737
 []\T1/qtm/m/n/10 2763
 []


Overfull \hbox (4.49997pt too wide) detected at line 6738
 []\T1/qtm/m/n/10 2763
 []


Overfull \hbox (4.49997pt too wide) detected at line 6739
 []\T1/qtm/m/n/10 2763
 []


Overfull \hbox (4.49997pt too wide) detected at line 6740
 []\T1/qtm/m/n/10 2763
 []


Overfull \hbox (4.49997pt too wide) detected at line 6741
 []\T1/qtm/m/n/10 2763
 []


Overfull \hbox (4.49997pt too wide) detected at line 6742
 []\T1/qtm/m/n/10 2764
 []


Overfull \hbox (4.49997pt too wide) detected at line 6743
 []\T1/qtm/m/n/10 2764
 []


Overfull \hbox (4.49997pt too wide) detected at line 6744
 []\T1/qtm/m/n/10 2764
 []


Overfull \hbox (4.49997pt too wide) detected at line 6745
 []\T1/qtm/m/n/10 2764
 []


Overfull \hbox (4.49997pt too wide) detected at line 6746
 []\T1/qtm/m/n/10 2764
 []


Overfull \hbox (4.49997pt too wide) detected at line 6748
 []\T1/qtm/m/n/10 2765
 []

[112]
Overfull \hbox (4.49997pt too wide) detected at line 6749
 []\T1/qtm/m/n/10 2765
 []


Overfull \hbox (4.49997pt too wide) detected at line 6750
 []\T1/qtm/m/n/10 2765
 []


Overfull \hbox (4.49997pt too wide) detected at line 6751
 []\T1/qtm/m/n/10 2765
 []


Overfull \hbox (4.49997pt too wide) detected at line 6752
 []\T1/qtm/m/n/10 2767
 []


Overfull \hbox (4.49997pt too wide) detected at line 6753
 []\T1/qtm/m/n/10 2767
 []


Overfull \hbox (4.49997pt too wide) detected at line 6754
 []\T1/qtm/m/n/10 2767
 []


Overfull \hbox (4.49997pt too wide) detected at line 6755
 []\T1/qtm/m/n/10 2767
 []


Overfull \hbox (4.49997pt too wide) detected at line 6756
 []\T1/qtm/m/n/10 2767
 []


Overfull \hbox (4.49997pt too wide) detected at line 6757
 []\T1/qtm/m/n/10 2767
 []


Overfull \hbox (4.49997pt too wide) detected at line 6758
 []\T1/qtm/m/n/10 2767
 []


Overfull \hbox (4.49997pt too wide) detected at line 6759
 []\T1/qtm/m/n/10 2768
 []


Overfull \hbox (4.49997pt too wide) detected at line 6760
 []\T1/qtm/m/n/10 2768
 []


Overfull \hbox (4.49997pt too wide) detected at line 6761
 []\T1/qtm/m/n/10 2768
 []


Overfull \hbox (4.49997pt too wide) detected at line 6762
 []\T1/qtm/m/n/10 2768
 []


Overfull \hbox (4.49997pt too wide) detected at line 6763
 []\T1/qtm/m/n/10 2768
 []


Overfull \hbox (4.49997pt too wide) detected at line 6764
 []\T1/qtm/m/n/10 2768
 []


Overfull \hbox (4.49997pt too wide) detected at line 6765
 []\T1/qtm/m/n/10 2769
 []


Overfull \hbox (4.49997pt too wide) detected at line 6766
 []\T1/qtm/m/n/10 2769
 []


Overfull \hbox (4.49997pt too wide) detected at line 6767
 []\T1/qtm/m/n/10 2771
 []


Overfull \hbox (4.49997pt too wide) detected at line 6768
 []\T1/qtm/m/n/10 2771
 []


Overfull \hbox (4.49997pt too wide) detected at line 6769
 []\T1/qtm/m/n/10 2771
 []


Overfull \hbox (4.49997pt too wide) detected at line 6770
 []\T1/qtm/m/n/10 2771
 []


Overfull \hbox (4.49997pt too wide) detected at line 6771
 []\T1/qtm/m/n/10 2771
 []


Overfull \hbox (4.49997pt too wide) detected at line 6772
 []\T1/qtm/m/n/10 2771
 []


Overfull \hbox (4.49997pt too wide) detected at line 6773
 []\T1/qtm/m/n/10 2771
 []


Overfull \hbox (4.49997pt too wide) detected at line 6774
 []\T1/qtm/m/n/10 2772
 []


Overfull \hbox (4.49997pt too wide) detected at line 6775
 []\T1/qtm/m/n/10 2772
 []


Overfull \hbox (4.49997pt too wide) detected at line 6776
 []\T1/qtm/m/n/10 2772
 []


Overfull \hbox (4.49997pt too wide) detected at line 6777
 []\T1/qtm/m/n/10 2772
 []


Overfull \hbox (4.49997pt too wide) detected at line 6778
 []\T1/qtm/m/n/10 2772
 []


Overfull \hbox (4.49997pt too wide) detected at line 6779
 []\T1/qtm/m/n/10 2772
 []


Overfull \hbox (4.49997pt too wide) detected at line 6780
 []\T1/qtm/m/n/10 2772
 []


Overfull \hbox (4.49997pt too wide) detected at line 6781
 []\T1/qtm/m/n/10 2773
 []


Overfull \hbox (4.49997pt too wide) detected at line 6782
 []\T1/qtm/m/n/10 2773
 []


Overfull \hbox (4.49997pt too wide) detected at line 6783
 []\T1/qtm/m/n/10 2773
 []


Overfull \hbox (4.49997pt too wide) detected at line 6784
 []\T1/qtm/m/n/10 2773
 []


Overfull \hbox (4.49997pt too wide) detected at line 6785
 []\T1/qtm/m/n/10 2773
 []


Overfull \hbox (4.49997pt too wide) detected at line 6786
 []\T1/qtm/m/n/10 2773
 []


Overfull \hbox (4.49997pt too wide) detected at line 6787
 []\T1/qtm/m/n/10 2773
 []


Overfull \hbox (4.49997pt too wide) detected at line 6788
 []\T1/qtm/m/n/10 2774
 []


Overfull \hbox (4.49997pt too wide) detected at line 6789
 []\T1/qtm/m/n/10 2774
 []


Overfull \hbox (4.49997pt too wide) detected at line 6790
 []\T1/qtm/m/n/10 2774
 []


Overfull \hbox (4.49997pt too wide) detected at line 6791
 []\T1/qtm/m/n/10 2774
 []


Overfull \hbox (4.49997pt too wide) detected at line 6792
 []\T1/qtm/m/n/10 2774
 []


Overfull \hbox (4.49997pt too wide) detected at line 6793
 []\T1/qtm/m/n/10 2775
 []


Overfull \hbox (4.49997pt too wide) detected at line 6794
 []\T1/qtm/m/n/10 2775
 []


Overfull \hbox (4.49997pt too wide) detected at line 6795
 []\T1/qtm/m/n/10 2775
 []


Overfull \hbox (4.49997pt too wide) detected at line 6796
 []\T1/qtm/m/n/10 2776
 []


Overfull \hbox (4.49997pt too wide) detected at line 6797
 []\T1/qtm/m/n/10 2776
 []


Overfull \hbox (4.49997pt too wide) detected at line 6798
 []\T1/qtm/m/n/10 2776
 []


Overfull \hbox (4.49997pt too wide) detected at line 6799
 []\T1/qtm/m/n/10 2776
 []


Overfull \hbox (4.49997pt too wide) detected at line 6800
 []\T1/qtm/m/n/10 2776
 []


Overfull \hbox (4.49997pt too wide) detected at line 6801
 []\T1/qtm/m/n/10 2776
 []


Overfull \hbox (4.49997pt too wide) detected at line 6802
 []\T1/qtm/m/n/10 2777
 []

[113]
Overfull \hbox (4.49997pt too wide) detected at line 6803
 []\T1/qtm/m/n/10 2777
 []


Overfull \hbox (4.49997pt too wide) detected at line 6804
 []\T1/qtm/m/n/10 2777
 []


Overfull \hbox (4.49997pt too wide) detected at line 6805
 []\T1/qtm/m/n/10 2777
 []


Overfull \hbox (4.49997pt too wide) detected at line 6806
 []\T1/qtm/m/n/10 2777
 []


Overfull \hbox (4.49997pt too wide) detected at line 6807
 []\T1/qtm/m/n/10 2777
 []


Overfull \hbox (4.49997pt too wide) detected at line 6808
 []\T1/qtm/m/n/10 2777
 []


Overfull \hbox (4.49997pt too wide) detected at line 6809
 []\T1/qtm/m/n/10 2778
 []


Overfull \hbox (4.49997pt too wide) detected at line 6810
 []\T1/qtm/m/n/10 2778
 []


Overfull \hbox (4.49997pt too wide) detected at line 6811
 []\T1/qtm/m/n/10 2778
 []


Overfull \hbox (4.49997pt too wide) detected at line 6812
 []\T1/qtm/m/n/10 2778
 []


Overfull \hbox (4.49997pt too wide) detected at line 6813
 []\T1/qtm/m/n/10 2778
 []


Overfull \hbox (4.49997pt too wide) detected at line 6814
 []\T1/qtm/m/n/10 2778
 []


Overfull \hbox (4.49997pt too wide) detected at line 6815
 []\T1/qtm/m/n/10 2779
 []


Overfull \hbox (4.49997pt too wide) detected at line 6816
 []\T1/qtm/m/n/10 2779
 []


Overfull \hbox (4.49997pt too wide) detected at line 6817
 []\T1/qtm/m/n/10 2779
 []


Overfull \hbox (4.49997pt too wide) detected at line 6818
 []\T1/qtm/m/n/10 2779
 []


Overfull \hbox (4.49997pt too wide) detected at line 6819
 []\T1/qtm/m/n/10 2780
 []


Overfull \hbox (4.49997pt too wide) detected at line 6820
 []\T1/qtm/m/n/10 2780
 []


Overfull \hbox (4.49997pt too wide) detected at line 6821
 []\T1/qtm/m/n/10 2780
 []


Overfull \hbox (4.49997pt too wide) detected at line 6822
 []\T1/qtm/m/n/10 2780
 []


Overfull \hbox (4.49997pt too wide) detected at line 6823
 []\T1/qtm/m/n/10 2781
 []


Overfull \hbox (4.49997pt too wide) detected at line 6824
 []\T1/qtm/m/n/10 2781
 []


Overfull \hbox (4.49997pt too wide) detected at line 6825
 []\T1/qtm/m/n/10 2781
 []


Overfull \hbox (4.49997pt too wide) detected at line 6826
 []\T1/qtm/m/n/10 2781
 []


Overfull \hbox (4.49997pt too wide) detected at line 6827
 []\T1/qtm/m/n/10 2781
 []


Overfull \hbox (4.49997pt too wide) detected at line 6828
 []\T1/qtm/m/n/10 2781
 []


Overfull \hbox (4.49997pt too wide) detected at line 6829
 []\T1/qtm/m/n/10 2781
 []


Overfull \hbox (4.49997pt too wide) detected at line 6830
 []\T1/qtm/m/n/10 2782
 []


Overfull \hbox (4.49997pt too wide) detected at line 6831
 []\T1/qtm/m/n/10 2782
 []


Overfull \hbox (4.49997pt too wide) detected at line 6832
 []\T1/qtm/m/n/10 2782
 []


Overfull \hbox (4.49997pt too wide) detected at line 6833
 []\T1/qtm/m/n/10 2782
 []


Overfull \hbox (4.49997pt too wide) detected at line 6834
 []\T1/qtm/m/n/10 2782
 []


Overfull \hbox (4.49997pt too wide) detected at line 6835
 []\T1/qtm/m/n/10 2782
 []


Overfull \hbox (4.49997pt too wide) detected at line 6836
 []\T1/qtm/m/n/10 2782
 []


Overfull \hbox (4.49997pt too wide) detected at line 6837
 []\T1/qtm/m/n/10 2783
 []


Overfull \hbox (4.49997pt too wide) detected at line 6838
 []\T1/qtm/m/n/10 2784
 []


Overfull \hbox (4.49997pt too wide) detected at line 6839
 []\T1/qtm/m/n/10 2784
 []


Overfull \hbox (4.49997pt too wide) detected at line 6840
 []\T1/qtm/m/n/10 2784
 []


Overfull \hbox (4.49997pt too wide) detected at line 6841
 []\T1/qtm/m/n/10 2784
 []


Overfull \hbox (4.49997pt too wide) detected at line 6842
 []\T1/qtm/m/n/10 2784
 []


Overfull \hbox (4.49997pt too wide) detected at line 6843
 []\T1/qtm/m/n/10 2784
 []


Overfull \hbox (4.49997pt too wide) detected at line 6844
 []\T1/qtm/m/n/10 2785
 []


Overfull \hbox (4.49997pt too wide) detected at line 6845
 []\T1/qtm/m/n/10 2785
 []


Overfull \hbox (4.49997pt too wide) detected at line 6846
 []\T1/qtm/m/n/10 2785
 []


Overfull \hbox (4.49997pt too wide) detected at line 6847
 []\T1/qtm/m/n/10 2785
 []


Overfull \hbox (4.49997pt too wide) detected at line 6848
 []\T1/qtm/m/n/10 2785
 []


Overfull \hbox (4.49997pt too wide) detected at line 6849
 []\T1/qtm/m/n/10 2785
 []


Overfull \hbox (4.49997pt too wide) detected at line 6850
 []\T1/qtm/m/n/10 2786
 []


Overfull \hbox (4.49997pt too wide) detected at line 6851
 []\T1/qtm/m/n/10 2786
 []


Overfull \hbox (4.49997pt too wide) detected at line 6852
 []\T1/qtm/m/n/10 2786
 []


Overfull \hbox (4.49997pt too wide) detected at line 6853
 []\T1/qtm/m/n/10 2786
 []


Overfull \hbox (4.49997pt too wide) detected at line 6854
 []\T1/qtm/m/n/10 2786
 []


Overfull \hbox (4.49997pt too wide) detected at line 6855
 []\T1/qtm/m/n/10 2786
 []


Overfull \hbox (4.49997pt too wide) detected at line 6856
 []\T1/qtm/m/n/10 2787
 []

[114]
Overfull \hbox (4.49997pt too wide) detected at line 6857
 []\T1/qtm/m/n/10 2787
 []


Overfull \hbox (4.49997pt too wide) detected at line 6858
 []\T1/qtm/m/n/10 2787
 []


Overfull \hbox (4.49997pt too wide) detected at line 6859
 []\T1/qtm/m/n/10 2787
 []


Overfull \hbox (4.49997pt too wide) detected at line 6860
 []\T1/qtm/m/n/10 2787
 []


Overfull \hbox (4.49997pt too wide) detected at line 6861
 []\T1/qtm/m/n/10 2788
 []


Overfull \hbox (4.49997pt too wide) detected at line 6862
 []\T1/qtm/m/n/10 2788
 []


Overfull \hbox (4.49997pt too wide) detected at line 6863
 []\T1/qtm/m/n/10 2788
 []


Overfull \hbox (4.49997pt too wide) detected at line 6864
 []\T1/qtm/m/n/10 2788
 []


Overfull \hbox (4.49997pt too wide) detected at line 6865
 []\T1/qtm/m/n/10 2789
 []


Overfull \hbox (4.49997pt too wide) detected at line 6866
 []\T1/qtm/m/n/10 2789
 []


Overfull \hbox (4.49997pt too wide) detected at line 6867
 []\T1/qtm/m/n/10 2789
 []


Overfull \hbox (4.49997pt too wide) detected at line 6868
 []\T1/qtm/m/n/10 2789
 []


Overfull \hbox (4.49997pt too wide) detected at line 6869
 []\T1/qtm/m/n/10 2789
 []


Overfull \hbox (4.49997pt too wide) detected at line 6870
 []\T1/qtm/m/n/10 2789
 []


Overfull \hbox (4.49997pt too wide) detected at line 6871
 []\T1/qtm/m/n/10 2789
 []


Overfull \hbox (4.49997pt too wide) detected at line 6872
 []\T1/qtm/m/n/10 2790
 []


Overfull \hbox (4.49997pt too wide) detected at line 6873
 []\T1/qtm/m/n/10 2791
 []


Overfull \hbox (4.49997pt too wide) detected at line 6874
 []\T1/qtm/m/n/10 2791
 []


Overfull \hbox (4.49997pt too wide) detected at line 6875
 []\T1/qtm/m/n/10 2791
 []


Overfull \hbox (4.49997pt too wide) detected at line 6876
 []\T1/qtm/m/n/10 2791
 []


Overfull \hbox (4.49997pt too wide) detected at line 6877
 []\T1/qtm/m/n/10 2791
 []


Overfull \hbox (4.49997pt too wide) detected at line 6878
 []\T1/qtm/m/n/10 2791
 []


Overfull \hbox (4.49997pt too wide) detected at line 6879
 []\T1/qtm/m/n/10 2792
 []


Overfull \hbox (4.49997pt too wide) detected at line 6880
 []\T1/qtm/m/n/10 2793
 []


Overfull \hbox (4.49997pt too wide) detected at line 6881
 []\T1/qtm/m/n/10 2793
 []


Overfull \hbox (4.49997pt too wide) detected at line 6882
 []\T1/qtm/m/n/10 2793
 []


Overfull \hbox (4.49997pt too wide) detected at line 6883
 []\T1/qtm/m/n/10 2794
 []


Overfull \hbox (4.49997pt too wide) detected at line 6884
 []\T1/qtm/m/n/10 2794
 []


Overfull \hbox (4.49997pt too wide) detected at line 6885
 []\T1/qtm/m/n/10 2794
 []


Overfull \hbox (4.49997pt too wide) detected at line 6886
 []\T1/qtm/m/n/10 2794
 []


Overfull \hbox (4.49997pt too wide) detected at line 6887
 []\T1/qtm/m/n/10 2795
 []


Overfull \hbox (4.49997pt too wide) detected at line 6888
 []\T1/qtm/m/n/10 2795
 []


Overfull \hbox (4.49997pt too wide) detected at line 6889
 []\T1/qtm/m/n/10 2795
 []


Overfull \hbox (4.49997pt too wide) detected at line 6890
 []\T1/qtm/m/n/10 2796
 []


Overfull \hbox (4.49997pt too wide) detected at line 6891
 []\T1/qtm/m/n/10 2796
 []


Overfull \hbox (4.49997pt too wide) detected at line 6892
 []\T1/qtm/m/n/10 2796
 []


Overfull \hbox (4.49997pt too wide) detected at line 6893
 []\T1/qtm/m/n/10 2796
 []


Overfull \hbox (4.49997pt too wide) detected at line 6894
 []\T1/qtm/m/n/10 2796
 []


Overfull \hbox (4.49997pt too wide) detected at line 6895
 []\T1/qtm/m/n/10 2796
 []


Overfull \hbox (4.49997pt too wide) detected at line 6896
 []\T1/qtm/m/n/10 2796
 []


Overfull \hbox (4.49997pt too wide) detected at line 6897
 []\T1/qtm/m/n/10 2797
 []


Overfull \hbox (4.49997pt too wide) detected at line 6898
 []\T1/qtm/m/n/10 2797
 []


Overfull \hbox (4.49997pt too wide) detected at line 6899
 []\T1/qtm/m/n/10 2797
 []


Overfull \hbox (4.49997pt too wide) detected at line 6900
 []\T1/qtm/m/n/10 2797
 []


Overfull \hbox (4.49997pt too wide) detected at line 6901
 []\T1/qtm/m/n/10 2797
 []


Overfull \hbox (4.49997pt too wide) detected at line 6902
 []\T1/qtm/m/n/10 2797
 []


Overfull \hbox (4.49997pt too wide) detected at line 6903
 []\T1/qtm/m/n/10 2797
 []


Overfull \hbox (4.49997pt too wide) detected at line 6904
 []\T1/qtm/m/n/10 2797
 []


Overfull \hbox (4.49997pt too wide) detected at line 6905
 []\T1/qtm/m/n/10 2797
 []


Overfull \hbox (4.49997pt too wide) detected at line 6906
 []\T1/qtm/m/n/10 2798
 []


Overfull \hbox (4.49997pt too wide) detected at line 6907
 []\T1/qtm/m/n/10 2798
 []


Overfull \hbox (4.49997pt too wide) detected at line 6908
 []\T1/qtm/m/n/10 2798
 []


Overfull \hbox (4.49997pt too wide) detected at line 6909
 []\T1/qtm/m/n/10 2799
 []


Overfull \hbox (4.49997pt too wide) detected at line 6910
 []\T1/qtm/m/n/10 2799
 []

[115]
Overfull \hbox (4.49997pt too wide) detected at line 6911
 []\T1/qtm/m/n/10 2799
 []


Overfull \hbox (4.49997pt too wide) detected at line 6912
 []\T1/qtm/m/n/10 2799
 []


Overfull \hbox (4.49997pt too wide) detected at line 6913
 []\T1/qtm/m/n/10 2799
 []


Overfull \hbox (4.49997pt too wide) detected at line 6914
 []\T1/qtm/m/n/10 2799
 []


Overfull \hbox (4.49997pt too wide) detected at line 6915
 []\T1/qtm/m/n/10 2800
 []


Overfull \hbox (4.49997pt too wide) detected at line 6916
 []\T1/qtm/m/n/10 2800
 []


Overfull \hbox (4.49997pt too wide) detected at line 6917
 []\T1/qtm/m/n/10 2800
 []


Overfull \hbox (4.49997pt too wide) detected at line 6918
 []\T1/qtm/m/n/10 2800
 []


Overfull \hbox (4.49997pt too wide) detected at line 6919
 []\T1/qtm/m/n/10 2800
 []


Overfull \hbox (4.49997pt too wide) detected at line 6920
 []\T1/qtm/m/n/10 2800
 []


Overfull \hbox (4.49997pt too wide) detected at line 6921
 []\T1/qtm/m/n/10 2801
 []


Overfull \hbox (4.49997pt too wide) detected at line 6922
 []\T1/qtm/m/n/10 2802
 []


Overfull \hbox (4.49997pt too wide) detected at line 6923
 []\T1/qtm/m/n/10 2802
 []


Overfull \hbox (4.49997pt too wide) detected at line 6924
 []\T1/qtm/m/n/10 2802
 []


Overfull \hbox (4.49997pt too wide) detected at line 6925
 []\T1/qtm/m/n/10 2803
 []


Overfull \hbox (4.49997pt too wide) detected at line 6926
 []\T1/qtm/m/n/10 2803
 []


Overfull \hbox (4.49997pt too wide) detected at line 6927
 []\T1/qtm/m/n/10 2803
 []


Overfull \hbox (4.49997pt too wide) detected at line 6928
 []\T1/qtm/m/n/10 2803
 []


Overfull \hbox (4.49997pt too wide) detected at line 6929
 []\T1/qtm/m/n/10 2803
 []


Overfull \hbox (4.49997pt too wide) detected at line 6930
 []\T1/qtm/m/n/10 2803
 []


Overfull \hbox (4.49997pt too wide) detected at line 6931
 []\T1/qtm/m/n/10 2803
 []


Overfull \hbox (4.49997pt too wide) detected at line 6932
 []\T1/qtm/m/n/10 2804
 []


Overfull \hbox (4.49997pt too wide) detected at line 6934
 []\T1/qtm/m/n/10 2805
 []


Overfull \hbox (4.49997pt too wide) detected at line 6935
 []\T1/qtm/m/n/10 2805
 []


Overfull \hbox (4.49997pt too wide) detected at line 6936
 []\T1/qtm/m/n/10 2805
 []


Overfull \hbox (4.49997pt too wide) detected at line 6937
 []\T1/qtm/m/n/10 2805
 []


Overfull \hbox (4.49997pt too wide) detected at line 6938
 []\T1/qtm/m/n/10 2805
 []


Overfull \hbox (4.49997pt too wide) detected at line 6939
 []\T1/qtm/m/n/10 2807
 []


Overfull \hbox (4.49997pt too wide) detected at line 6940
 []\T1/qtm/m/n/10 2807
 []


Overfull \hbox (4.49997pt too wide) detected at line 6941
 []\T1/qtm/m/n/10 2807
 []


Overfull \hbox (4.49997pt too wide) detected at line 6942
 []\T1/qtm/m/n/10 2807
 []


Overfull \hbox (4.49997pt too wide) detected at line 6943
 []\T1/qtm/m/n/10 2807
 []


Overfull \hbox (4.49997pt too wide) detected at line 6944
 []\T1/qtm/m/n/10 2808
 []


Overfull \hbox (4.49997pt too wide) detected at line 6945
 []\T1/qtm/m/n/10 2808
 []


Overfull \hbox (4.49997pt too wide) detected at line 6946
 []\T1/qtm/m/n/10 2810
 []


Overfull \hbox (4.49997pt too wide) detected at line 6947
 []\T1/qtm/m/n/10 2810
 []


Overfull \hbox (4.49997pt too wide) detected at line 6948
 []\T1/qtm/m/n/10 2810
 []


Overfull \hbox (4.49997pt too wide) detected at line 6949
 []\T1/qtm/m/n/10 2810
 []


Overfull \hbox (4.49997pt too wide) detected at line 6950
 []\T1/qtm/m/n/10 2811
 []


Overfull \hbox (4.49997pt too wide) detected at line 6951
 []\T1/qtm/m/n/10 2811
 []


Overfull \hbox (4.49997pt too wide) detected at line 6952
 []\T1/qtm/m/n/10 2811
 []


Overfull \hbox (4.49997pt too wide) detected at line 6953
 []\T1/qtm/m/n/10 2812
 []


Overfull \hbox (4.49997pt too wide) detected at line 6954
 []\T1/qtm/m/n/10 2812
 []


Overfull \hbox (4.49997pt too wide) detected at line 6955
 []\T1/qtm/m/n/10 2812
 []


Overfull \hbox (4.49997pt too wide) detected at line 6956
 []\T1/qtm/m/n/10 2812
 []


Overfull \hbox (4.49997pt too wide) detected at line 6957
 []\T1/qtm/m/n/10 2812
 []


Overfull \hbox (4.49997pt too wide) detected at line 6958
 []\T1/qtm/m/n/10 2812
 []


Overfull \hbox (4.49997pt too wide) detected at line 6959
 []\T1/qtm/m/n/10 2812
 []


Overfull \hbox (4.49997pt too wide) detected at line 6960
 []\T1/qtm/m/n/10 2813
 []


Overfull \hbox (4.49997pt too wide) detected at line 6961
 []\T1/qtm/m/n/10 2813
 []


Overfull \hbox (4.49997pt too wide) detected at line 6962
 []\T1/qtm/m/n/10 2813
 []


Overfull \hbox (4.49997pt too wide) detected at line 6963
 []\T1/qtm/m/n/10 2813
 []

[116]
Overfull \hbox (4.49997pt too wide) detected at line 6964
 []\T1/qtm/m/n/10 2813
 []


Overfull \hbox (4.49997pt too wide) detected at line 6965
 []\T1/qtm/m/n/10 2813
 []


Overfull \hbox (4.49997pt too wide) detected at line 6966
 []\T1/qtm/m/n/10 2813
 []


Overfull \hbox (4.49997pt too wide) detected at line 6967
 []\T1/qtm/m/n/10 2814
 []


Overfull \hbox (4.49997pt too wide) detected at line 6968
 []\T1/qtm/m/n/10 2814
 []


Overfull \hbox (4.49997pt too wide) detected at line 6969
 []\T1/qtm/m/n/10 2814
 []


Overfull \hbox (4.49997pt too wide) detected at line 6970
 []\T1/qtm/m/n/10 2814
 []


Overfull \hbox (4.49997pt too wide) detected at line 6971
 []\T1/qtm/m/n/10 2814
 []


Overfull \hbox (4.49997pt too wide) detected at line 6972
 []\T1/qtm/m/n/10 2815
 []


Overfull \hbox (4.49997pt too wide) detected at line 6973
 []\T1/qtm/m/n/10 2815
 []


Overfull \hbox (4.49997pt too wide) detected at line 6974
 []\T1/qtm/m/n/10 2815
 []


Overfull \hbox (4.49997pt too wide) detected at line 6975
 []\T1/qtm/m/n/10 2816
 []


Overfull \hbox (4.49997pt too wide) detected at line 6976
 []\T1/qtm/m/n/10 2816
 []


Overfull \hbox (4.49997pt too wide) detected at line 6977
 []\T1/qtm/m/n/10 2816
 []


Overfull \hbox (4.49997pt too wide) detected at line 6978
 []\T1/qtm/m/n/10 2816
 []


Overfull \hbox (4.49997pt too wide) detected at line 6979
 []\T1/qtm/m/n/10 2816
 []


Overfull \hbox (4.49997pt too wide) detected at line 6980
 []\T1/qtm/m/n/10 2816
 []


Overfull \hbox (4.49997pt too wide) detected at line 6981
 []\T1/qtm/m/n/10 2817
 []


Overfull \hbox (4.49997pt too wide) detected at line 6982
 []\T1/qtm/m/n/10 2817
 []


Overfull \hbox (4.49997pt too wide) detected at line 6983
 []\T1/qtm/m/n/10 2817
 []


Overfull \hbox (4.49997pt too wide) detected at line 6984
 []\T1/qtm/m/n/10 2817
 []


Overfull \hbox (4.49997pt too wide) detected at line 6985
 []\T1/qtm/m/n/10 2817
 []


Overfull \hbox (4.49997pt too wide) detected at line 6986
 []\T1/qtm/m/n/10 2817
 []


Overfull \hbox (4.49997pt too wide) detected at line 6987
 []\T1/qtm/m/n/10 2818
 []


Overfull \hbox (4.49997pt too wide) detected at line 6988
 []\T1/qtm/m/n/10 2819
 []


Overfull \hbox (4.49997pt too wide) detected at line 6989
 []\T1/qtm/m/n/10 2819
 []


Overfull \hbox (4.49997pt too wide) detected at line 6990
 []\T1/qtm/m/n/10 2819
 []


Overfull \hbox (4.49997pt too wide) detected at line 6991
 []\T1/qtm/m/n/10 2819
 []


Overfull \hbox (4.49997pt too wide) detected at line 6992
 []\T1/qtm/m/n/10 2819
 []


Overfull \hbox (4.49997pt too wide) detected at line 6993
 []\T1/qtm/m/n/10 2819
 []


Overfull \hbox (4.49997pt too wide) detected at line 6994
 []\T1/qtm/m/n/10 2819
 []


Overfull \hbox (4.49997pt too wide) detected at line 6995
 []\T1/qtm/m/n/10 2820
 []


Overfull \hbox (4.49997pt too wide) detected at line 6996
 []\T1/qtm/m/n/10 2821
 []


Overfull \hbox (4.49997pt too wide) detected at line 6997
 []\T1/qtm/m/n/10 2821
 []


Overfull \hbox (4.49997pt too wide) detected at line 6998
 []\T1/qtm/m/n/10 2821
 []


Overfull \hbox (4.49997pt too wide) detected at line 6999
 []\T1/qtm/m/n/10 2821
 []


Overfull \hbox (4.49997pt too wide) detected at line 7000
 []\T1/qtm/m/n/10 2821
 []


Overfull \hbox (4.49997pt too wide) detected at line 7001
 []\T1/qtm/m/n/10 2822
 []


Overfull \hbox (4.49997pt too wide) detected at line 7002
 []\T1/qtm/m/n/10 2822
 []


Overfull \hbox (4.49997pt too wide) detected at line 7003
 []\T1/qtm/m/n/10 2822
 []


Overfull \hbox (4.49997pt too wide) detected at line 7004
 []\T1/qtm/m/n/10 2822
 []


Overfull \hbox (4.49997pt too wide) detected at line 7005
 []\T1/qtm/m/n/10 2823
 []


Overfull \hbox (4.49997pt too wide) detected at line 7006
 []\T1/qtm/m/n/10 2823
 []


Overfull \hbox (4.49997pt too wide) detected at line 7007
 []\T1/qtm/m/n/10 2823
 []


Overfull \hbox (4.49997pt too wide) detected at line 7008
 []\T1/qtm/m/n/10 2823
 []


Overfull \hbox (4.49997pt too wide) detected at line 7009
 []\T1/qtm/m/n/10 2823
 []


Overfull \hbox (4.49997pt too wide) detected at line 7010
 []\T1/qtm/m/n/10 2824
 []


Overfull \hbox (4.49997pt too wide) detected at line 7011
 []\T1/qtm/m/n/10 2824
 []


Overfull \hbox (4.49997pt too wide) detected at line 7012
 []\T1/qtm/m/n/10 2824
 []


Overfull \hbox (4.49997pt too wide) detected at line 7013
 []\T1/qtm/m/n/10 2824
 []


Overfull \hbox (4.49997pt too wide) detected at line 7014
 []\T1/qtm/m/n/10 2824
 []


Overfull \hbox (4.49997pt too wide) detected at line 7015
 []\T1/qtm/m/n/10 2824
 []


Overfull \hbox (4.49997pt too wide) detected at line 7016
 []\T1/qtm/m/n/10 2824
 []


Overfull \hbox (4.49997pt too wide) detected at line 7017
 []\T1/qtm/m/n/10 2824
 []

[117]
Overfull \hbox (4.49997pt too wide) detected at line 7018
 []\T1/qtm/m/n/10 2824
 []


Overfull \hbox (4.49997pt too wide) detected at line 7019
 []\T1/qtm/m/n/10 2825
 []


Overfull \hbox (4.49997pt too wide) detected at line 7020
 []\T1/qtm/m/n/10 2825
 []


Overfull \hbox (4.49997pt too wide) detected at line 7021
 []\T1/qtm/m/n/10 2825
 []


Overfull \hbox (4.49997pt too wide) detected at line 7022
 []\T1/qtm/m/n/10 2825
 []


Overfull \hbox (4.49997pt too wide) detected at line 7023
 []\T1/qtm/m/n/10 2825
 []


Overfull \hbox (4.49997pt too wide) detected at line 7024
 []\T1/qtm/m/n/10 2826
 []


Overfull \hbox (4.49997pt too wide) detected at line 7025
 []\T1/qtm/m/n/10 2826
 []


Overfull \hbox (4.49997pt too wide) detected at line 7026
 []\T1/qtm/m/n/10 2826
 []


Overfull \hbox (4.49997pt too wide) detected at line 7027
 []\T1/qtm/m/n/10 2826
 []


Overfull \hbox (4.49997pt too wide) detected at line 7028
 []\T1/qtm/m/n/10 2826
 []


Overfull \hbox (4.49997pt too wide) detected at line 7029
 []\T1/qtm/m/n/10 2826
 []


Overfull \hbox (4.49997pt too wide) detected at line 7030
 []\T1/qtm/m/n/10 2826
 []


Overfull \hbox (4.49997pt too wide) detected at line 7031
 []\T1/qtm/m/n/10 2827
 []


Overfull \hbox (4.49997pt too wide) detected at line 7032
 []\T1/qtm/m/n/10 2827
 []


Overfull \hbox (4.49997pt too wide) detected at line 7033
 []\T1/qtm/m/n/10 2827
 []


Overfull \hbox (4.49997pt too wide) detected at line 7034
 []\T1/qtm/m/n/10 2827
 []


Overfull \hbox (4.49997pt too wide) detected at line 7035
 []\T1/qtm/m/n/10 2827
 []


Overfull \hbox (4.49997pt too wide) detected at line 7036
 []\T1/qtm/m/n/10 2827
 []


Overfull \hbox (4.49997pt too wide) detected at line 7037
 []\T1/qtm/m/n/10 2828
 []


Overfull \hbox (4.49997pt too wide) detected at line 7038
 []\T1/qtm/m/n/10 2829
 []


Overfull \hbox (4.49997pt too wide) detected at line 7039
 []\T1/qtm/m/n/10 2829
 []


Overfull \hbox (4.49997pt too wide) detected at line 7040
 []\T1/qtm/m/n/10 2829
 []


Overfull \hbox (4.49997pt too wide) detected at line 7041
 []\T1/qtm/m/n/10 2829
 []


Overfull \hbox (4.49997pt too wide) detected at line 7042
 []\T1/qtm/m/n/10 2829
 []


Overfull \hbox (4.49997pt too wide) detected at line 7043
 []\T1/qtm/m/n/10 2829
 []


Overfull \hbox (4.49997pt too wide) detected at line 7044
 []\T1/qtm/m/n/10 2830
 []


Overfull \hbox (4.49997pt too wide) detected at line 7045
 []\T1/qtm/m/n/10 2830
 []


Overfull \hbox (4.49997pt too wide) detected at line 7046
 []\T1/qtm/m/n/10 2833
 []


Overfull \hbox (4.49997pt too wide) detected at line 7047
 []\T1/qtm/m/n/10 2833
 []


Overfull \hbox (4.49997pt too wide) detected at line 7048
 []\T1/qtm/m/n/10 2833
 []


Overfull \hbox (4.49997pt too wide) detected at line 7049
 []\T1/qtm/m/n/10 2833
 []


Overfull \hbox (4.49997pt too wide) detected at line 7050
 []\T1/qtm/m/n/10 2833
 []


Overfull \hbox (4.49997pt too wide) detected at line 7051
 []\T1/qtm/m/n/10 2833
 []


Overfull \hbox (4.49997pt too wide) detected at line 7052
 []\T1/qtm/m/n/10 2833
 []


Overfull \hbox (4.49997pt too wide) detected at line 7053
 []\T1/qtm/m/n/10 2834
 []


Overfull \hbox (4.49997pt too wide) detected at line 7054
 []\T1/qtm/m/n/10 2834
 []


Overfull \hbox (4.49997pt too wide) detected at line 7055
 []\T1/qtm/m/n/10 2834
 []


Overfull \hbox (4.49997pt too wide) detected at line 7056
 []\T1/qtm/m/n/10 2834
 []


Overfull \hbox (4.49997pt too wide) detected at line 7058
 []\T1/qtm/m/n/10 2835
 []


Overfull \hbox (4.49997pt too wide) detected at line 7059
 []\T1/qtm/m/n/10 2835
 []


Overfull \hbox (4.49997pt too wide) detected at line 7060
 []\T1/qtm/m/n/10 2835
 []


Overfull \hbox (4.49997pt too wide) detected at line 7061
 []\T1/qtm/m/n/10 2835
 []


Overfull \hbox (4.49997pt too wide) detected at line 7062
 []\T1/qtm/m/n/10 2836
 []


Overfull \hbox (4.49997pt too wide) detected at line 7063
 []\T1/qtm/m/n/10 2836
 []


Overfull \hbox (4.49997pt too wide) detected at line 7064
 []\T1/qtm/m/n/10 2836
 []


Overfull \hbox (4.49997pt too wide) detected at line 7065
 []\T1/qtm/m/n/10 2836
 []


Overfull \hbox (4.49997pt too wide) detected at line 7066
 []\T1/qtm/m/n/10 2836
 []


Overfull \hbox (4.49997pt too wide) detected at line 7067
 []\T1/qtm/m/n/10 2836
 []


Overfull \hbox (4.49997pt too wide) detected at line 7068
 []\T1/qtm/m/n/10 2836
 []


Overfull \hbox (4.49997pt too wide) detected at line 7069
 []\T1/qtm/m/n/10 2838
 []


Overfull \hbox (4.49997pt too wide) detected at line 7070
 []\T1/qtm/m/n/10 2838
 []

[118]
Overfull \hbox (4.49997pt too wide) detected at line 7071
 []\T1/qtm/m/n/10 2838
 []


Overfull \hbox (4.49997pt too wide) detected at line 7072
 []\T1/qtm/m/n/10 2838
 []


Overfull \hbox (4.49997pt too wide) detected at line 7073
 []\T1/qtm/m/n/10 2838
 []


Overfull \hbox (4.49997pt too wide) detected at line 7074
 []\T1/qtm/m/n/10 2838
 []


Overfull \hbox (4.49997pt too wide) detected at line 7075
 []\T1/qtm/m/n/10 2838
 []


Overfull \hbox (4.49997pt too wide) detected at line 7076
 []\T1/qtm/m/n/10 2839
 []


Overfull \hbox (4.49997pt too wide) detected at line 7077
 []\T1/qtm/m/n/10 2839
 []


Overfull \hbox (4.49997pt too wide) detected at line 7078
 []\T1/qtm/m/n/10 2839
 []


Overfull \hbox (4.49997pt too wide) detected at line 7079
 []\T1/qtm/m/n/10 2839
 []


Overfull \hbox (4.49997pt too wide) detected at line 7080
 []\T1/qtm/m/n/10 2839
 []


Overfull \hbox (4.49997pt too wide) detected at line 7081
 []\T1/qtm/m/n/10 2839
 []


Overfull \hbox (4.49997pt too wide) detected at line 7082
 []\T1/qtm/m/n/10 2840
 []


Overfull \hbox (4.49997pt too wide) detected at line 7083
 []\T1/qtm/m/n/10 2840
 []


Overfull \hbox (4.49997pt too wide) detected at line 7084
 []\T1/qtm/m/n/10 2840
 []


Overfull \hbox (4.49997pt too wide) detected at line 7085
 []\T1/qtm/m/n/10 2841
 []


Overfull \hbox (4.49997pt too wide) detected at line 7086
 []\T1/qtm/m/n/10 2841
 []


Overfull \hbox (4.49997pt too wide) detected at line 7087
 []\T1/qtm/m/n/10 2841
 []


Overfull \hbox (4.49997pt too wide) detected at line 7088
 []\T1/qtm/m/n/10 2841
 []


Overfull \hbox (4.49997pt too wide) detected at line 7089
 []\T1/qtm/m/n/10 2841
 []


Overfull \hbox (4.49997pt too wide) detected at line 7090
 []\T1/qtm/m/n/10 2842
 []


Overfull \hbox (4.49997pt too wide) detected at line 7091
 []\T1/qtm/m/n/10 2842
 []


Overfull \hbox (4.49997pt too wide) detected at line 7092
 []\T1/qtm/m/n/10 2842
 []


Overfull \hbox (4.49997pt too wide) detected at line 7093
 []\T1/qtm/m/n/10 2842
 []


Overfull \hbox (4.49997pt too wide) detected at line 7094
 []\T1/qtm/m/n/10 2842
 []


Overfull \hbox (4.49997pt too wide) detected at line 7095
 []\T1/qtm/m/n/10 2842
 []


Overfull \hbox (4.49997pt too wide) detected at line 7096
 []\T1/qtm/m/n/10 2842
 []


Overfull \hbox (4.49997pt too wide) detected at line 7097
 []\T1/qtm/m/n/10 2843
 []


Overfull \hbox (4.49997pt too wide) detected at line 7098
 []\T1/qtm/m/n/10 2843
 []


Overfull \hbox (4.49997pt too wide) detected at line 7099
 []\T1/qtm/m/n/10 2843
 []


Overfull \hbox (4.49997pt too wide) detected at line 7100
 []\T1/qtm/m/n/10 2843
 []


Overfull \hbox (4.49997pt too wide) detected at line 7101
 []\T1/qtm/m/n/10 2843
 []


Overfull \hbox (4.49997pt too wide) detected at line 7102
 []\T1/qtm/m/n/10 2843
 []


Overfull \hbox (4.49997pt too wide) detected at line 7103
 []\T1/qtm/m/n/10 2843
 []


Overfull \hbox (4.49997pt too wide) detected at line 7104
 []\T1/qtm/m/n/10 2845
 []


Overfull \hbox (4.49997pt too wide) detected at line 7105
 []\T1/qtm/m/n/10 2845
 []


Overfull \hbox (4.49997pt too wide) detected at line 7106
 []\T1/qtm/m/n/10 2845
 []


Overfull \hbox (4.49997pt too wide) detected at line 7107
 []\T1/qtm/m/n/10 2845
 []


Overfull \hbox (4.49997pt too wide) detected at line 7108
 []\T1/qtm/m/n/10 2845
 []


Overfull \hbox (4.49997pt too wide) detected at line 7109
 []\T1/qtm/m/n/10 2845
 []


Overfull \hbox (4.49997pt too wide) detected at line 7110
 []\T1/qtm/m/n/10 2845
 []


Overfull \hbox (4.49997pt too wide) detected at line 7111
 []\T1/qtm/m/n/10 2846
 []


Overfull \hbox (4.49997pt too wide) detected at line 7112
 []\T1/qtm/m/n/10 2846
 []


Overfull \hbox (4.49997pt too wide) detected at line 7113
 []\T1/qtm/m/n/10 2846
 []


Overfull \hbox (4.49997pt too wide) detected at line 7114
 []\T1/qtm/m/n/10 2846
 []


Overfull \hbox (4.49997pt too wide) detected at line 7115
 []\T1/qtm/m/n/10 2846
 []


Overfull \hbox (4.49997pt too wide) detected at line 7116
 []\T1/qtm/m/n/10 2847
 []


Overfull \hbox (4.49997pt too wide) detected at line 7117
 []\T1/qtm/m/n/10 2847
 []


Overfull \hbox (4.49997pt too wide) detected at line 7118
 []\T1/qtm/m/n/10 2848
 []


Overfull \hbox (4.49997pt too wide) detected at line 7119
 []\T1/qtm/m/n/10 2848
 []


Overfull \hbox (4.49997pt too wide) detected at line 7120
 []\T1/qtm/m/n/10 2848
 []


Overfull \hbox (4.49997pt too wide) detected at line 7121
 []\T1/qtm/m/n/10 2848
 []


Overfull \hbox (4.49997pt too wide) detected at line 7122
 []\T1/qtm/m/n/10 2848
 []


Overfull \hbox (4.49997pt too wide) detected at line 7123
 []\T1/qtm/m/n/10 2848
 []


Overfull \hbox (4.49997pt too wide) detected at line 7124
 []\T1/qtm/m/n/10 2848
 []

[119]
Overfull \hbox (4.49997pt too wide) detected at line 7125
 []\T1/qtm/m/n/10 2849
 []


Overfull \hbox (4.49997pt too wide) detected at line 7126
 []\T1/qtm/m/n/10 2849
 []


Overfull \hbox (4.49997pt too wide) detected at line 7127
 []\T1/qtm/m/n/10 2849
 []


Overfull \hbox (4.49997pt too wide) detected at line 7128
 []\T1/qtm/m/n/10 2850
 []


Overfull \hbox (4.49997pt too wide) detected at line 7129
 []\T1/qtm/m/n/10 2850
 []


Overfull \hbox (4.49997pt too wide) detected at line 7130
 []\T1/qtm/m/n/10 2850
 []


Overfull \hbox (4.49997pt too wide) detected at line 7131
 []\T1/qtm/m/n/10 2850
 []


Overfull \hbox (4.49997pt too wide) detected at line 7132
 []\T1/qtm/m/n/10 2850
 []


Overfull \hbox (4.49997pt too wide) detected at line 7133
 []\T1/qtm/m/n/10 2850
 []


Overfull \hbox (4.49997pt too wide) detected at line 7134
 []\T1/qtm/m/n/10 2850
 []


Overfull \hbox (4.49997pt too wide) detected at line 7135
 []\T1/qtm/m/n/10 2850
 []


Overfull \hbox (4.49997pt too wide) detected at line 7136
 []\T1/qtm/m/n/10 2850
 []


Overfull \hbox (4.49997pt too wide) detected at line 7137
 []\T1/qtm/m/n/10 2851
 []


Overfull \hbox (4.49997pt too wide) detected at line 7138
 []\T1/qtm/m/n/10 2851
 []


Overfull \hbox (4.49997pt too wide) detected at line 7139
 []\T1/qtm/m/n/10 2852
 []


Overfull \hbox (4.49997pt too wide) detected at line 7140
 []\T1/qtm/m/n/10 2852
 []


Overfull \hbox (4.49997pt too wide) detected at line 7141
 []\T1/qtm/m/n/10 2852
 []


Overfull \hbox (4.49997pt too wide) detected at line 7142
 []\T1/qtm/m/n/10 2852
 []


Overfull \hbox (4.49997pt too wide) detected at line 7143
 []\T1/qtm/m/n/10 2852
 []


Overfull \hbox (4.49997pt too wide) detected at line 7144
 []\T1/qtm/m/n/10 2852
 []


Overfull \hbox (4.49997pt too wide) detected at line 7145
 []\T1/qtm/m/n/10 2853
 []


Overfull \hbox (4.49997pt too wide) detected at line 7146
 []\T1/qtm/m/n/10 2853
 []


Overfull \hbox (4.49997pt too wide) detected at line 7147
 []\T1/qtm/m/n/10 2853
 []


Overfull \hbox (4.49997pt too wide) detected at line 7148
 []\T1/qtm/m/n/10 2853
 []


Overfull \hbox (4.49997pt too wide) detected at line 7149
 []\T1/qtm/m/n/10 2853
 []


Overfull \hbox (4.49997pt too wide) detected at line 7150
 []\T1/qtm/m/n/10 2853
 []


Overfull \hbox (4.49997pt too wide) detected at line 7151
 []\T1/qtm/m/n/10 2853
 []


Overfull \hbox (4.49997pt too wide) detected at line 7152
 []\T1/qtm/m/n/10 2854
 []


Overfull \hbox (4.49997pt too wide) detected at line 7153
 []\T1/qtm/m/n/10 2855
 []


Overfull \hbox (4.49997pt too wide) detected at line 7154
 []\T1/qtm/m/n/10 2855
 []


Overfull \hbox (4.49997pt too wide) detected at line 7155
 []\T1/qtm/m/n/10 2855
 []


Overfull \hbox (4.49997pt too wide) detected at line 7156
 []\T1/qtm/m/n/10 2855
 []


Overfull \hbox (4.49997pt too wide) detected at line 7157
 []\T1/qtm/m/n/10 2855
 []


Overfull \hbox (4.49997pt too wide) detected at line 7158
 []\T1/qtm/m/n/10 2855
 []


Overfull \hbox (4.49997pt too wide) detected at line 7159
 []\T1/qtm/m/n/10 2855
 []


Overfull \hbox (4.49997pt too wide) detected at line 7160
 []\T1/qtm/m/n/10 2856
 []


Overfull \hbox (4.49997pt too wide) detected at line 7161
 []\T1/qtm/m/n/10 2856
 []


Overfull \hbox (4.49997pt too wide) detected at line 7163
 []\T1/qtm/m/n/10 2857
 []


Overfull \hbox (4.49997pt too wide) detected at line 7164
 []\T1/qtm/m/n/10 2857
 []


Overfull \hbox (4.49997pt too wide) detected at line 7165
 []\T1/qtm/m/n/10 2857
 []


Overfull \hbox (4.49997pt too wide) detected at line 7166
 []\T1/qtm/m/n/10 2857
 []


Overfull \hbox (4.49997pt too wide) detected at line 7167
 []\T1/qtm/m/n/10 2857
 []


Overfull \hbox (4.49997pt too wide) detected at line 7168
 []\T1/qtm/m/n/10 2857
 []


Overfull \hbox (4.49997pt too wide) detected at line 7169
 []\T1/qtm/m/n/10 2857
 []


Overfull \hbox (4.49997pt too wide) detected at line 7170
 []\T1/qtm/m/n/10 2857
 []


Overfull \hbox (4.49997pt too wide) detected at line 7171
 []\T1/qtm/m/n/10 2857
 []


Overfull \hbox (4.49997pt too wide) detected at line 7172
 []\T1/qtm/m/n/10 2857
 []


Overfull \hbox (4.49997pt too wide) detected at line 7173
 []\T1/qtm/m/n/10 2857
 []


Overfull \hbox (4.49997pt too wide) detected at line 7174
 []\T1/qtm/m/n/10 2860
 []


Overfull \hbox (4.49997pt too wide) detected at line 7175
 []\T1/qtm/m/n/10 2860
 []


Overfull \hbox (4.49997pt too wide) detected at line 7176
 []\T1/qtm/m/n/10 2870
 []


Overfull \hbox (4.49997pt too wide) detected at line 7177
 []\T1/qtm/m/n/10 2870
 []

[120]
Overfull \hbox (4.49997pt too wide) detected at line 7178
 []\T1/qtm/m/n/10 2870
 []


Overfull \hbox (4.49997pt too wide) detected at line 7179
 []\T1/qtm/m/n/10 2870
 []


Overfull \hbox (4.49997pt too wide) detected at line 7180
 []\T1/qtm/m/n/10 2870
 []


Overfull \hbox (4.49997pt too wide) detected at line 7181
 []\T1/qtm/m/n/10 2870
 []


Overfull \hbox (4.49997pt too wide) detected at line 7182
 []\T1/qtm/m/n/10 2871
 []


Overfull \hbox (4.49997pt too wide) detected at line 7183
 []\T1/qtm/m/n/10 2871
 []


Overfull \hbox (4.49997pt too wide) detected at line 7184
 []\T1/qtm/m/n/10 2871
 []


Overfull \hbox (4.49997pt too wide) detected at line 7185
 []\T1/qtm/m/n/10 2871
 []


Overfull \hbox (4.49997pt too wide) detected at line 7186
 []\T1/qtm/m/n/10 2872
 []


Overfull \hbox (4.49997pt too wide) detected at line 7187
 []\T1/qtm/m/n/10 2872
 []


Overfull \hbox (4.49997pt too wide) detected at line 7188
 []\T1/qtm/m/n/10 2872
 []


Overfull \hbox (4.49997pt too wide) detected at line 7189
 []\T1/qtm/m/n/10 2872
 []


Overfull \hbox (4.49997pt too wide) detected at line 7190
 []\T1/qtm/m/n/10 2872
 []


Overfull \hbox (4.49997pt too wide) detected at line 7191
 []\T1/qtm/m/n/10 2872
 []


Overfull \hbox (4.49997pt too wide) detected at line 7192
 []\T1/qtm/m/n/10 2872
 []


Overfull \hbox (4.49997pt too wide) detected at line 7193
 []\T1/qtm/m/n/10 2873
 []


Overfull \hbox (4.49997pt too wide) detected at line 7194
 []\T1/qtm/m/n/10 2873
 []


Overfull \hbox (4.49997pt too wide) detected at line 7195
 []\T1/qtm/m/n/10 2873
 []


Overfull \hbox (4.49997pt too wide) detected at line 7196
 []\T1/qtm/m/n/10 2873
 []


Overfull \hbox (4.49997pt too wide) detected at line 7197
 []\T1/qtm/m/n/10 2874
 []


Overfull \hbox (4.49997pt too wide) detected at line 7198
 []\T1/qtm/m/n/10 2874
 []


Overfull \hbox (4.49997pt too wide) detected at line 7199
 []\T1/qtm/m/n/10 2874
 []


Overfull \hbox (4.49997pt too wide) detected at line 7200
 []\T1/qtm/m/n/10 2874
 []


Overfull \hbox (4.49997pt too wide) detected at line 7201
 []\T1/qtm/m/n/10 2875
 []


Overfull \hbox (4.49997pt too wide) detected at line 7202
 []\T1/qtm/m/n/10 2876
 []


Overfull \hbox (4.49997pt too wide) detected at line 7203
 []\T1/qtm/m/n/10 2876
 []


Overfull \hbox (4.49997pt too wide) detected at line 7204
 []\T1/qtm/m/n/10 2877
 []


Overfull \hbox (4.49997pt too wide) detected at line 7205
 []\T1/qtm/m/n/10 2878
 []


Overfull \hbox (4.49997pt too wide) detected at line 7206
 []\T1/qtm/m/n/10 2883
 []


Overfull \hbox (4.49997pt too wide) detected at line 7207
 []\T1/qtm/m/n/10 2885
 []


Overfull \hbox (4.49997pt too wide) detected at line 7208
 []\T1/qtm/m/n/10 2888
 []


Overfull \hbox (4.49997pt too wide) detected at line 7209
 []\T1/qtm/m/n/10 2889
 []


Overfull \hbox (4.49997pt too wide) detected at line 7210
 []\T1/qtm/m/n/10 2889
 []


Overfull \hbox (4.49997pt too wide) detected at line 7211
 []\T1/qtm/m/n/10 2892
 []


Overfull \hbox (4.49997pt too wide) detected at line 7212
 []\T1/qtm/m/n/10 2892
 []


Overfull \hbox (4.49997pt too wide) detected at line 7213
 []\T1/qtm/m/n/10 2892
 []


Overfull \hbox (4.49997pt too wide) detected at line 7214
 []\T1/qtm/m/n/10 2894
 []


Overfull \hbox (4.49997pt too wide) detected at line 7215
 []\T1/qtm/m/n/10 2894
 []


Overfull \hbox (4.49997pt too wide) detected at line 7216
 []\T1/qtm/m/n/10 2904
 []


Overfull \hbox (4.49997pt too wide) detected at line 7217
 []\T1/qtm/m/n/10 2904
 []


Overfull \hbox (4.49997pt too wide) detected at line 7218
 []\T1/qtm/m/n/10 2904
 []


Overfull \hbox (4.49997pt too wide) detected at line 7219
 []\T1/qtm/m/n/10 2905
 []


Overfull \hbox (4.49997pt too wide) detected at line 7220
 []\T1/qtm/m/n/10 2905
 []


Overfull \hbox (4.49997pt too wide) detected at line 7221
 []\T1/qtm/m/n/10 2905
 []


Overfull \hbox (4.49997pt too wide) detected at line 7222
 []\T1/qtm/m/n/10 2905
 []


Overfull \hbox (4.49997pt too wide) detected at line 7223
 []\T1/qtm/m/n/10 2906
 []


Overfull \hbox (4.49997pt too wide) detected at line 7224
 []\T1/qtm/m/n/10 2907
 []


Overfull \hbox (4.49997pt too wide) detected at line 7225
 []\T1/qtm/m/n/10 2907
 []


Overfull \hbox (4.49997pt too wide) detected at line 7226
 []\T1/qtm/m/n/10 2907
 []


Overfull \hbox (4.49997pt too wide) detected at line 7227
 []\T1/qtm/m/n/10 2907
 []


Overfull \hbox (4.49997pt too wide) detected at line 7228
 []\T1/qtm/m/n/10 2907
 []


Overfull \hbox (4.49997pt too wide) detected at line 7229
 []\T1/qtm/m/n/10 2907
 []


Overfull \hbox (4.49997pt too wide) detected at line 7230
 []\T1/qtm/m/n/10 2907
 []


Overfull \hbox (4.49997pt too wide) detected at line 7231
 []\T1/qtm/m/n/10 2908
 []

[121]
Overfull \hbox (4.49997pt too wide) detected at line 7232
 []\T1/qtm/m/n/10 2908
 []


Overfull \hbox (4.49997pt too wide) detected at line 7233
 []\T1/qtm/m/n/10 2908
 []


Overfull \hbox (4.49997pt too wide) detected at line 7234
 []\T1/qtm/m/n/10 2908
 []


Overfull \hbox (4.49997pt too wide) detected at line 7235
 []\T1/qtm/m/n/10 2908
 []


Overfull \hbox (4.49997pt too wide) detected at line 7236
 []\T1/qtm/m/n/10 2908
 []


Overfull \hbox (4.49997pt too wide) detected at line 7237
 []\T1/qtm/m/n/10 2910
 []


Overfull \hbox (4.49997pt too wide) detected at line 7238
 []\T1/qtm/m/n/10 2910
 []


Overfull \hbox (4.49997pt too wide) detected at line 7239
 []\T1/qtm/m/n/10 2910
 []

)
\tf@toc=\write6
\openout6 = `LAMMPS.toc'.

 [122] [1


] [2]
LaTeX Font Info:    Trying to load font information for TS1+qtm on input line 2
00.
 (/usr/share/texmf/tex/latex/tex-gyre/ts1qtm.fd
File: ts1qtm.fd 2009/09/25 v1.2 font definition file for TS1/qtm
) [3] [4

]
[5] [6]
Chapter 1.
[7

]
<lammps-releases.png, id=36267, 1208.26407pt x 241.65282pt>
File: lammps-releases.png Graphic file (type png)
<use lammps-releases.png>
Package pdftex.def Info: lammps-releases.png  used on input line 383.
(pdftex.def)             Requested size: 469.74617pt x 93.94922pt.
 [8 <./lammps-releases.png>] [9] [10] [11] [12] [13] [14] [15] [16] [17]
LaTeX Font Info:    Font shape `OT1/ptm/bx/n' in size <9> not available
(Font)              Font shape `OT1/ptm/b/n' tried instead on input line 1416.
LaTeX Font Info:    Font shape `OT1/ptm/bx/n' in size <6> not available
(Font)              Font shape `OT1/ptm/b/n' tried instead on input line 1416.

[18] [19] [20] [21] [22

]
Chapter 2.
LaTeX Font Info:    Trying to load font information for U+fontawesomefree1 on i
nput line 1899.
(/usr/share/texlive/texmf-dist/tex/latex/fontawesome5/ufontawesomefree1.fd)
[23]
Underfull \hbox (badness 10000) in paragraph at lines 1982--1988
[]\T1/qtm/m/n/10 The com-pressed tar archives avail-able for down-load have nam
es fol-low-ing the pat-tern
 []

[24] [25] [26] [27] [28] [29]
LaTeX Font Info:    Font shape `T1/txtt/m/it' in size <10> not available
(Font)              Font shape `T1/txtt/m/sl' tried instead on input line 2586.

 [30] [31] [32]
Chapter 3.
[33

] [34] [35] [36] [37] [38]
Underfull \vbox (badness 10000) detected at line 3388
 []

[39] [40] [41] [42] [43] [44] [45] [46] [47] [48] [49] [50

]
Underfull \vbox (badness 10000) detected at line 4366
 []


Overfull \vbox (7.23488pt too high) detected at line 4366
 []

[51] [52] [53] [54

] [55] [56] [57] [58] [59] [60] [61]
LaTeX Font Info:    Trying to load font information for TS1+txtt on input line 
5293.

(/usr/share/texlive/texmf-dist/tex/latex/txfonts/ts1txtt.fd
File: ts1txtt.fd 2000/12/15 v3.1
)
LaTeX Font Info:    Font shape `TS1/txtt/m/it' in size <10> not available
(Font)              Font shape `TS1/txtt/m/sl' tried instead on input line 5293
.
 [62] [63] [64]
[65]
Overfull \vbox (1.07959pt too high) detected at line 5764
 []

[66] [67]
Underfull \vbox (badness 10000) detected at line 5956
 []


Overfull \vbox (16.71994pt too high) detected at line 5956
 []

[68] [69] [70]
Overfull \vbox (21.99925pt too high) detected at line 6735
 []

[71] [72]
Underfull \hbox (badness 10000) in paragraph at lines 6842--6849
[]\T1/qtm/m/n/10 The CMake op-tion []\T1/txtt/m/n/10 DKokkos_ENABLE_CUDA_UVM=on
 \T1/qtm/m/n/10 or the make-file set-ting
 []

[73] [74] [75]
Overfull \vbox (7.135pt too high) detected at line 7099
 []

[76] [77] [78] [79] [80] [81] [82] [83] [84]
Overfull \vbox (23.54749pt too high) detected at line 7826
 []

[85] [86] [87] [88] [89] [90] [91] [92] [93] [94] [95] [96] [97] [98] [99]
[100]
Underfull \hbox (badness 10000) in paragraph at lines 9035--9039
[]\T1/qtm/m/n/10 Build LAMMPS with-out the de-bug flag (re-move []\T1/txtt/m/n/
10 g \T1/qtm/m/n/10 from the ma-chine make-file or use
 []

[101] [102] [103] [104] [105] [106] [107]
<coverage-overview-top.png, id=37244, 893.58844pt x 634.62094pt>
File: coverage-overview-top.png Graphic file (type png)
<use coverage-overview-top.png>
Package pdftex.def Info: coverage-overview-top.png  used on input line 9759.
(pdftex.def)             Requested size: 281.85587pt x 200.1681pt.
<coverage-overview-manybody.png, id=37245, 869.49844pt x 606.76688pt>
File: coverage-overview-manybody.png Graphic file (type png)
<use coverage-overview-manybody.png>
Package pdftex.def Info: coverage-overview-manybody.png  used on input line 976
6.
(pdftex.def)             Requested size: 281.85587pt x 196.68768pt.
<coverage-file-top.png, id=37246, 895.09406pt x 629.35126pt>
File: coverage-file-top.png Graphic file (type png)
<use coverage-file-top.png>
Package pdftex.def Info: coverage-file-top.png  used on input line 9773.
(pdftex.def)             Requested size: 281.85587pt x 198.17947pt.
<coverage-file-branches.png, id=37247, 886.81313pt x 615.0478pt>
File: coverage-file-branches.png Graphic file (type png)
<use coverage-file-branches.png>
Package pdftex.def Info: coverage-file-branches.png  used on input line 9780.
(pdftex.def)             Requested size: 281.85587pt x 195.48666pt.
 [108 <./coverage-overview-top.png>]
[109 <./coverage-overview-manybody.png> <./coverage-file-top.png>] [110 <./cove
rage-file-branches.png>] [111] [112

]
Chapter 4.
[113] [114] [115] [116] [117] [118] [119] [120] [121] [122] [123] [124]
[125] [126

]
Chapter 5.
[127] [128] [129] [130] [131] [132

] [133] [134

] [135] [136] [137] [138]
[139] [140] [141] [142] [143] [144

]
Chapter 6.

Overfull \hbox (1.8521pt too wide) in paragraph at lines 15841--15845
[]|\T1/phv/m/n/10 Lib| 
 []


Overfull \hbox (1.8521pt too wide) in paragraph at lines 15864--15868
[]|\T1/phv/m/n/10 Lib| 
 []


Underfull \hbox (badness 10000) in paragraph at lines 15883--15885
[]|\T1/qtm/m/n/10 dump out-put via
 []


Underfull \hbox (badness 10000) in paragraph at lines 15899--15901
[]|\T1/qtm/m/n/10 AMOEBA and
 []


Underfull \hbox (badness 10000) in paragraph at lines 15915--15917
[]|\T1/qtm/m/n/10 as-pher-i-cal par-ti-cle
 []


Underfull \hbox (badness 10000) in paragraph at lines 15931--15933
[]|\T1/qtm/m/n/10 Atom-to-
 []


Underfull \hbox (badness 10000) in paragraph at lines 15963--15965
[]|\T1/qtm/m/n/10 BOCS bot-tom up
 []


Underfull \hbox (badness 10000) in paragraph at lines 15995--15997
[]|\T1/qtm/m/n/10 bonded par-ti-cle
 []


Underfull \hbox (badness 10000) in paragraph at lines 16027--16029
[]|\T1/qtm/m/n/10 coarse-grained
 []


Underfull \hbox (badness 10000) in paragraph at lines 16043--16045
[]|\T1/qtm/m/n/10 SPICA (SDK)
 []


Underfull \hbox (badness 10000) in paragraph at lines 16043--16045
\T1/qtm/m/n/10 coarse-graining
 []


Underfull \hbox (badness 10000) in paragraph at lines 16091--16093
[]|[][]\T1/qtm/m/n/10 Colvars col-lec-tive
 []


Overfull \hbox (1.04225pt too wide) in paragraph at lines 16116--16119
[]|\T1/qtm/m/n/10 sys| 
 []


Underfull \hbox (badness 10000) in paragraph at lines 16139--16141
\T1/qtm/m/n/10 solvers and force
 []


Underfull \hbox (badness 10000) in paragraph at lines 16155--16157
[]|\T1/qtm/m/n/10 vir-tual x-ray and
 []


Underfull \hbox (badness 5446) in paragraph at lines 16171--16173
[]|\T1/qtm/m/n/10 point dipole par-ti-
 []


Underfull \hbox (badness 10000) in paragraph at lines 16203--16205
[]|\T1/qtm/m/n/10 mesoscale DPD
 []


Underfull \hbox (badness 10000) in paragraph at lines 16219--16221
[]|\T1/qtm/m/n/10 re-ac-tive dis-si-pa-tive
 []


Underfull \hbox (badness 10000) in paragraph at lines 16235--16237
[]|\T1/qtm/m/n/10 smoothed dis-si-
 []


Underfull \hbox (badness 10000) in paragraph at lines 16235--16237
\T1/qtm/m/n/10 pa-tive par-ti-cle
 []


Underfull \hbox (badness 10000) in paragraph at lines 16296--16298
[]|[][]\T1/qtm/m/it/10 EXTRA-
 []


Underfull \hbox (badness 6428) in paragraph at lines 16315--16317
[]|\T1/qtm/m/n/10 ad-di-tional com-pute
 []


Underfull \hbox (badness 10000) in paragraph at lines 16331--16333
[]|\T1/qtm/m/n/10 ad-di-tional dump
 []


Underfull \hbox (badness 10000) in paragraph at lines 16360--16362
[]|[][]\T1/qtm/m/it/10 EXTRA-
 []


Underfull \hbox (badness 10000) in paragraph at lines 16443--16445
[]|\T1/qtm/m/n/10 dump out-put via
 []


Underfull \hbox (badness 10000) in paragraph at lines 16507--16509
[]|\T1/qtm/m/n/10 Kokkos-enabled
 []


Underfull \hbox (badness 10000) in paragraph at lines 16539--16541
[]|\T1/qtm/m/n/10 Lat-tice Boltz-mann
 []


Underfull \hbox (badness 10000) in paragraph at lines 16603--16605
[]|\T1/qtm/m/n/10 many-body po-ten-
 []


Underfull \hbox (badness 10000) in paragraph at lines 16635--16637
[]|\T1/qtm/m/n/10 client-server code
 []


Underfull \hbox (badness 7796) in paragraph at lines 16683--16685
[]|\T1/qtm/m/n/10 fast MGPT multi-
 []


Underfull \hbox (badness 10000) in paragraph at lines 16699--16701
[]|\T1/qtm/m/n/10 mis-cel-la-neous
 []


Underfull \hbox (badness 10000) in paragraph at lines 16699--16701
\T1/qtm/m/n/10 single-file com-
 []


Underfull \hbox (badness 10000) in paragraph at lines 16715--16717
[]|\T1/qtm/m/n/10 High-dimensional
 []


Underfull \hbox (badness 10000) in paragraph at lines 16715--16717
\T1/qtm/m/n/10 neu-ral net-work
 []


Underfull \hbox (badness 10000) in paragraph at lines 16731--16733
[]|\T1/qtm/m/n/10 mul-ti-ple ma-chine
 []


Underfull \hbox (badness 10000) in paragraph at lines 16763--16765
[]|\T1/qtm/m/n/10 Proper or-thog-o-nal
 []


Underfull \hbox (badness 10000) in paragraph at lines 16763--16765
\T1/qtm/m/n/10 de-com-po-si-tion
 []


Underfull \hbox (badness 10000) in paragraph at lines 16779--16781
[]|\T1/qtm/m/n/10 QUIP/libatoms
 []


Underfull \hbox (badness 10000) in paragraph at lines 16811--16813
[]|\T1/qtm/m/n/10 quantum-fitted
 []


Underfull \hbox (badness 10000) in paragraph at lines 16859--16861
[]|\T1/qtm/m/n/10 molec-u-lar sys-tem
 []


Underfull \hbox (badness 10000) in paragraph at lines 16891--16893
[]|\T1/qtm/m/n/10 dump out-put via
 []


Underfull \hbox (badness 10000) in paragraph at lines 16907--16909
[]|\T1/qtm/m/n/10 OpenMP-enabled
 []


Underfull \hbox (badness 10000) in paragraph at lines 16971--16973
[]|\T1/qtm/m/n/10 phonon dy-nam-i-cal
 []


Overfull \hbox (1.04225pt too wide) in paragraph at lines 17060--17063
[]|\T1/qtm/m/n/10 sys| 
 []


Underfull \hbox (badness 5548) in paragraph at lines 17115--17117
[]|\T1/qtm/m/n/10 re-pro-duc-ing hy-dro-
 []


Underfull \hbox (badness 10000) in paragraph at lines 17131--17133
[]|\T1/qtm/m/n/10 chem-i-cal re-ac-tions
 []


Underfull \hbox (badness 10000) in paragraph at lines 17147--17149
[]|\T1/qtm/m/n/10 ReaxFF po-ten-tial
 []


Underfull \hbox (badness 10000) in paragraph at lines 17179--17181
[]|\T1/qtm/m/n/10 rigid bod-ies and
 []


Underfull \hbox (badness 10000) in paragraph at lines 17227--17229
[]|\T1/qtm/m/n/10 sec-ond mo-ment
 []


Underfull \hbox (badness 10000) in paragraph at lines 17243--17245
[]|\T1/qtm/m/n/10 smoothed par-ti-cle
 []


Underfull \hbox (badness 10000) in paragraph at lines 17259--17261
[]|\T1/qtm/m/n/10 mag-netic atomic
 []


Underfull \hbox (badness 10000) in paragraph at lines 17275--17277
[]|\T1/qtm/m/n/10 stochas-tic ro-ta-tion
 []


Underfull \hbox (badness 10000) in paragraph at lines 17339--17341
[]|\T1/qtm/m/n/10 dump out-put via
 []

[145] [146] [147] [148]
Underfull \hbox (badness 10000) in paragraph at lines 17705--17705
[][][]\T1/qtm/m/it/10 DIFFRAC-
 []


Underfull \hbox (badness 10000) in paragraph at lines 17705--17705
[][][]\T1/qtm/m/it/10 DPD-
 []


Underfull \hbox (badness 10000) in paragraph at lines 17705--17705
[][][]\T1/qtm/m/it/10 ELEC-
 []


Underfull \hbox (badness 10000) in paragraph at lines 17705--17705
[][][]\T1/qtm/m/it/10 EXTRA-
 []


Underfull \hbox (badness 10000) in paragraph at lines 17705--17705
[][][]\T1/qtm/m/it/10 EXTRA-
 []


Underfull \hbox (badness 10000) in paragraph at lines 17705--17705
[][][]\T1/qtm/m/it/10 EXTRA-
 []


Underfull \hbox (badness 10000) in paragraph at lines 17705--17705
[][][]\T1/qtm/m/it/10 EXTRA-
 []


Underfull \hbox (badness 10000) in paragraph at lines 17705--17705
[][][]\T1/qtm/m/it/10 EXTRA-
 []


Underfull \hbox (badness 10000) in paragraph at lines 17705--17705
[][][]\T1/qtm/m/it/10 IN-TER-
 []


Overfull \hbox (1.09012pt too wide) in paragraph at lines 17705--17705
[][][]\T1/qtm/m/it/10 MOLECULE[][]| 
 []

[149] [150] [151] [152] [153] [154] [155] [156] [157] [158] [159] [160]
[161] [162] [163] [164] [165] [166] [167] [168] [169] [170] [171] [172]
[173] [174] [175] [176] [177] [178] [179] [180] [181] [182] [183] [184]
[185] [186] [187] [188] [189] [190] [191] [192] [193] [194] [195] [196]
Chapter 7.
[197

] [198]
<rhodo_staggered.jpg, id=40353, 376.40625pt x 279.29344pt>
File: rhodo_staggered.jpg Graphic file (type jpg)
<use rhodo_staggered.jpg>
Package pdftex.def Info: rhodo_staggered.jpg  used on input line 23341.
(pdftex.def)             Requested size: 376.40532pt x 279.29276pt.
 [199] [200 <./rhodo_staggered.jpg>] [201] [202] [203]
<user_intel.png, id=40414, 407.121pt x 239.6955pt>
File: user_intel.png Graphic file (type png)
<use user_intel.png>
Package pdftex.def Info: user_intel.png  used on input line 23811.
(pdftex.def)             Requested size: 407.12001pt x 239.6949pt.
 [204]
[205 <./user_intel.png>] [206] [207] [208] [209]
<offload_knc.png, id=40466, 412.54124pt x 231.86626pt>
File: offload_knc.png Graphic file (type png)
<use offload_knc.png>
Package pdftex.def Info: offload_knc.png  used on input line 24339.
(pdftex.def)             Requested size: 412.54024pt x 231.86568pt.
 [210] [211 <./offload_knc.png>] [212] [213] [214] [215] [216] [217] [218] [219
] [220] [221] [222]
Underfull \hbox (badness 10000) in paragraph at lines 25457--25457
[]\T1/txtt/m/n/10 lmp_machine []in in.script; mpirun []np 32
 []

[223] [224] [225] [226]
Chapter 8.
[227

] [228] [229] [230] [231] [232] [233] [234] [235] [236] [237] [238]
[239] [240] [241] [242] [243] [244] [245] [246] [247] [248] [249] [250]
[251] [252]
Underfull \hbox (badness 10000) in paragraph at lines 28655--28655
[]\T1/qtm/m/n/10 global/per-atom/local/per-grid
 []


Underfull \hbox (badness 10000) in paragraph at lines 28655--28655
[]\T1/qtm/m/n/10 global/per-atom/local/per-grid
 []


Underfull \hbox (badness 10000) in paragraph at lines 28655--28655
[][][]\T1/qtm/m/it/10 com-pute prop-
 []


Underfull \hbox (badness 10000) in paragraph at lines 28655--28655
[][][]\T1/qtm/m/it/10 com-pute prop-
 []


Underfull \hbox (badness 10000) in paragraph at lines 28655--28655
[][][]\T1/qtm/m/it/10 com-pute prop-
 []

[253] [254] [255] [256] [257] [258] [259] [260] [261]
Underfull \vbox (badness 10000) detected at line 29551
 []


Overfull \vbox (3.12196pt too high) detected at line 29551
 []

[262] [263]
Package hyperref Info: bookmark level for unknown literalblock defaults to 0 on
 input line 29647.
 [264] [265] [266]
<thermo_bondeng.png, id=41439, 426.84468pt x 320.69812pt>
File: thermo_bondeng.png Graphic file (type png)
<use thermo_bondeng.png>
Package pdftex.def Info: thermo_bondeng.png  used on input line 29797.
(pdftex.def)             Requested size: 155.0252pt x 116.46907pt.
 [267 <./thermo_bondeng.png>] [268] [269] [270]
[271]
<howto_charmm_ELJ.png, id=41498, 252.945pt x 169.1118pt>
File: howto_charmm_ELJ.png Graphic file (type png)
<use howto_charmm_ELJ.png>
Package pdftex.def Info: howto_charmm_ELJ.png  used on input line 30176.
(pdftex.def)             Requested size: 252.94438pt x 169.11137pt.
<howto_charmmfsw_ELJ.png, id=41500, 252.945pt x 169.1118pt>
File: howto_charmmfsw_ELJ.png Graphic file (type png)
<use howto_charmmfsw_ELJ.png>
Package pdftex.def Info: howto_charmmfsw_ELJ.png  used on input line 30225.
(pdftex.def)             Requested size: 252.94438pt x 169.11137pt.
 [272 <./howto_charmm_ELJ.png (PNG copy)>] [273 <./howto_charmmfsw_ELJ.png (PNG
 copy)>] [274] [275] [276] [277] [278] [279] [280]
Overfull \vbox (1.87393pt too high) detected at line 31388
 []

[281] [282] [283] [284] [285] [286] [287] [288] [289]
Underfull \vbox (badness 10000) detected at line 32323
 []


Overfull \vbox (3.12196pt too high) detected at line 32323
 []

[290] [291] [292] [293] [294] [295] [296] [297] [298] [299] [300] [301]
[302] [303] [304] [305] [306] [307] [308] [309] [310] [311] [312] [313]
[314] [315] [316] [317] [318] [319] [320]
<pdlammps_fig1.png, id=42214, 400.8576pt x 217.7736pt>
File: pdlammps_fig1.png Graphic file (type png)
<use pdlammps_fig1.png>
Package pdftex.def Info: pdlammps_fig1.png  used on input line 35383.
(pdftex.def)             Requested size: 400.85661pt x 217.77306pt.
 [321] [322 <./pdlammps_fig1.png>]
[323] [324]
<dump.peri.300.png, id=42272, 385.44pt x 385.44pt>
File: dump.peri.300.png Graphic file (type png)
<use dump.peri.300.png>
Package pdftex.def Info: dump.peri.300.png  used on input line 35645.
(pdftex.def)             Requested size: 150.32504pt x 150.32098pt.
<dump.peri.600.png, id=42273, 385.44pt x 385.44pt>
File: dump.peri.600.png Graphic file (type png)
<use dump.peri.600.png>
Package pdftex.def Info: dump.peri.600.png  used on input line 35645.
(pdftex.def)             Requested size: 150.32504pt x 150.32098pt.
<dump.peri.2000.png, id=42274, 385.44pt x 385.44pt>
File: dump.peri.2000.png Graphic file (type png)
<use dump.peri.2000.png>
Package pdftex.def Info: dump.peri.2000.png  used on input line 35645.
(pdftex.def)             Requested size: 150.32504pt x 150.32098pt.
 [325]
<ovito-peri-snap.png, id=42281, 1037.37563pt x 687.31781pt>
File: ovito-peri-snap.png Graphic file (type png)
<use ovito-peri-snap.png>
Package pdftex.def Info: ovito-peri-snap.png  used on input line 35687.
(pdftex.def)             Requested size: 469.75893pt x 311.23036pt.
 [326 <./dump.peri.300.png (PNG copy)> <./dump.peri.600.png (PNG copy)> <./dump
.peri.2000.png (PNG copy)>] [327 <./ovito-peri-snap.png>]
[328] [329] [330]
<pdlammps_fig2.png, id=42324, 397.0032pt x 377.7312pt>
File: pdlammps_fig2.png Graphic file (type png)
<use pdlammps_fig2.png>
Package pdftex.def Info: pdlammps_fig2.png  used on input line 35984.
(pdftex.def)             Requested size: 397.00223pt x 377.73027pt.
 [331 <./pdlammps_fig2.png>]
Underfull \hbox (badness 10000) in paragraph at lines 36224--36224
[]\T1/qtm/m/it/10 man-
 []


Underfull \hbox (badness 10000) in paragraph at lines 36224--36224
[]\T1/qtm/m/it/10 pa-
 []


Underfull \hbox (badness 10000) in paragraph at lines 36224--36224
\T1/qtm/m/it/10 ram-
 []


Overfull \hbox (12.07603pt too wide) in paragraph at lines 36224--36224
\T1/qtm/m/n/10 der_dent| 
 []


Overfull \hbox (3.19603pt too wide) in paragraph at lines 36224--36224
[]\T1/qtm/m/n/10 dumb-
 []


Underfull \hbox (badness 10000) in paragraph at lines 36224--36224
[]\T1/qtm/m/n/10 a A
 []


Underfull \hbox (badness 10000) in paragraph at lines 36224--36224
[]\T1/qtm/m/n/10 el-lip-
 []


Underfull \hbox (badness 10000) in paragraph at lines 36224--36224
[]\T1/qtm/m/n/10 gaus-
 []


Overfull \hbox (20.97603pt too wide) in paragraph at lines 36224--36224
\T1/qtm/m/n/10 sian_bump| 
 []


Underfull \hbox (badness 10000) in paragraph at lines 36224--36224
[]\T1/qtm/m/n/10 A l
 []


Underfull \hbox (badness 10000) in paragraph at lines 36224--36224
\T1/qtm/m/n/10 rc1
 []


Underfull \hbox (badness 10000) in paragraph at lines 36224--36224
[]\T1/qtm/m/n/10 a b
 []


Underfull \hbox (badness 10000) in paragraph at lines 36224--36224
\T1/qtm/m/n/10 y0
 []


Overfull \hbox (30.96603pt too wide) in paragraph at lines 36224--36224
[]\T1/qtm/m/n/10 plane_wiggle| 
 []


Overfull \hbox (3.18604pt too wide) in paragraph at lines 36224--36224
[]\T1/qtm/m/n/10 sphere| 
 []


Underfull \hbox (badness 10000) in paragraph at lines 36224--36224
[]\T1/qtm/m/n/10 su-
 []


Underfull \hbox (badness 10000) in paragraph at lines 36224--36224
\T1/qtm/m/n/10 per-
 []


Overfull \hbox (3.18604pt too wide) in paragraph at lines 36224--36224
\T1/qtm/m/n/10 sphere| 
 []


Underfull \hbox (badness 10000) in paragraph at lines 36224--36224
\T1/qtm/m/n/10 B,
 []


Underfull \hbox (badness 10000) in paragraph at lines 36224--36224
\T1/qtm/m/n/10 B2,
 []


Overfull \hbox (17.84601pt too wide) in paragraph at lines 36224--36224
[]\T1/qtm/m/n/10 spine_two| 
 []


Underfull \hbox (badness 10000) in paragraph at lines 36224--36224
\T1/qtm/m/n/10 B,
 []


Underfull \hbox (badness 10000) in paragraph at lines 36224--36224
\T1/qtm/m/n/10 B2,
 []


Underfull \hbox (badness 10000) in paragraph at lines 36224--36224
[]\T1/qtm/m/n/10 thy-
 []


Overfull \hbox (1.78601pt too wide) in paragraph at lines 36224--36224
\T1/qtm/m/n/10 lakoid| 
 []


Underfull \hbox (badness 10000) in paragraph at lines 36224--36224
[]\T1/qtm/m/n/10 wB
 []


Underfull \hbox (badness 10000) in paragraph at lines 36224--36224
\T1/qtm/m/n/10 LB
 []

[332] [333] [334] [335] [336] [337]
<ccmake-initial.png, id=42402, 862.72313pt x 529.22719pt>
File: ccmake-initial.png Graphic file (type png)
<use ccmake-initial.png>
Package pdftex.def Info: ccmake-initial.png  used on input line 36713.
(pdftex.def)             Requested size: 284.69951pt x 174.64551pt.
<ccmake-config.png, id=42403, 862.72313pt x 529.22719pt>
File: ccmake-config.png Graphic file (type png)
<use ccmake-config.png>
Package pdftex.def Info: ccmake-config.png  used on input line 36713.
(pdftex.def)             Requested size: 284.69951pt x 174.64551pt.
<ccmake-options.png, id=42404, 862.72313pt x 529.22719pt>
File: ccmake-options.png Graphic file (type png)
<use ccmake-options.png>
Package pdftex.def Info: ccmake-options.png  used on input line 36713.
(pdftex.def)             Requested size: 284.69951pt x 174.64551pt.
File: ccmake-initial.png Graphic file (type png)
<use ccmake-initial.png>
Package pdftex.def Info: ccmake-initial.png  used on input line 36713.
(pdftex.def)             Requested size: 144.58107pt x 88.69151pt.
File: ccmake-config.png Graphic file (type png)
<use ccmake-config.png>
Package pdftex.def Info: ccmake-config.png  used on input line 36713.
(pdftex.def)             Requested size: 144.58107pt x 88.69151pt.
File: ccmake-options.png Graphic file (type png)
<use ccmake-options.png>
Package pdftex.def Info: ccmake-options.png  used on input line 36713.
(pdftex.def)             Requested size: 144.58107pt x 88.69151pt.
<cmake-gui-initial.png, id=42405, 694.84593pt x 517.18219pt>
File: cmake-gui-initial.png Graphic file (type png)
<use cmake-gui-initial.png>
Package pdftex.def Info: cmake-gui-initial.png  used on input line 36773.
(pdftex.def)             Requested size: 277.93344pt x 206.8692pt.
<cmake-gui-popup.png, id=42406, 382.42876pt x 291.33844pt>
File: cmake-gui-popup.png Graphic file (type png)
<use cmake-gui-popup.png>
Package pdftex.def Info: cmake-gui-popup.png  used on input line 36773.
(pdftex.def)             Requested size: 229.45901pt x 174.8044pt.
<cmake-gui-options.png, id=42407, 694.84593pt x 517.18219pt>
File: cmake-gui-options.png Graphic file (type png)
<use cmake-gui-options.png>
Package pdftex.def Info: cmake-gui-options.png  used on input line 36773.
(pdftex.def)             Requested size: 277.93344pt x 206.8692pt.
File: cmake-gui-initial.png Graphic file (type png)
<use cmake-gui-initial.png>
Package pdftex.def Info: cmake-gui-initial.png  used on input line 36773.
(pdftex.def)             Requested size: 144.57542pt x 107.60924pt.
File: cmake-gui-popup.png Graphic file (type png)
<use cmake-gui-popup.png>
Package pdftex.def Info: cmake-gui-popup.png  used on input line 36773.
(pdftex.def)             Requested size: 144.58333pt x 110.14517pt.

Underfull \hbox (badness 8019) in paragraph at lines 36773--36773
[]\T1/qtm/m/n/10 Fig. 8: Gen-er-a-tor se-lec-tion in
 []

File: cmake-gui-options.png Graphic file (type png)
<use cmake-gui-options.png>
Package pdftex.def Info: cmake-gui-options.png  used on input line 36773.
(pdftex.def)             Requested size: 144.57542pt x 107.60924pt.

Underfull \hbox (badness 10000) in paragraph at lines 36773--36773
[]\T1/qtm/m/n/10 Fig. 9: Op-tions screen of
 []

[338 <./ccmake-initial.png> <./ccmake-config.png> <./ccmake-options.png> <./cma
ke-gui-initial.png> <./cmake-gui-popup.png> <./cmake-gui-options.png>]
Overfull \hbox (3.1074pt too wide) in paragraph at lines 36901--36901
[]\T1/txtt/m/n/10 CMAKE_INSTALL_PREFIX| 
 []


Overfull \hbox (3.1074pt too wide) in paragraph at lines 36901--36901
[]\T1/txtt/m/n/10 LAMMPS_INSTALL_RPATH| 
 []


Overfull \hbox (13.60738pt too wide) in paragraph at lines 36901--36901
[]\T1/txtt/m/n/10 CMAKE_VERBOSE_MAKEFILE| 
 []


Overfull \hbox (13.60738pt too wide) in paragraph at lines 36901--36901
[]\T1/txtt/m/n/10 CMAKE_Fortran_COMPILER| 
 []


Overfull \hbox (8.35739pt too wide) in paragraph at lines 36901--36901
[]\T1/txtt/m/n/10 CXX_COMPILER_LAUNCHER| 
 []


Overfull \hbox (10.30644pt too wide) in paragraph at lines 37014--37014
[]\T1/txtt/m/n/10 CMAKE_TUNE_FLAGS| 
 []

[339] [340] [341]
<cmake-codeblocks.png, id=42439, 827.34094pt x 618.81187pt>
File: cmake-codeblocks.png Graphic file (type png)
<use cmake-codeblocks.png>
Package pdftex.def Info: cmake-codeblocks.png  used on input line 37209.
(pdftex.def)             Requested size: 469.75873pt x 351.36674pt.
 [342 <./cmake-codeblocks.png>]
<tutorial_branch.png, id=42448, 415.5525pt x 135.50626pt>
File: tutorial_branch.png Graphic file (type png)
<use tutorial_branch.png>
Package pdftex.def Info: tutorial_branch.png  used on input line 37268.
(pdftex.def)             Requested size: 415.55148pt x 135.5059pt.
<tutorial_fork.png, id=42449, 755.07094pt x 89.58469pt>
File: tutorial_fork.png Graphic file (type png)
<use tutorial_fork.png>
Package pdftex.def Info: tutorial_fork.png  used on input line 37274.
(pdftex.def)             Requested size: 469.75215pt x 55.73466pt.
 [343 <./tutorial_branch.png> <./tutorial_fork.png>]
<tutorial_https_block.png, id=42457, 773.89125pt x 335.00156pt>
File: tutorial_https_block.png Graphic file (type png)
<use tutorial_https_block.png>
Package pdftex.def Info: tutorial_https_block.png  used on input line 37322.
(pdftex.def)             Requested size: 469.75848pt x 203.34364pt.
 [344 <./tutorial_https_block.png>]
<tutorial_new_pull_request.png, id=42463, 388.45125pt x 148.30406pt>
File: tutorial_new_pull_request.png Graphic file (type png)
<use tutorial_new_pull_request.png>
Package pdftex.def Info: tutorial_new_pull_request.png  used on input line 3747
0.
(pdftex.def)             Requested size: 388.45029pt x 148.30368pt.
 [345]
<tutorial_create_new_pull_request1.png, id=42468, 673.01437pt x 452.4403pt>
File: tutorial_create_new_pull_request1.png Graphic file (type png)
<use tutorial_create_new_pull_request1.png>
Package pdftex.def Info: tutorial_create_new_pull_request1.png  used on input l
ine 37485.
(pdftex.def)             Requested size: 469.76157pt x 315.79477pt.
<tutorial_edits_maintainers.png, id=42469, 530.73282pt x 115.93312pt>
File: tutorial_edits_maintainers.png Graphic file (type png)
<use tutorial_edits_maintainers.png>
Package pdftex.def Info: tutorial_edits_maintainers.png  used on input line 374
96.
(pdftex.def)             Requested size: 469.75926pt x 102.61583pt.
 [346 <./tutorial_new_pull_request.png> <./tutorial_create_new_pull_request1.pn
g>]
<tutorial_create_new_pull_request2.png, id=42477, 593.21625pt x 301.125pt>
File: tutorial_create_new_pull_request2.png Graphic file (type png)
<use tutorial_create_new_pull_request2.png>
Package pdftex.def Info: tutorial_create_new_pull_request2.png  used on input l
ine 37510.
(pdftex.def)             Requested size: 469.77621pt x 238.46507pt.
<tutorial_automated_checks.png, id=42478, 583.42969pt x 603.75563pt>
File: tutorial_automated_checks.png Graphic file (type png)
<use tutorial_automated_checks.png>
Package pdftex.def Info: tutorial_automated_checks.png  used on input line 3753
2.
(pdftex.def)             Requested size: 469.7712pt x 486.119pt.
 [347 <./tutorial_edits_maintainers.png> <./tutorial_create_new_pull_request2.p
ng>]
<tutorial_automated_checks_passed.png, id=42485, 584.1825pt x 179.92218pt>
File: tutorial_automated_checks_passed.png Graphic file (type png)
<use tutorial_automated_checks_passed.png>
Package pdftex.def Info: tutorial_automated_checks_passed.png  used on input li
ne 37537.
(pdftex.def)             Requested size: 469.77121pt x 144.69017pt.
 [348 <./tutorial_automated_checks.png>]
<tutorial_additional_changes.png, id=42491, 539.01375pt x 143.78719pt>
File: tutorial_additional_changes.png Graphic file (type png)
<use tutorial_additional_changes.png>
Package pdftex.def Info: tutorial_additional_changes.png  used on input line 37
558.
(pdftex.def)             Requested size: 469.76064pt x 125.31543pt.
 [349 <./tutorial_automated_checks_passed.png> <./tutorial_additional_changes.p
ng>]
<tutorial_steve_assignee.png, id=42499, 706.89093pt x 234.1247pt>
File: tutorial_steve_assignee.png Graphic file (type png)
<use tutorial_steve_assignee.png>
Package pdftex.def Info: tutorial_steve_assignee.png  used on input line 37638.

(pdftex.def)             Requested size: 469.76376pt x 155.59093pt.
<tutorial_changes_others.png, id=42500, 520.19344pt x 121.95563pt>
File: tutorial_changes_others.png Graphic file (type png)
<use tutorial_changes_others.png>
Package pdftex.def Info: tutorial_changes_others.png  used on input line 37648.

(pdftex.def)             Requested size: 469.75726pt x 110.1312pt.
 [350 <./tutorial_steve_assignee.png> <./tutorial_changes_others.png>]
<tutorial_reverse_pull_request.png, id=42507, 532.23843pt x 157.33781pt>
File: tutorial_reverse_pull_request.png Graphic file (type png)
<use tutorial_reverse_pull_request.png>
Package pdftex.def Info: tutorial_reverse_pull_request.png  used on input line 
37664.
(pdftex.def)             Requested size: 469.76813pt x 138.87302pt.
<tutorial_reverse_pull_request2.png, id=42508, 580.41844pt x 496.10344pt>
File: tutorial_reverse_pull_request2.png Graphic file (type png)
<use tutorial_reverse_pull_request2.png>
Package pdftex.def Info: tutorial_reverse_pull_request2.png  used on input line
 37670.
(pdftex.def)             Requested size: 469.75554pt x 401.51607pt.
<tutorial_reverse_pull_request3.png, id=42509, 598.48593pt x 498.36188pt>
File: tutorial_reverse_pull_request3.png Graphic file (type png)
<use tutorial_reverse_pull_request3.png>
Package pdftex.def Info: tutorial_reverse_pull_request3.png  used on input line
 37676.
(pdftex.def)             Requested size: 469.76683pt x 391.17691pt.
 [351 <./tutorial_reverse_pull_request.png> <./tutorial_reverse_pull_request2.p
ng>]
<tutorial_reverse_pull_request4.png, id=42516, 1166.85938pt x 365.86688pt>
File: tutorial_reverse_pull_request4.png Graphic file (type png)
<use tutorial_reverse_pull_request4.png>
Package pdftex.def Info: tutorial_reverse_pull_request4.png  used on input line
 37682.
(pdftex.def)             Requested size: 469.7445pt x 147.29321pt.
<tutorial_reverse_pull_request5.png, id=42517, 587.19376pt x 228.855pt>
File: tutorial_reverse_pull_request5.png Graphic file (type png)
<use tutorial_reverse_pull_request5.png>
Package pdftex.def Info: tutorial_reverse_pull_request5.png  used on input line
 37688.
(pdftex.def)             Requested size: 469.75565pt x 183.09122pt.
 [352 <./tutorial_reverse_pull_request3.png> <./tutorial_reverse_pull_request4.
png>]
<tutorial_reverse_pull_request6.png, id=42525, 619.56468pt x 79.04532pt>
File: tutorial_reverse_pull_request6.png Graphic file (type png)
<use tutorial_reverse_pull_request6.png>
Package pdftex.def Info: tutorial_reverse_pull_request6.png  used on input line
 37704.
(pdftex.def)             Requested size: 469.74904pt x 59.93272pt.
<tutorial_reverse_pull_request7.png, id=42526, 525.46312pt x 152.82094pt>
File: tutorial_reverse_pull_request7.png Graphic file (type png)
<use tutorial_reverse_pull_request7.png>
Package pdftex.def Info: tutorial_reverse_pull_request7.png  used on input line
 37721.
(pdftex.def)             Requested size: 469.76942pt x 136.6258pt.
 [353 <./tutorial_reverse_pull_request5.png> <./tutorial_reverse_pull_request6.
png> <./tutorial_reverse_pull_request7.png>]
<tutorial_merged.png, id=42534, 581.92406pt x 152.82094pt>
File: tutorial_merged.png Graphic file (type png)
<use tutorial_merged.png>
Package pdftex.def Info: tutorial_merged.png  used on input line 37733.
(pdftex.def)             Requested size: 469.7665pt x 123.3622pt.

[354 <./tutorial_merged.png>] [355] [356]
<lammps-gui-main.png, id=42561, 683.55376pt x 364.36125pt>
File: lammps-gui-main.png Graphic file (type png)
<use lammps-gui-main.png>
Package pdftex.def Info: lammps-gui-main.png  used on input line 37989.
(pdftex.def)             Requested size: 225.4804pt x 120.18954pt.
<lammps-gui-dark.png, id=42562, 683.55376pt x 364.36125pt>
File: lammps-gui-dark.png Graphic file (type png)
<use lammps-gui-dark.png>
Package pdftex.def Info: lammps-gui-dark.png  used on input line 37989.
(pdftex.def)             Requested size: 225.4804pt x 120.18954pt.
<lammps-gui-running.png, id=42566, 682.04813pt x 117.43875pt>
File: lammps-gui-running.png Graphic file (type png)
<use lammps-gui-running.png>
Package pdftex.def Info: lammps-gui-running.png  used on input line 38054.
(pdftex.def)             Requested size: 469.76033pt x 80.88408pt.
 [357 <./lammps-gui-main.png> <./lammps-gui-dark.png>]
<lammps-gui-run-error.png, id=42575, 651.93562pt x 215.30438pt>
File: lammps-gui-run-error.png Graphic file (type png)
<use lammps-gui-run-error.png>
Package pdftex.def Info: lammps-gui-run-error.png  used on input line 38074.
(pdftex.def)             Requested size: 469.7713pt x 155.14058pt.
 [358 <./lammps-gui-running.png> <./lammps-gui-run-error.png>]
<lammps-gui-log.png, id=42586, 590.95781pt x 260.47313pt>
File: lammps-gui-log.png Graphic file (type png)
<use lammps-gui-log.png>
Package pdftex.def Info: lammps-gui-log.png  used on input line 38118.
(pdftex.def)             Requested size: 295.47818pt x 130.23624pt.
<lammps-gui-yaml.png, id=42587, 1014.03844pt x 331.99031pt>
File: lammps-gui-yaml.png Graphic file (type png)
<use lammps-gui-yaml.png>
Package pdftex.def Info: lammps-gui-yaml.png  used on input line 38142.
(pdftex.def)             Requested size: 469.7436pt x 153.79639pt.

[359 <./lammps-gui-log.png> <./lammps-gui-yaml.png>]
<lammps-gui-chart.png, id=42594, 724.20563pt x 565.36218pt>
File: lammps-gui-chart.png Graphic file (type png)
<use lammps-gui-chart.png>
Package pdftex.def Info: lammps-gui-chart.png  used on input line 38159.
(pdftex.def)             Requested size: 238.98859pt x 186.57008pt.
 [360 <./lammps-gui-chart.png>]
<lammps-gui-slideshow.png, id=42610, 409.53pt x 475.02469pt>
File: lammps-gui-slideshow.png Graphic file (type png)
<use lammps-gui-slideshow.png>
Package pdftex.def Info: lammps-gui-slideshow.png  used on input line 38217.
(pdftex.def)             Requested size: 204.7645pt x 237.51175pt.
<lammps-gui-variable-info.png, id=42613, 501.37312pt x 100.87688pt>
File: lammps-gui-variable-info.png Graphic file (type png)
<use lammps-gui-variable-info.png>
Package pdftex.def Info: lammps-gui-variable-info.png  used on input line 38245
.
(pdftex.def)             Requested size: 250.68594pt x 50.43831pt.
 [361 <./lammps-gui-slideshow.png> <./lammps-gui-variable-info.png>]
<lammps-gui-image.png, id=42623, 634.62094pt x 547.2947pt>
File: lammps-gui-image.png Graphic file (type png)
<use lammps-gui-image.png>
Package pdftex.def Info: lammps-gui-image.png  used on input line 38301.
(pdftex.def)             Requested size: 225.4804pt x 194.45381pt.
<lammps-gui-funnel.png, id=42624, 629.35126pt x 541.27219pt>
File: lammps-gui-funnel.png Graphic file (type png)
<use lammps-gui-funnel.png>
Package pdftex.def Info: lammps-gui-funnel.png  used on input line 38301.
(pdftex.def)             Requested size: 225.4804pt x 193.92455pt.

[362 <./lammps-gui-image.png> <./lammps-gui-funnel.png>]
<lammps-gui-complete.png, id=42631, 408.77719pt x 170.88844pt>
File: lammps-gui-complete.png Graphic file (type png)
<use lammps-gui-complete.png>
Package pdftex.def Info: lammps-gui-complete.png  used on input line 38355.
(pdftex.def)             Requested size: 306.58214pt x 128.166pt.
 [363 <./lammps-gui-complete.png>]
<lammps-gui-popup-help.png, id=42636, 683.55376pt x 363.60844pt>
File: lammps-gui-popup-help.png Graphic file (type png)
<use lammps-gui-popup-help.png>
Package pdftex.def Info: lammps-gui-popup-help.png  used on input line 38393.
(pdftex.def)             Requested size: 225.4804pt x 119.94121pt.
<lammps-gui-popup-view.png, id=42637, 683.55376pt x 363.60844pt>
File: lammps-gui-popup-view.png Graphic file (type png)
<use lammps-gui-popup-view.png>
Package pdftex.def Info: lammps-gui-popup-view.png  used on input line 38393.
(pdftex.def)             Requested size: 225.4804pt x 119.94121pt.
 [364 <./lammps-gui-popup-help.png> <./lammps-gui-popup-view.png>]
<lammps-gui-variables.png, id=42656, 233.37187pt x 176.15813pt>
File: lammps-gui-variables.png Graphic file (type png)
<use lammps-gui-variables.png>
Package pdftex.def Info: lammps-gui-variables.png  used on input line 38545.
(pdftex.def)             Requested size: 116.68564pt x 88.07884pt.

[365]
<lammps-gui-find.png, id=42668, 683.55376pt x 364.36125pt>
File: lammps-gui-find.png Graphic file (type png)
<use lammps-gui-find.png>
Package pdftex.def Info: lammps-gui-find.png  used on input line 38604.
(pdftex.def)             Requested size: 225.57344pt x 120.23958pt.
 [366 <./lammps-gui-variables.png> <./lammps-gui-find.png>]
<lammps-gui-prefs-general.png, id=42673, 460.72125pt x 362.10281pt>
File: lammps-gui-prefs-general.png Graphic file (type png)
<use lammps-gui-prefs-general.png>
Package pdftex.def Info: lammps-gui-prefs-general.png  used on input line 38658
.
(pdftex.def)             Requested size: 112.74377pt x 88.60822pt.
<lammps-gui-prefs-accel.png, id=42674, 460.72125pt x 362.10281pt>
File: lammps-gui-prefs-accel.png Graphic file (type png)
<use lammps-gui-prefs-accel.png>
Package pdftex.def Info: lammps-gui-prefs-accel.png  used on input line 38658.
(pdftex.def)             Requested size: 112.74377pt x 88.60822pt.
<lammps-gui-prefs-image.png, id=42675, 460.72125pt x 362.10281pt>
File: lammps-gui-prefs-image.png Graphic file (type png)
<use lammps-gui-prefs-image.png>
Package pdftex.def Info: lammps-gui-prefs-image.png  used on input line 38658.
(pdftex.def)             Requested size: 112.74377pt x 88.60822pt.
<lammps-gui-prefs-editor.png, id=42676, 460.72125pt x 362.10281pt>
File: lammps-gui-prefs-editor.png Graphic file (type png)
<use lammps-gui-prefs-editor.png>
Package pdftex.def Info: lammps-gui-prefs-editor.png  used on input line 38658.

(pdftex.def)             Requested size: 112.74377pt x 88.60822pt.
 [367 <./lammps-gui-prefs-general.png> <./lammps-gui-prefs-accel.png> <./lammps
-gui-prefs-image.png> <./lammps-gui-prefs-editor.png>] [368]
Overfull \hbox (2.515pt too wide) in paragraph at lines 38868--38870
[]|\T1/qtm/m/n/10 Ctrl+Shift+Z| 
 []


Overfull \hbox (3.625pt too wide) in paragraph at lines 38893--38895
[]|\T1/qtm/m/n/10 Ctrl+Shift+V| 
 []


Overfull \hbox (3.83pt too wide) in paragraph at lines 38976--38978
[]|\T1/qtm/m/n/10 Ctrl+Shift+Enter| 
 []


Overfull \hbox (5.845pt too wide) in paragraph at lines 38982--38984
[]|\T1/qtm/m/n/10 Ctrl+Shift+W| 
 []


Overfull \hbox (3.625pt too wide) in paragraph at lines 39001--39003
[]|\T1/qtm/m/n/10 Ctrl+Shift+H| 
 []


Overfull \hbox (3.625pt too wide) in paragraph at lines 39007--39009
[]|\T1/qtm/m/n/10 Ctrl+Shift+G| 
 []


Overfull \hbox (2.515pt too wide) in paragraph at lines 39026--39028
[]|\T1/qtm/m/n/10 Ctrl+Shift+T| 
 []

[369]
Overfull \vbox (2.7787pt too high) detected at line 39197
 []

[370]
Underfull \vbox (badness 10000) detected at line 39197
 []


Underfull \vbox (badness 10000) detected at line 39197
 []

[371]
<solv_01.png, id=42703, 912.88422pt x 364.39294pt>
File: solv_01.png Graphic file (type png)
<use solv_01.png>
Package pdftex.def Info: solv_01.png  used on input line 39237.
(pdftex.def)             Requested size: 469.75757pt x 187.50598pt.
 [372 <./solv_01.png>]
<PolyNIPAM.jpg, id=42710, 496.10344pt x 756.57657pt>
File: PolyNIPAM.jpg Graphic file (type jpg)
<use PolyNIPAM.jpg>
Package pdftex.def Info: PolyNIPAM.jpg  used on input line 39312.
(pdftex.def)             Requested size: 148.83217pt x 226.97472pt.
 [373]
Underfull \vbox (badness 10000) detected at line 39404
 []


Underfull \vbox (badness 10000) detected at line 39404
 []

[374 <./PolyNIPAM.jpg>] [375]
<sample01.png, id=42724, 884.73695pt x 878.65105pt>
File: sample01.png Graphic file (type png)
<use sample01.png>
Package pdftex.def Info: sample01.png  used on input line 39444.
(pdftex.def)             Requested size: 469.75885pt x 466.5275pt.
 [376 <./sample01.png>] [377] [378] [379] [380]
[381] [382] [383]
<pylammps_dihedral.jpg, id=42835, 1084.05pt x 761.84625pt>
File: pylammps_dihedral.jpg Graphic file (type jpg)
<use pylammps_dihedral.jpg>
Package pdftex.def Info: pylammps_dihedral.jpg  used on input line 40104.
(pdftex.def)             Requested size: 469.75496pt x 330.13333pt.
 [384]
<pylammps_mc_minimum.jpg, id=42840, 467.7475pt x 411.5375pt>
File: pylammps_mc_minimum.jpg Graphic file (type jpg)
<use pylammps_mc_minimum.jpg>
Package pdftex.def Info: pylammps_mc_minimum.jpg  used on input line 40116.
(pdftex.def)             Requested size: 467.74634pt x 411.5365pt.
 [385 <./pylammps_dihedral.jpg>]
<pylammps_mc_disordered.jpg, id=42845, 498.86375pt x 438.63875pt>
File: pylammps_mc_disordered.jpg Graphic file (type jpg)
<use pylammps_mc_disordered.jpg>
Package pdftex.def Info: pylammps_mc_disordered.jpg  used on input line 40134.
(pdftex.def)             Requested size: 469.76932pt x 413.05002pt.
 [386 <./pylammps_mc_minimum.jpg>]
Underfull \vbox (badness 2213) detected at line 40177
 []

[387 <./pylammps_mc_disordered.jpg>]
<pylammps_mc_energies_plot.jpg, id=42854, 786.94pt x 664.4825pt>
File: pylammps_mc_energies_plot.jpg Graphic file (type jpg)
<use pylammps_mc_energies_plot.jpg>
Package pdftex.def Info: pylammps_mc_energies_plot.jpg  used on input line 4018
2.
(pdftex.def)             Requested size: 469.75409pt x 396.65459pt.
 [388]
Overfull \vbox (1.82497pt too high) detected at line 40225
 []

[389 <./pylammps_mc_energies_plot.jpg>]
<updates.png, id=42870, 664.73344pt x 478.03593pt>
File: updates.png Graphic file (type png)
<use updates.png>
Package pdftex.def Info: updates.png  used on input line 40285.
(pdftex.def)             Requested size: 332.3659pt x 239.01738pt.
 [390]
<windows_update.png, id=42875, 904.88063pt x 703.12688pt>
File: windows_update.png Graphic file (type png)
<use windows_update.png>
Package pdftex.def Info: windows_update.png  used on input line 40291.
(pdftex.def)             Requested size: 452.43921pt x 351.56258pt.
 [391 <./updates.png> <./windows_update.png>]
<osinfo.png, id=42882, 904.88063pt x 703.12688pt>
File: osinfo.png Graphic file (type png)
<use osinfo.png>
Package pdftex.def Info: osinfo.png  used on input line 40297.
(pdftex.def)             Requested size: 452.43921pt x 351.56258pt.
<powershell.png, id=42883, 635.37375pt x 475.02469pt>
File: powershell.png Graphic file (type png)
<use powershell.png>
Package pdftex.def Info: powershell.png  used on input line 40307.
(pdftex.def)             Requested size: 317.6861pt x 237.51175pt.
 [392 <./osinfo.png>]
<wsl_install1.png, id=42888, 646.66594pt x 225.84375pt>
File: wsl_install1.png Graphic file (type png)
<use wsl_install1.png>
Package pdftex.def Info: wsl_install1.png  used on input line 40317.
(pdftex.def)             Requested size: 469.75325pt x 164.06851pt.
<wsl_install2.png, id=42889, 646.66594pt x 225.84375pt>
File: wsl_install2.png Graphic file (type png)
<use wsl_install2.png>
Package pdftex.def Info: wsl_install2.png  used on input line 40326.
(pdftex.def)             Requested size: 469.75325pt x 164.06851pt.
 [393 <./powershell.png> <./wsl_install1.png>]
<wsl_install3.png, id=42896, 646.66594pt x 184.43906pt>
File: wsl_install3.png Graphic file (type png)
<use wsl_install3.png>
Package pdftex.def Info: wsl_install3.png  used on input line 40351.
(pdftex.def)             Requested size: 469.75325pt x 133.98083pt.
<ubuntu_in_store.png, id=42898, 861.2175pt x 602.25pt>
File: ubuntu_in_store.png Graphic file (type png)
<use ubuntu_in_store.png>
Package pdftex.def Info: ubuntu_in_store.png  used on input line 40362.
(pdftex.def)             Requested size: 430.6077pt x 301.12425pt.

[394 <./wsl_install2.png> <./wsl_install3.png>]
<first_login.png, id=42906, 737.00343pt x 385.44pt>
File: first_login.png Graphic file (type png)
<use first_login.png>
Package pdftex.def Info: first_login.png  used on input line 40373.
(pdftex.def)             Requested size: 368.50081pt x 192.71953pt.
 [395 <./ubuntu_in_store.png> <./first_login.png>]
<wsl_integration.png, id=42912, 747.54282pt x 394.47375pt>
File: wsl_integration.png Graphic file (type png)
<use wsl_integration.png>
Package pdftex.def Info: wsl_integration.png  used on input line 40395.
(pdftex.def)             Requested size: 373.7705pt x 197.23639pt.
 [396 <./wsl_integration.png>]
<compilation_result.png, id=42920, 737.00343pt x 219.06844pt>
File: compilation_result.png Graphic file (type png)
<use compilation_result.png>
Package pdftex.def Info: compilation_result.png  used on input line 40500.
(pdftex.def)             Requested size: 368.50081pt x 109.53394pt.
 [397 <./compilation_result.png>]
<windows_firewall.png, id=42926, 810.02625pt x 285.31593pt>
File: windows_firewall.png Graphic file (type png)
<use windows_firewall.png>
Package pdftex.def Info: windows_firewall.png  used on input line 40561.
(pdftex.def)             Requested size: 469.76611pt x 165.46158pt.
 [398 <./windows_firewall.png>]
LaTeX Font Info:    Trying to load font information for U+fontawesomefree2 on i
nput line 40652.

(/usr/share/texlive/texmf-dist/tex/latex/fontawesome5/ufontawesomefree2.fd)
[399] [400

]
Chapter 9.
[401] [402] [403] [404

]
Chapter 10.
[405]
Underfull \hbox (badness 10000) in paragraph at lines 41521--41521
[][][]\T1/qtm/m/it/10 LAMMPS cod-ing
 []


Underfull \hbox (badness 10000) in paragraph at lines 41521--41521
[][][]\T1/qtm/m/it/10 LAMMPS-
 []


Underfull \hbox (badness 10000) in paragraph at lines 41521--41521
[][][]\T1/qtm/m/it/10 Re-gres-sion
 []


Underfull \hbox (badness 10000) in paragraph at lines 41521--41521
[][][]\T1/qtm/m/it/10 sin-gu-lar-
 []


Underfull \hbox (badness 10000) in paragraph at lines 41521--41521
[][][]\T1/qtm/m/it/10 SWIG
 []

[406] [407]
Underfull \hbox (badness 10000) in paragraph at lines 41681--41681
[]\T1/txtt/m/n/10 .[]/[]abf_[]integrate[][][]<[][]filename[][]>[][][][[]n[][][]
<[][]nsteps[][]>[]][][][[]t[][][]<[][]temp[][]>[]][][][[]m[][][0|1][][](metadyn
amics)][][][[]h[][]
 []

[408] [409] [410] [411] [412]
Underfull \hbox (badness 10000) in paragraph at lines 42174--42178
[]\T1/qtm/m/n/10 When build-ing on ma-cOS, the build pro-ce-dure will try to ma
n-u-fac-ture a drag-n-drop in-staller,
 []

[413] [414] [415] [416] [417] [418] [419] [420] [421] [422]
Chapter 11.
[423

] [424] [425] [426] [427] [428] [429] [430] [431] [432] [433] [434]
[435] [436] [437] [438] [439] [440] [441] [442] [443] [444] [445] [446]
[447] [448] [449] [450] [451] [452] [453] [454] [455] [456] [457] [458]
[459] [460] [461] [462] [463] [464] [465] [466] [467] [468] [469] [470]
[471] [472] [473] [474] [475] [476] [477] [478] [479] [480] [481] [482]
[483] [484] [485] [486] [487] [488] [489] [490] [491] [492] [493] [494]
[495] [496] [497] [498] [499] [500] [501] [502] [503] [504] [505] [506]
[507] [508] [509] [510] [511] [512] [513] [514] [515] [516] [517] [518]
[519] [520] [521] [522] [523] [524] [525] [526] [527] [528] [529] [530]
[531] [532] [533] [534] [535] [536] [537] [538] [539] [540] [541] [542]
[543] [544] [545] [546] [547] [548] [549] [550] [551] [552] [553] [554]
[555] [556] [557] [558] [559] [560] [561] [562] [563] [564] [565] [566

]
[567] [568]
Chapter 1.
[569

] [570] [571] [572] [573] [574] [575] [576] [577] [578]
Underfull \hbox (badness 6758) in paragraph at lines 56733--56740
[]\T1/qtm/m/n/10 This func-tion pro-vides ac-cess to cached data from the last 
thermo out-put. This dif-fers from
 []

LaTeX Font Info:    Font shape `T1/phv/m/it' in size <10> not available
(Font)              Font shape `T1/phv/m/sl' tried instead on input line 56749.


Underfull \hbox (badness 10000) in paragraph at lines 56748--56750
[]|\T1/phv/m/n/10 Value of
 []


Underfull \hbox (badness 10000) in paragraph at lines 56757--56760
[]|\T1/phv/m/n/10 Uses
 []


Underfull \hbox (badness 10000) in paragraph at lines 56843--56845
[]|\T1/qtm/m/n/10 data type of thermo out-put col-umn; see
 []

[579] [580] [581]
Overfull \hbox (3.56161pt too wide) in paragraph at lines 57304--57306
[]|\T1/qtm/m/n/10 kokkos_nthreads| 
 []

[582]
Underfull \hbox (badness 10000) in paragraph at lines 57371--57373
[]|\T1/qtm/m/n/10 uni-
 []


Overfull \hbox (3.67674pt too wide) in paragraph at lines 57420--57422
[]|\T1/qtm/m/n/10 ghost_velocity| 
 []


Overfull \hbox (1.94676pt too wide) in paragraph at lines 57562--57564
[]|\T1/qtm/m/n/10 molecule_flag| 
 []

[583] [584] [585]
Overfull \hbox (6.59918pt too wide) in paragraph at lines 58537--58539
[]|\T1/qtm/m/n/10 lammps_version| 
 []

[586] [587] [588] [589]
Underfull \hbox (badness 10000) in paragraph at lines 59207--59209
[]|\T1/phv/m/n/10 Style (see
 []


Underfull \hbox (badness 10000) in paragraph at lines 59210--59212
[]|\T1/phv/m/n/10 Type (see
 []


Underfull \hbox (badness 10000) in paragraph at lines 59213--59215
[]|\T1/phv/m/n/10 Re-turned
 []


Overfull \hbox (2.43123pt too wide) in paragraph at lines 59221--59223
[]|\T1/qtm/m/n/10 LMP_STYLE_GLOBAL| 
 []


Overfull \hbox (2.43123pt too wide) in paragraph at lines 59234--59236
[]|\T1/qtm/m/n/10 LMP_STYLE_GLOBAL| 
 []


Overfull \hbox (0.9188pt too wide) in paragraph at lines 59237--59239
[]|\T1/qtm/m/n/10 LMP_TYPE_VECTOR| 
 []


Overfull \hbox (2.43123pt too wide) in paragraph at lines 59247--59249
[]|\T1/qtm/m/n/10 LMP_STYLE_GLOBAL| 
 []


Overfull \hbox (2.43123pt too wide) in paragraph at lines 59260--59262
[]|\T1/qtm/m/n/10 LMP_STYLE_GLOBAL| 
 []


Overfull \hbox (2.43123pt too wide) in paragraph at lines 59273--59275
[]|\T1/qtm/m/n/10 LMP_STYLE_GLOBAL| 
 []


Overfull \hbox (2.43123pt too wide) in paragraph at lines 59286--59288
[]|\T1/qtm/m/n/10 LMP_STYLE_GLOBAL| 
 []


Overfull \hbox (0.9188pt too wide) in paragraph at lines 59302--59304
[]|\T1/qtm/m/n/10 LMP_TYPE_VECTOR| 
 []


Overfull \hbox (0.9188pt too wide) in paragraph at lines 59341--59343
[]|\T1/qtm/m/n/10 LMP_TYPE_VECTOR| 
 []

[590]
Underfull \hbox (badness 10000) in paragraph at lines 59492--59494
[]|\T1/phv/m/n/10 Style (see
 []


Underfull \hbox (badness 10000) in paragraph at lines 59495--59497
[]|\T1/phv/m/n/10 Type (see
 []


Underfull \hbox (badness 10000) in paragraph at lines 59498--59500
[]|\T1/phv/m/n/10 Re-turned
 []


Overfull \hbox (2.43123pt too wide) in paragraph at lines 59506--59508
[]|\T1/qtm/m/n/10 LMP_STYLE_GLOBAL| 
 []


Overfull \hbox (2.43123pt too wide) in paragraph at lines 59519--59521
[]|\T1/qtm/m/n/10 LMP_STYLE_GLOBAL| 
 []


Overfull \hbox (0.9188pt too wide) in paragraph at lines 59522--59524
[]|\T1/qtm/m/n/10 LMP_TYPE_VECTOR| 
 []


Overfull \hbox (2.43123pt too wide) in paragraph at lines 59532--59534
[]|\T1/qtm/m/n/10 LMP_STYLE_GLOBAL| 
 []


Overfull \hbox (2.43123pt too wide) in paragraph at lines 59545--59547
[]|\T1/qtm/m/n/10 LMP_STYLE_GLOBAL| 
 []


Overfull \hbox (2.43123pt too wide) in paragraph at lines 59558--59560
[]|\T1/qtm/m/n/10 LMP_STYLE_GLOBAL| 
 []


Overfull \hbox (2.43123pt too wide) in paragraph at lines 59571--59573
[]|\T1/qtm/m/n/10 LMP_STYLE_GLOBAL| 
 []


Overfull \hbox (0.9188pt too wide) in paragraph at lines 59587--59589
[]|\T1/qtm/m/n/10 LMP_TYPE_VECTOR| 
 []


Overfull \hbox (0.9188pt too wide) in paragraph at lines 59626--59628
[]|\T1/qtm/m/n/10 LMP_TYPE_VECTOR| 
 []

[591] [592] [593] [594] [595] [596] [597] [598] [599] [600] [601] [602]
[603] [604] [605] [606] [607] [608] [609] [610] [611] [612] [613] [614]
[615] [616] [617]
Underfull \hbox (badness 6016) in paragraph at lines 62746--62750
[]\T1/qtm/m/n/10 More de-tailed in-for-ma-tion about the avail-able de-vice or 
de-vices can be ob-tained by call-ing the
 []

[618] [619] [620] [621] [622]
Underfull \hbox (badness 10000) in paragraph at lines 63419--63426
[]\T1/qtm/m/n/10 This is an al-ter-na-tive to the call-back mech-a-nism in fix 
ex-ter-nal set up by
 []

[623]
Underfull \hbox (badness 10000) in paragraph at lines 63473--63485
[]\T1/qtm/m/n/10 This is a com-pan-ion func-tion to [][]\T1/txtt/m/sl/10 lammps
_set_fix_external_callback()[][] \T1/qtm/m/n/10 and
 []

[624]
Underfull \hbox (badness 10000) in paragraph at lines 63593--63597
[]\T1/qtm/m/n/10 This is a com-pan-ion func-tion to [][]\T1/txtt/m/sl/10 lammps
_set_fix_external_callback()[][] \T1/qtm/m/n/10 and
 []

[625]
Underfull \hbox (badness 10000) in paragraph at lines 63721--63726
[]\T1/qtm/m/n/10 This is a com-pan-ion func-tion to [][]\T1/txtt/m/sl/10 lammps
_set_fix_external_callback()[][] \T1/qtm/m/n/10 and
 []


Underfull \hbox (badness 10000) in paragraph at lines 63779--63785
[]\T1/qtm/m/n/10 This is a com-pan-ion func-tion to [][]\T1/txtt/m/sl/10 lammps
_set_fix_external_callback()[][] \T1/qtm/m/n/10 and
 []

[626] [627] [628]
Underfull \hbox (badness 10000) in paragraph at lines 64125--64129
[]\T1/qtm/m/n/10 All ad-di-tions should work and be com-pat-i-ble with []\T1/tx
tt/m/n/10 DLAMMPS_BIGBIG\T1/qtm/m/n/10 , []\T1/txtt/m/n/10 DLAMMPS_SMALLBIG\T1/
qtm/m/n/10 ,
 []

[629]
LaTeX Font Info:    Font shape `T1/txtt/b/n' in size <12> not available
(Font)              Font shape `T1/txtt/bx/n' tried instead on input line 64185
.
 [630] [631] [632] [633] [634]
Overfull \hbox (2.36906pt too wide) in paragraph at lines 64659--64661
[]\T1/txtt/bx/n/10 % neighlist_element_neighbors \T1/qtm/m/it/10 [subroutine] \
T1/qtm/m/n/10 :: \T1/txtt/m/n/10 neighlist_element_neighbors() 
 []

[635]
Underfull \hbox (badness 10000) in paragraph at lines 64771--64773
[]\T1/txtt/bx/n/10 % fix_external_set_energy_global \T1/qtm/m/it/10 [subroutine
] \T1/qtm/m/n/10 ::
 []


Underfull \hbox (badness 10000) in paragraph at lines 64775--64777
[]\T1/txtt/bx/n/10 % fix_external_set_virial_global \T1/qtm/m/it/10 [subroutine
] \T1/qtm/m/n/10 ::
 []


Underfull \hbox (badness 10000) in paragraph at lines 64779--64781
[]\T1/txtt/bx/n/10 % fix_external_set_energy_peratom \T1/qtm/m/it/10 [subroutin
e] \T1/qtm/m/n/10 ::
 []


Underfull \hbox (badness 10000) in paragraph at lines 64783--64785
[]\T1/txtt/bx/n/10 % fix_external_set_virial_peratom \T1/qtm/m/it/10 [subroutin
e] \T1/qtm/m/n/10 ::
 []


Underfull \hbox (badness 10000) in paragraph at lines 64787--64789
[]\T1/txtt/bx/n/10 % fix_external_set_vector_length \T1/qtm/m/it/10 [subroutine
] \T1/qtm/m/n/10 ::
 []

[636]
Underfull \hbox (badness 7777) in paragraph at lines 64892--64900
\T1/qtm/m/n/10 This de-rived type is there to pro-vide a con-ve-nient in-ter-fa
ce for the style con-stants used with
 []

[637] [638] [639] [640] [641] [642] [643] [644] [645] [646]
Overfull \hbox (2.60121pt too wide) in paragraph at lines 65918--65920
[]|\T1/txtt/m/n/10 lmp%style%global| 
 []


Overfull \hbox (1.79877pt too wide) in paragraph at lines 65921--65923
[]|\T1/txtt/m/n/10 lmp%type%scalar| 
 []


Overfull \hbox (2.60121pt too wide) in paragraph at lines 65931--65933
[]|\T1/txtt/m/n/10 lmp%style%global| 
 []


Overfull \hbox (1.79877pt too wide) in paragraph at lines 65934--65936
[]|\T1/txtt/m/n/10 lmp%type%vector| 
 []


Underfull \hbox (badness 10000) in paragraph at lines 65937--65939
[]|\T1/txtt/m/n/10 REAL(c_double), DIMENSION(:),
 []


Overfull \hbox (2.60121pt too wide) in paragraph at lines 65944--65946
[]|\T1/txtt/m/n/10 lmp%style%global| 
 []


Underfull \hbox (badness 10000) in paragraph at lines 65950--65952
[]|\T1/txtt/m/n/10 REAL(c_double), DIMENSION(:,:),
 []


Overfull \hbox (1.79877pt too wide) in paragraph at lines 65960--65962
[]|\T1/txtt/m/n/10 lmp%type%vector| 
 []


Underfull \hbox (badness 10000) in paragraph at lines 65963--65965
[]|\T1/txtt/m/n/10 REAL(c_double), DIMENSION(:),
 []


Underfull \hbox (badness 10000) in paragraph at lines 65976--65978
[]|\T1/txtt/m/n/10 REAL(c_double), DIMENSION(:,:),
 []


Overfull \hbox (1.79877pt too wide) in paragraph at lines 65986--65988
[]|\T1/txtt/m/n/10 lmp%type%vector| 
 []


Underfull \hbox (badness 10000) in paragraph at lines 65989--65991
[]|\T1/txtt/m/n/10 REAL(c_double), DIMENSION(:),
 []


Underfull \hbox (badness 10000) in paragraph at lines 66002--66004
[]|\T1/txtt/m/n/10 REAL(c_double), DIMENSION(:,:),
 []

[647]
Overfull \hbox (7.04875pt too wide) in paragraph at lines 66125--66127
[]|\T1/txtt/m/n/10 lmp%style%global| 
 []


Overfull \hbox (6.24632pt too wide) in paragraph at lines 66128--66130
[]|\T1/txtt/m/n/10 lmp%type%scalar| 
 []


Overfull \hbox (7.04875pt too wide) in paragraph at lines 66144--66146
[]|\T1/txtt/m/n/10 lmp%style%global| 
 []


Overfull \hbox (6.24632pt too wide) in paragraph at lines 66147--66149
[]|\T1/txtt/m/n/10 lmp%type%vector| 
 []


Underfull \hbox (badness 10000) in paragraph at lines 66159--66162
[]|\T1/qtm/m/n/10 El-e-ment of
 []


Overfull \hbox (7.04875pt too wide) in paragraph at lines 66163--66165
[]|\T1/txtt/m/n/10 lmp%style%global| 
 []


Overfull \hbox (0.99634pt too wide) in paragraph at lines 66166--66168
[]|\T1/txtt/m/n/10 lmp%type%array| 
 []


Underfull \hbox (badness 10000) in paragraph at lines 66178--66181
[]|\T1/qtm/m/n/10 El-e-ment of
 []


Overfull \hbox (6.24632pt too wide) in paragraph at lines 66185--66187
[]|\T1/txtt/m/n/10 lmp%type%scalar| 
 []


Overfull \hbox (6.24632pt too wide) in paragraph at lines 66195--66197
[]|\T1/txtt/m/n/10 lmp%type%vector| 
 []


Underfull \hbox (badness 10000) in paragraph at lines 66204--66206
[]|\T1/txtt/m/n/10 REAL(c_double),
 []


Underfull \hbox (badness 10000) in paragraph at lines 66204--66206
\T1/txtt/m/n/10 DIMENSION(:),
 []


Overfull \hbox (0.99634pt too wide) in paragraph at lines 66214--66216
[]|\T1/txtt/m/n/10 lmp%type%array| 
 []


Underfull \hbox (badness 10000) in paragraph at lines 66223--66225
[]|\T1/txtt/m/n/10 REAL(c_double),
 []


Underfull \hbox (badness 10000) in paragraph at lines 66223--66225
\T1/txtt/m/n/10 DIMENSION(:,:),
 []


Overfull \hbox (1.79877pt too wide) in paragraph at lines 66230--66232
[]|\T1/txtt/m/n/10 lmp%style%local| 
 []


Overfull \hbox (6.24632pt too wide) in paragraph at lines 66233--66235
[]|\T1/txtt/m/n/10 lmp%type%scalar| 
 []


Overfull \hbox (1.79877pt too wide) in paragraph at lines 66240--66242
[]|\T1/txtt/m/n/10 lmp%style%local| 
 []


Overfull \hbox (6.24632pt too wide) in paragraph at lines 66243--66245
[]|\T1/txtt/m/n/10 lmp%type%vector| 
 []


Underfull \hbox (badness 10000) in paragraph at lines 66252--66254
[]|\T1/txtt/m/n/10 REAL(c_double),
 []


Underfull \hbox (badness 10000) in paragraph at lines 66252--66254
\T1/txtt/m/n/10 DIMENSION(:),
 []


Overfull \hbox (1.79877pt too wide) in paragraph at lines 66259--66261
[]|\T1/txtt/m/n/10 lmp%style%local| 
 []


Overfull \hbox (0.99634pt too wide) in paragraph at lines 66262--66264
[]|\T1/txtt/m/n/10 lmp%type%array| 
 []


Underfull \hbox (badness 10000) in paragraph at lines 66271--66273
[]|\T1/txtt/m/n/10 REAL(c_double),
 []


Underfull \hbox (badness 10000) in paragraph at lines 66271--66273
\T1/txtt/m/n/10 DIMENSION(:,:),
 []

[648] [649] [650] [651] [652] [653] [654] [655] [656] [657] [658] [659]
[660] [661] [662] [663] [664] [665] [666] [667]
Underfull \hbox (badness 6016) in paragraph at lines 68431--68435
[]\T1/qtm/m/n/10 More de-tailed in-for-ma-tion about the avail-able de-vice or 
de-vices can be ob-tained by call-ing the
 []

[668] [669] [670] [671] [672]
Underfull \vbox (badness 10000) detected at line 69093
 []


Overfull \vbox (12.0pt too high) detected at line 69093
 []

[673]
Underfull \hbox (badness 10000) in paragraph at lines 69136--69143
[]\T1/qtm/m/n/10 This func-tion is an al-ter-na-tive to the call-back mech-a-ni
sm in fix ex-ter-nal set up by
 []

[674] [675] [676] [677] [678] [679] [680]
Chapter 2.
[681

]
<python-invoke-lammps.png, id=45574, 639.89063pt x 141.52875pt>
File: python-invoke-lammps.png Graphic file (type png)
<use python-invoke-lammps.png>
Package pdftex.def Info: python-invoke-lammps.png  used on input line 69893.
(pdftex.def)             Requested size: 469.7623pt x 103.90036pt.
<pylammps-invoke-lammps.png, id=45578, 710.655pt x 247.67531pt>
File: pylammps-invoke-lammps.png Graphic file (type png)
<use pylammps-invoke-lammps.png>
Package pdftex.def Info: pylammps-invoke-lammps.png  used on input line 69909.
(pdftex.def)             Requested size: 469.77112pt x 163.7194pt.
<lammps-invoke-python.png, id=45579, 655.69969pt x 265.74281pt>
File: lammps-invoke-python.png Graphic file (type png)
<use lammps-invoke-python.png>
Package pdftex.def Info: lammps-invoke-python.png  used on input line 69926.
(pdftex.def)             Requested size: 469.7622pt x 190.38582pt.
 [682 <./python-invoke-lammps.png> <./pylammps-invoke-lammps.png>]
Underfull \hbox (badness 10000) in paragraph at lines 70024--70026
[]\T1/txtt/m/n/10 $HOME/.local/
 []


Underfull \hbox (badness 10000) in paragraph at lines 70024--70026
\T1/txtt/m/n/10 lib/pythonX.Y/
 []


Underfull \hbox (badness 10000) in paragraph at lines 70037--70039
[]\T1/txtt/m/n/10 $HOME/.local/
 []


Underfull \hbox (badness 10000) in paragraph at lines 70037--70039
\T1/txtt/m/n/10 lib/pythonX.Y/
 []


Underfull \hbox (badness 10000) in paragraph at lines 70075--70077
[]\T1/txtt/m/n/10 /usr/lib/pythonX.Y/
 []


Underfull \hbox (badness 10000) in paragraph at lines 70088--70090
[]\T1/txtt/m/n/10 /usr/lib/pythonX.Y/
 []

[683 <./lammps-invoke-python.png>] [684]
Underfull \hbox (badness 10000) in paragraph at lines 70232--70234
[]\T1/txtt/m/n/10 $VIRTUAL_ENV/
 []


Underfull \hbox (badness 10000) in paragraph at lines 70232--70234
\T1/txtt/m/n/10 lib/pythonX.Y/
 []


Underfull \hbox (badness 10000) in paragraph at lines 70245--70247
[]\T1/txtt/m/n/10 $VIRTUAL_ENV/
 []


Underfull \hbox (badness 10000) in paragraph at lines 70245--70247
\T1/txtt/m/n/10 lib/pythonX.Y/
 []

[685] [686] [687] [688] [689] [690] [691]
Underfull \vbox (badness 1132) detected at line 70901
 []

[692] [693]
Underfull \vbox (badness 10000) detected at line 71096
 []

[694] [695]
Underfull \vbox (badness 10000) detected at line 71195
 []

[696] [697] [698] [699]
Overfull \vbox (2.6316pt too high) detected at line 71496
 []

[700] [701]
LaTeX Font Info:    Font shape `T1/txtt/b/n' in size <14.4> not available
(Font)              Font shape `T1/txtt/bx/n' tried instead on input line 71624
.
 [702] [703] [704] [705] [706] [707] [708]
Underfull \hbox (badness 10000) in paragraph at lines 72480--72485
\T1/qtm/m/n/10 ctypes.POINTER(ctypes.c_int32), ctypes.POINTER(ctypes.POINTER(ct
ypes.c_int32)),
 []


Underfull \hbox (badness 10000) in paragraph at lines 72480--72485
\T1/qtm/m/n/10 ctypes.POINTER(ctypes.c_int64), ctypes.POINTER(ctypes.POINTER(ct
ypes.c_int64)),
 []

[709] [710] [711] [712] [713] [714] [715]
Underfull \hbox (badness 10000) in paragraph at lines 73430--73433
[]\T1/qtm/m/n/10 This is a wrap-per around the func-tions [][]\T1/txtt/m/sl/10 
lammps_config_package_count()[][] \T1/qtm/m/n/10 and
 []

[716] [717] [718] [719] [720] [721] [722] [723] [724] [725] [726] [727]
[728] [729] [730] [731] [732]
Underfull \hbox (badness 10000) in paragraph at lines 75799--75807
\T1/txtt/m/sl/10 extract_compute()[][]\T1/qtm/m/n/10 , [][]\T1/txtt/m/sl/10 lam
mps.extract_fix()[][]\T1/qtm/m/n/10 , and their NumPy vari-ants [][]\T1/txtt/m/
sl/10 lammps.numpy.
 []


Underfull \hbox (badness 10000) in paragraph at lines 75819--75827
\T1/txtt/m/sl/10 extract_compute()[][]\T1/qtm/m/n/10 , [][]\T1/txtt/m/sl/10 lam
mps.extract_fix()[][]\T1/qtm/m/n/10 , and their NumPy vari-ants [][]\T1/txtt/m/
sl/10 lammps.numpy.
 []

[733] [734] [735] [736]
<screenshot_gl.jpg, id=46305, 1347.0325pt x 1145.27875pt>
File: screenshot_gl.jpg Graphic file (type jpg)
<use screenshot_gl.jpg>
Package pdftex.def Info: screenshot_gl.jpg  used on input line 76382.
(pdftex.def)             Requested size: 112.74377pt x 95.85324pt.
<screenshot_atomeye.jpg, id=46306, 1399.2275pt x 1277.77374pt>
File: screenshot_atomeye.jpg Graphic file (type jpg)
<use screenshot_atomeye.jpg>
Package pdftex.def Info: screenshot_atomeye.jpg  used on input line 76382.
(pdftex.def)             Requested size: 112.74377pt x 102.94537pt.
<screenshot_pymol.jpg, id=46307, 1569.865pt x 1312.905pt>
File: screenshot_pymol.jpg Graphic file (type jpg)
<use screenshot_pymol.jpg>
Package pdftex.def Info: screenshot_pymol.jpg  used on input line 76382.
(pdftex.def)             Requested size: 112.74377pt x 94.27666pt.
<screenshot_vmd.jpg, id=46308, 1373.13pt x 1459.4525pt>
File: screenshot_vmd.jpg Graphic file (type jpg)
<use screenshot_vmd.jpg>
Package pdftex.def Info: screenshot_vmd.jpg  used on input line 76382.
(pdftex.def)             Requested size: 112.74377pt x 119.8095pt.
 [737] [738 <./screenshot_gl.jpg> <./screenshot_atomeye.jpg> <./screenshot_pymo
l.jpg> <./screenshot_vmd.jpg>] [739] [740

]
Chapter 3.
[741] [742] [743] [744] [745] [746] [747] [748] [749] [750] [751] [752]
[753] [754] [755] [756]
Overfull \hbox (18.89503pt too wide) in alignment at lines 78784--78786
 [] [] 
 []


Overfull \hbox (18.89503pt too wide) in alignment at lines 78786--78792
 [] [] 
 []


Overfull \hbox (18.89503pt too wide) in alignment at lines 78792--78798
 [] [] 
 []


Overfull \hbox (18.89503pt too wide) in alignment at lines 78798--78800
 [] [] 
 []


Overfull \hbox (18.89503pt too wide) in alignment at lines 78800--79181
 [] [] 
 []

[757] [758] [759] [760] [761]
Underfull \hbox (badness 10000) in paragraph at lines 79707--79711
[]\T1/qtm/m/n/10 These quan-ti-ties, among oth-ers, are cal-cu-lated in the \T1
/txtt/m/n/10 GranularModel[]>check_contact() \T1/qtm/m/n/10 and
 []

[762] [763] [764]
Underfull \hbox (badness 6412) in paragraph at lines 79961--79965
[]\T1/qtm/m/n/10 Adding a new math func-tion of one or two ar-gu-ments can be d
one by edit-ing one sec-tion of the
 []

[765] [766

]
Chapter 4.
[767]
<lammps-classes.png, id=46577, 1263.21938pt x 1154.06157pt>
File: lammps-classes.png Graphic file (type png)
<use lammps-classes.png>
Package pdftex.def Info: lammps-classes.png  used on input line 80076.
(pdftex.def)             Requested size: 469.7547pt x 429.16206pt.
LaTeX Font Info:    Font shape `T1/txtt/m/it' in size <9> not available
(Font)              Font shape `T1/txtt/m/sl' tried instead on input line 80087
.
 [768] [769 <./lammps-classes.png>] [770] [771] [772] [773] [774] [775]
[776]
<domain-decomp.png, id=46656, 1230.09563pt x 311.66437pt>
File: domain-decomp.png Graphic file (type png)
<use domain-decomp.png>
Package pdftex.def Info: domain-decomp.png  used on input line 80832.
(pdftex.def)             Requested size: 469.74988pt x 119.01863pt.
 [777 <./domain-decomp.png>]
<decomp-regular.png, id=46667, 301.125pt x 301.125pt>
File: decomp-regular.png Graphic file (type png)
<use decomp-regular.png>
Package pdftex.def Info: decomp-regular.png  used on input line 80902.
(pdftex.def)             Requested size: 112.74377pt x 112.74239pt.
<decomp-processors.png, id=46668, 301.125pt x 301.125pt>
File: decomp-processors.png Graphic file (type png)
<use decomp-processors.png>
Package pdftex.def Info: decomp-processors.png  used on input line 80902.
(pdftex.def)             Requested size: 112.74377pt x 112.74239pt.
<decomp-balance.png, id=46669, 301.125pt x 301.125pt>
File: decomp-balance.png Graphic file (type png)
<use decomp-balance.png>
Package pdftex.def Info: decomp-balance.png  used on input line 80902.
(pdftex.def)             Requested size: 112.74377pt x 112.74239pt.
<decomp-rcb.png, id=46670, 301.125pt x 301.125pt>
File: decomp-rcb.png Graphic file (type png)
<use decomp-rcb.png>
Package pdftex.def Info: decomp-rcb.png  used on input line 80902.
(pdftex.def)             Requested size: 112.74377pt x 112.74239pt.
<ghost-comm.png, id=46672, 564.60938pt x 256.70906pt>
File: ghost-comm.png Graphic file (type png)
<use ghost-comm.png>
Package pdftex.def Info: ghost-comm.png  used on input line 80950.
(pdftex.def)             Requested size: 469.76286pt x 213.58551pt.
 [778 <./decomp-regular.png> <./decomp-processors.png> <./decomp-balance.png> <
./decomp-rcb.png>] [779 <./ghost-comm.png>]
<neigh-stencil.png, id=46687, 350.9913pt x 144.54pt>
File: neigh-stencil.png Graphic file (type png)
<use neigh-stencil.png>
Package pdftex.def Info: neigh-stencil.png  used on input line 81105.
(pdftex.def)             Requested size: 350.99045pt x 144.53963pt.

[780] [781 <./neigh-stencil.png>]
<fft-decomp-parallel.png, id=46703, 614.295pt x 157.18726pt>
File: fft-decomp-parallel.png Graphic file (type png)
<use fft-decomp-parallel.png>
Package pdftex.def Info: fft-decomp-parallel.png  used on input line 81313.
(pdftex.def)             Requested size: 469.75604pt x 120.20708pt.
 [782] [783 <./fft-decomp-parallel.png>]
[784] [785] [786] [787] [788] [789] [790] [791] [792] [793] [794] [795]
[796] [797]
Overfull \vbox (1.53638pt too high) detected at line 82805
 []

[798]
Underfull \vbox (badness 1226) detected at line 82860
 []

[799] [800] [801] [802] [803] [804]
Overfull \vbox (1.87393pt too high) detected at line 83268
 []

[805] [806] [807] [808] [809] [810] [811]
Underfull \hbox (badness 10000) in paragraph at lines 83689--83695
[]\T1/qtm/m/n/10 Sim-i-lar to the re-verse com-mu-ni-ca-tion, this re-quires im
-ple-ment-ing a \T1/txtt/m/n/10 pack_forward_comm() \T1/qtm/m/n/10 and an
 []

[812] [813] [814] [815] [816] [817] [818] [819] [820] [821] [822] [823]
[824] [825] [826] [827] [828] [829] [830] [831] [832] [833] [834] [835]
[836] [837] [838] [839] [840] [841] [842] [843] [844] [845] [846] [847]
[848]
Underfull \hbox (badness 10000) in paragraph at lines 87848--87848
[]\T1/qtm/m/n/10 dou-
 []


Underfull \hbox (badness 10000) in paragraph at lines 87848--87848
[]\T1/qtm/m/n/10 im-
 []


Underfull \hbox (badness 10000) in paragraph at lines 87848--87848
[]\T1/qtm/m/n/10 3 im-age flags en-coded into a sin-gle in-te-ger. See
 []


Underfull \hbox (badness 10000) in paragraph at lines 87848--87848
[]\T1/qtm/m/n/10 dou-
 []


Underfull \hbox (badness 10000) in paragraph at lines 87848--87848
[]\T1/qtm/m/n/10 dou-
 []


Underfull \hbox (badness 10000) in paragraph at lines 87848--87848
[]\T1/qtm/m/n/10 dou-
 []


Overfull \hbox (3.77254pt too wide) in paragraph at lines 87848--87848
[]\T1/qtm/m/n/10 molecule| 
 []


Underfull \hbox (badness 10000) in paragraph at lines 87848--87848
[]\T1/qtm/m/n/10 dou-
 []


Underfull \hbox (badness 10000) in paragraph at lines 87848--87848
[]\T1/qtm/m/n/10 dou-
 []


Underfull \hbox (badness 10000) in paragraph at lines 87848--87848
[]\T1/qtm/m/n/10 dou-
 []


Overfull \hbox (2.11253pt too wide) in paragraph at lines 87848--87848
[]\T1/qtm/m/n/10 angmom| 
 []


Underfull \hbox (badness 10000) in paragraph at lines 87848--87848
[]\T1/qtm/m/n/10 dou-
 []


Underfull \hbox (badness 10000) in paragraph at lines 87848--87848
[]\T1/qtm/m/n/10 dou-
 []


Underfull \hbox (badness 10000) in paragraph at lines 87848--87848
[]\T1/qtm/m/n/10 dou-
 []


Underfull \hbox (badness 10000) in paragraph at lines 87848--87848
[]\T1/qtm/m/n/10 dou-
 []


Underfull \hbox (badness 10000) in paragraph at lines 87848--87848
[]\T1/qtm/m/n/10 el-lip-
 []


Underfull \hbox (badness 10000) in paragraph at lines 87848--87848
[]\T1/qtm/m/n/10 dou-
 []


Underfull \hbox (badness 10000) in paragraph at lines 87848--87848
[]\T1/qtm/m/n/10 tem-per-
 []


Underfull \hbox (badness 10000) in paragraph at lines 87848--87848
[]\T1/qtm/m/n/10 dou-
 []


Underfull \hbox (badness 10000) in paragraph at lines 87848--87848
[]\T1/qtm/m/n/10 heat-
 []


Underfull \hbox (badness 10000) in paragraph at lines 87848--87848
[]\T1/qtm/m/n/10 dou-
 []


Underfull \hbox (badness 10000) in paragraph at lines 87848--87848
[]\T1/qtm/m/n/10 dou-
 []


Overfull \hbox (1.55254pt too wide) in paragraph at lines 87848--87848
[]\T1/qtm/m/n/10 i2_name| 
 []


Overfull \hbox (3.77254pt too wide) in paragraph at lines 87848--87848
[]\T1/qtm/m/n/10 d2_name| 
 []


Underfull \hbox (badness 10000) in paragraph at lines 87848--87848
[]\T1/qtm/m/n/10 dou-
 []

[849] [850] [851] [852] [853] [854] [855] [856] [857] [858] [859] [860]
[861] [862] [863] [864] [865] [866] [867] [868] [869] [870] [871] [872]
[873] [874] [875] [876] [877] [878] [879] [880] [881] [882] [883] [884]
[885] [886]
Underfull \hbox (badness 10000) in paragraph at lines 92892--92892
[][]\T1/txtt/m/n/10 #[][]DATE:[][]2015[]02[]19[][]UNITS:[][]metal[][]CONTRIBUTO
R:[][]Ray[][]Shan[][]CITATION:[][]Streitz[][]and[][]Mintmire,[][]
 []

[887] [888] [889] [890] [891] [892] [893] [894]
LaTeX Font Info:    Font shape `T1/phv/b/it' in size <14.4> not available
(Font)              Font shape `T1/phv/b/sl' tried instead on input line 94047.

LaTeX Font Info:    Font shape `T1/phv/b/it' in size <10> not available
(Font)              Font shape `T1/phv/b/sl' tried instead on input line 94094.

 [895] [896] [897] [898]
[899] [900] [901] [902] [903] [904] [905] [906] [907] [908

] [909] [910]
Chapter 1.
[911

] [912] [913] [914] [915] [916] [917] [918] [919]
Overfull \hbox (1.77097pt too wide) in paragraph at lines 96275--96277
[]|\T1/qtm/m/it/10 rheo/thermal| 
 []


Underfull \hbox (badness 10000) in paragraph at lines 96297--96300
[]|\T1/qtm/m/n/10 Smoothed par-ti-cle hy-dro-dy-nam-ics
 []


Underfull \hbox (badness 10000) in paragraph at lines 96314--96316
[]|\T1/qtm/m/it/10 atomic \T1/qtm/m/n/10 + ^^Pmag-netic mo-ment
 []

[920] [921] [922] [923] [924]
Underfull \hbox (badness 10000) in paragraph at lines 96731--96731
 [][][][][]\T1/txtt/m/n/10 numbers[][]=[][]Px[]1[][]ascending[][]values[][]betw
een[][]0[][]and[][]1,[][][]Px[][][][][][]#[][]of[][]processors[][]in[][]x[]
 []


Underfull \hbox (badness 10000) in paragraph at lines 96735--96735
 [][][][][]\T1/txtt/m/n/10 numbers[][]=[][]Py[]1[][]ascending[][]values[][]betw
een[][]0[][]and[][]1,[][][]Py[][][][][][]#[][]of[][]processors[][]in[][]y[]
 []


Underfull \hbox (badness 10000) in paragraph at lines 96739--96739
 [][][][][]\T1/txtt/m/n/10 numbers[][]=[][]Pz[]1[][]ascending[][]values[][]betw
een[][]0[][]and[][]1,[][][]Pz[][][][][][]#[][]of[][]processors[][]in[][]z[]
 []

[925]
Underfull \hbox (badness 10000) in paragraph at lines 96768--96768
 [][][][][][][][][]\T1/txtt/m/sl/10 store[][]\T1/txtt/m/n/10 name[][]=[][]store
[][]weight[][]in[][]custom[][]atom[][]property[][]defined[][]by[][][][]\T1/txtt
/m/sl/10 fix[][]property/[]atom[][][]
 []

[926]
<balance_uniform.jpg, id=49146, 385.44pt x 385.44pt>
File: balance_uniform.jpg Graphic file (type jpg)
<use balance_uniform.jpg>
Package pdftex.def Info: balance_uniform.jpg  used on input line 96916.
(pdftex.def)             Requested size: 150.32504pt x 150.32098pt.
<balance_nonuniform.jpg, id=49147, 385.44pt x 385.44pt>
File: balance_nonuniform.jpg Graphic file (type jpg)
<use balance_nonuniform.jpg>
Package pdftex.def Info: balance_nonuniform.jpg  used on input line 96916.
(pdftex.def)             Requested size: 150.32504pt x 150.32098pt.
<balance_rcb.jpg, id=49148, 385.44pt x 385.44pt>
File: balance_rcb.jpg Graphic file (type jpg)
<use balance_rcb.jpg>
Package pdftex.def Info: balance_rcb.jpg  used on input line 96916.
(pdftex.def)             Requested size: 150.32504pt x 150.32098pt.
 [927] [928 <./balance_uniform.jpg> <./balance_nonuniform.jpg> <./balance_rcb.j
pg>] [929] [930] [931] [932] [933] [934] [935] [936] [937] [938]
Underfull \hbox (badness 10000) in paragraph at lines 98001--98001
 []\T1/txtt/m/n/10 parameter[][]=[][]\T1/txtt/m/sl/10 x[][]\T1/txtt/m/n/10 or[]
[]\T1/txtt/m/sl/10 y[][]\T1/txtt/m/n/10 or[][]\T1/txtt/m/sl/10 z[][]\T1/txtt/m/
n/10 or[][]\T1/txtt/m/sl/10 xy[][]\T1/txtt/m/n/10 or[][]\T1/txtt/m/sl/10 xz[][]
\T1/txtt/m/n/10 or[][]\T1/txtt/m/sl/10 yz[][]\T1/txtt/m/n/10 or[][]\T1/txtt/m/s
l/10 boundary[][]\T1/txtt/m/n/10 or[][]\T1/txtt/m/sl/10 ortho[][]\T1/txtt/m/n/1
0 or[][]\T1/txtt/m/sl/10 triclinic[][]\T1/txtt/m/n/10 or[][]\T1/txtt/m/sl/10 se
t[]
 []

[939] [940] [941] [942] [943] [944]
Underfull \hbox (badness 10000) in paragraph at lines 98509--98509
 []\T1/txtt/m/sl/10 mode[][]\T1/txtt/m/n/10 value[][]=[][]\T1/txtt/m/sl/10 sing
le\T1/txtt/m/n/10 ,[][][]\T1/txtt/m/sl/10 multi\T1/txtt/m/n/10 ,[][][]or[][]\T1
/txtt/m/sl/10 multi/[]old[][]\T1/txtt/m/n/10 =[][]communicate[][]atoms[][]withi
n[][]a[][]single[][]or[]
 []


Underfull \hbox (badness 10000) in paragraph at lines 98513--98513
 [][][][][][][]\T1/txtt/m/n/10 value[][]=[][]Rcut[][](distance[][]units)[][]=[]
[]communicate[][]atoms[][]for[][]selected[][]types[][]from[][]this[]
 []


Underfull \hbox (badness 10000) in paragraph at lines 98517--98517
 [][][][][][][]\T1/txtt/m/n/10 value[][]=[][]Rcut[][](distance[][]units)[][]=[]
[]communicate[][]atoms[][]for[][]selected[][]types[][]from[][]this[]
 []

[945] [946] [947] [948] [949] [950] [951] [952] [953] [954] [955] [956]
Underfull \hbox (badness 10000) in paragraph at lines 99819--99819
 [][][][][]\T1/txtt/m/n/10 yes/[]no[][]=[][]do[][]or[][]do[][]not[][]re[]comput
e[][]the[][]number[][]of[][]degrees[][]of[][]freedom[][](DOF)[]
 []

[957]
Underfull \hbox (badness 10000) in paragraph at lines 99945--99945
 [][][][][][][][][]\T1/txtt/m/n/10 radthresh[][]=[][]threshold[][]value[][]for[
][]\T1/txtt/m/sl/10 mesh[][]\T1/txtt/m/n/10 to[][]determine[][]when[][]to[][]sp
lit[][]triangles[]
 []


Underfull \hbox (badness 10000) in paragraph at lines 99947--99947
 [][][][][][][][][]\T1/txtt/m/n/10 density[][]=[][]minimum[][]number[][]density
[][]for[][]atoms[][]place[][]on[][]\T1/txtt/m/sl/10 mesh[][]\T1/txtt/m/n/10 tri
angles[][](inverse[]
 []

[958] [959] [960]
<marble_race.jpg, id=49705, 566.86781pt x 480.29437pt>
File: marble_race.jpg Graphic file (type jpg)
<use marble_race.jpg>
Package pdftex.def Info: marble_race.jpg  used on input line 2.
(pdftex.def)             Requested size: 155.01984pt x 131.34482pt.
 [961 <./marble_race.jpg>] [962]
<sinusoid.jpg, id=49731, 722.7pt x 321.27951pt>
File: sinusoid.jpg Graphic file (type jpg)
<use sinusoid.jpg>
Package pdftex.def Info: sinusoid.jpg  used on input line 2.
(pdftex.def)             Requested size: 234.87471pt x 104.4146pt.
 [963 <./sinusoid.jpg>]
<overlap.png, id=49739, 770.88pt x 770.88pt>
File: overlap.png Graphic file (type png)
<use overlap.png>
Package pdftex.def Info: overlap.png  used on input line 2.
(pdftex.def)             Requested size: 140.91673pt x 140.91673pt.

[964 <./overlap.png (PNG copy)>] [965] [966] [967] [968] [969] [970] [971]
[972] [973] [974] [975]
Underfull \hbox (badness 10000) in paragraph at lines 101557--101557
 []\T1/txtt/m/sl/10 any[][]\T1/txtt/m/n/10 arg[][]=[][]none[][]=[][]turn[][]off
[][]interactions[][]if[][]any[][]atoms[][]are[][]in[][]the[][]group[][](or[][]o
n[][]if[][]\T1/txtt/m/sl/10 undo[]
 []

[976] [977] [978] [979] [980]
<dihedral_sign.jpg, id=49932, 247.6452pt x 89.6148pt>
File: dihedral_sign.jpg Graphic file (type jpg)
<use dihedral_sign.jpg>
Package pdftex.def Info: dihedral_sign.jpg  used on input line 101996.
(pdftex.def)             Requested size: 247.64458pt x 89.61458pt.
 [981 <./dihedral_sign.jpg>] [982] [983] [984]
[985] [986] [987] [988] [989] [990] [991] [992] [993] [994] [995] [996]
[997] [998] [999]
Underfull \hbox (badness 10000) in paragraph at lines 104093--104093
 [][][][][]\T1/txtt/m/n/10 ID[][]=[][]integer[][]from[][]1[][]to[][]N,[][][]or[
][]integer[][]from[][][]1[][]to[][][]N,[][][]where[][]N[][]=[][][]#[][]of[][]qu
antities[]
 []


Underfull \hbox (badness 10000) in paragraph at lines 104094--104094
 [][][][][][][][][][][][][][][]\T1/txtt/m/sl/10 or[][]\T1/txtt/m/n/10 a[][]fix[
][]output[][]property[][]keyword[][]or[][]reference[][]to[][]compute,[][][]fix,
[][][]property[][]or[]
 []


Underfull \hbox (badness 10000) in paragraph at lines 104096--104096
 [][][][][]\T1/txtt/m/n/10 yes/[]no[][]=[][]do[][]or[][]do[][]not[][]re[]comput
e[][]the[][]number[][]of[][]degrees[][]of[][]freedom[][](DOF)[]
 []

[1000] [1001] [1002]
Underfull \hbox (badness 10000) in paragraph at lines 104360--104362
[]|\T1/phv/m/n/10 De-
 []


Overfull \hbox (0.7345pt too wide) in paragraph at lines 104377--104379
[]|\T1/qtm/m/n/10 STRING| 
 []

[1003]
Underfull \hbox (badness 10000) in paragraph at lines 104651--104653
[]|\T1/phv/m/n/10 De-
 []


Overfull \hbox (0.7345pt too wide) in paragraph at lines 104668--104670
[]|\T1/qtm/m/n/10 STRING| 
 []


Overfull \hbox (0.7345pt too wide) in paragraph at lines 104681--104683
[]|\T1/qtm/m/n/10 STRING| 
 []


Overfull \hbox (0.7345pt too wide) in paragraph at lines 104694--104696
[]|\T1/qtm/m/n/10 STRING| 
 []


Overfull \hbox (0.7345pt too wide) in paragraph at lines 104707--104709
[]|\T1/qtm/m/n/10 STRING| 
 []


Overfull \hbox (0.7345pt too wide) in paragraph at lines 104720--104722
[]|\T1/qtm/m/n/10 STRING| 
 []


Overfull \hbox (0.7345pt too wide) in paragraph at lines 104850--104852
[]|\T1/qtm/m/n/10 STRING| 
 []


Overfull \hbox (0.7345pt too wide) in paragraph at lines 104876--104878
[]|\T1/qtm/m/n/10 STRING| 
 []

[1004] [1005] [1006]
Underfull \hbox (badness 10000) in paragraph at lines 105110--105110
 []\T1/txtt/m/sl/10 verbose[][]\T1/txtt/m/n/10 yes/[]no[][]=[][]if[][]\T1/txtt/
m/sl/10 yes[][]\T1/txtt/m/n/10 write[][]verbose[][]debug[][]output[][]from[][]l
ibcurl[][]to[][]screen,[][][]do[][]not[]
 []

[1007] [1008]
Underfull \hbox (badness 10000) in paragraph at lines 105210--105210
 [][][][][]\T1/txtt/m/n/10 args[][]=[][]list[][]of[][]one[][]or[][]more[][]atom
[][]types[][](1[]Ntypes[][]or[][]type[][]label),[][][]atom[][]IDs,[][][]or[]
 []


Underfull \hbox (badness 10000) in paragraph at lines 105216--105216
 [][][][][][][][][]\T1/txtt/m/n/10 value[][]=[][]an[][]atom[][]type[][](1[]Ntyp
es[][]or[][]type[][]label)[][]or[][]atom[][]ID[][]or[][]molecule[][]ID[]
 []

[1009] [1010] [1011] [1012] [1013] [1014] [1015] [1016] [1017] [1018] [1019]
[1020] [1021] [1022] [1023] [1024] [1025] [1026] [1027] [1028] [1029] [1030]
LaTeX Font Info:    Font shape `T1/phv/b/it' in size <12> not available
(Font)              Font shape `T1/phv/b/sl' tried instead on input line 107107
.

[1031] [1032] [1033] [1034] [1035]
Underfull \hbox (badness 8094) in paragraph at lines 107515--107524
[]\T1/qtm/m/n/10 The sec-ond re-quired ar-gu-ment \T1/qtm/m/it/10 query_functio
n \T1/qtm/m/n/10 is the name of the query func-tion to be called (e.g.
 []

[1036]
Overfull \vbox (1.65953pt too high) detected at line 107598
 []

[1037]
Overfull \vbox (1.80385pt too high) detected at line 107670
 []

[1038] [1039] [1040] [1041] [1042] [1043] [1044] [1045] [1046] [1047] [1048]
[1049]
Underfull \hbox (badness 10000) in paragraph at lines 108621--108621
 [][][][][]\T1/txtt/m/n/10 M[][]=[][]min[][]allowed[][]extent[][]of[][]Gaussian
[][]when[][]auto[]adjusting[][]to[][]minimize[][]grid[]
 []


Underfull \hbox (badness 10000) in paragraph at lines 108627--108627
 []\T1/txtt/m/sl/10 overlap[][]\T1/txtt/m/n/10 =[][]\T1/txtt/m/sl/10 yes[][]\T1
/txtt/m/n/10 or[][]\T1/txtt/m/sl/10 no[][]\T1/txtt/m/n/10 =[][]whether[][]the[]
[]grid[][]stencil[][]for[][]PPPM[][]is[][]allowed[][]to[][]overlap[][]into[]
 []

[1050] [1051] [1052] [1053] [1054] [1055] [1056] [1057] [1058] [1059] [1060]
[1061] [1062] [1063] [1064] [1065] [1066] [1067] [1068] [1069] [1070] [1071]
[1072]
Underfull \hbox (badness 10000) in paragraph at lines 110877--110877
 [][][][][]\T1/txtt/m/n/10 name[][]=[][]name[][]of[][]plugin[][]library[][](e.[
]g.[],[][][]\T1/txtt/m/sl/10 lammps[][]\T1/txtt/m/n/10 means[][]a[][]liblammps.
[]so[][]library[][]will[][]be[]
 []


Underfull \hbox (badness 10000) in paragraph at lines 110882--110882
 [][][][][][][][][]\T1/txtt/m/sl/10 extra[][]\T1/txtt/m/n/10 value[][]=[][]adit
ional[][]command[]line[][]args[][]to[][]pass[][]to[][]engine[][]library[][]when
[][]loaded[]
 []

[1073]
Underfull \hbox (badness 10000) in paragraph at lines 110906--110910
\T1/qtm/m/n/10 This com-mand im-ple-ments op-er-a-tions within LAMMPS to use th
e \T1/qtm/m/it/10 MDI Li-brary <https://molssi-
 []

[1074] [1075] [1076] [1077] [1078]
Underfull \hbox (badness 10000) in paragraph at lines 111558--111558
 []\T1/txtt/m/n/10 keyword[][]=[][]\T1/txtt/m/sl/10 dmax[][]\T1/txtt/m/n/10 or[
][]\T1/txtt/m/sl/10 line[][]\T1/txtt/m/n/10 or[][]\T1/txtt/m/sl/10 norm[][]\T1/
txtt/m/n/10 or[][]\T1/txtt/m/sl/10 alpha_[]damp[][]\T1/txtt/m/n/10 or[][]\T1/tx
tt/m/sl/10 discrete_[]factor[][]\T1/txtt/m/n/10 or[][]\T1/txtt/m/sl/10 integrat
or[][]\T1/txtt/m/n/10 or[]
 []

[1079] [1080] [1081] [1082] [1083] [1084] [1085] [1086] [1087] [1088] [1089]
[1090] [1091] [1092] [1093]
Underfull \hbox (badness 5908) in paragraph at lines 113008--113016
[]\T1/qtm/m/n/10 The mass and center-of-mass co-or-di-nates (Xc,Yc,Zc) are self
-explanatory. The 6 mo-ments of in-er-tia
 []

[1094] [1095] [1096] [1097] [1098] [1099] [1100] [1101] [1102] [1103] [1104]
<hop1.jpg, id=51501, 740.0448pt x 569.26523pt>
File: hop1.jpg Graphic file (type jpg)
<use hop1.jpg>
Package pdftex.def Info: hop1.jpg  used on input line 114327.
(pdftex.def)             Requested size: 225.4804pt x 173.44757pt.
<hop2.jpg, id=51502, 740.0448pt x 569.26523pt>
File: hop2.jpg Graphic file (type jpg)
<use hop2.jpg>
Package pdftex.def Info: hop2.jpg  used on input line 114327.
(pdftex.def)             Requested size: 225.4804pt x 173.44757pt.

[1105] [1106 <./hop1.jpg> <./hop2.jpg>] [1107] [1108] [1109] [1110]
Underfull \hbox (badness 10000) in paragraph at lines 114883--114883
 []\T1/txtt/m/n/10 keyword[][]=[][]\T1/txtt/m/sl/10 delay[][]\T1/txtt/m/n/10 or
[][]\T1/txtt/m/sl/10 every[][]\T1/txtt/m/n/10 or[][]\T1/txtt/m/sl/10 check[][]\
T1/txtt/m/n/10 or[][]\T1/txtt/m/sl/10 once[][]\T1/txtt/m/n/10 or[][]\T1/txtt/m/
sl/10 cluster[][]\T1/txtt/m/n/10 or[][]\T1/txtt/m/sl/10 include[][]\T1/txtt/m/n
/10 or[][]\T1/txtt/m/sl/10 exclude[][]\T1/txtt/m/n/10 or[][]\T1/txtt/m/sl/10 pa
ge[]
 []

[1111]
Underfull \hbox (badness 10000) in paragraph at lines 114901--114901
 [][][][][][][][][][][][][]\T1/txtt/m/n/10 M,[]N[][]=[][]exclude[][]if[][]one[]
[]atom[][]in[][]pair[][]is[][]type[][]M,[][][]other[][]is[][]type[][]N[][](M[][
]and[][]N[][]may[][]be[]
 []

[1112] [1113] [1114] [1115] [1116] [1117] [1118] [1119] [1120]
Underfull \hbox (badness 10000) in paragraph at lines 115640--115640
 [][][][][]\T1/txtt/m/n/10 keywords[][]=[][]\T1/txtt/m/sl/10 neigh[][]\T1/txtt/
m/n/10 or[][]\T1/txtt/m/sl/10 newton[][]\T1/txtt/m/n/10 or[][]\T1/txtt/m/sl/10 
pair/[]only[][]\T1/txtt/m/n/10 or[][]\T1/txtt/m/sl/10 binsize[][]\T1/txtt/m/n/1
0 or[][]\T1/txtt/m/sl/10 split[][]\T1/txtt/m/n/10 or[][]\T1/txtt/m/sl/10 gpuID[
][]\T1/txtt/m/n/10 or[][]\T1/txtt/m/sl/10 tpa[][]\T1/txtt/m/n/10 or[]
 []


Underfull \hbox (badness 10000) in paragraph at lines 115664--115664
 [][][][][][][][][]\T1/txtt/m/sl/10 device_[]type[][]\T1/txtt/m/n/10 value[][]=
[][]\T1/txtt/m/sl/10 intelgpu[][]\T1/txtt/m/n/10 or[][]\T1/txtt/m/sl/10 nvidiag
pu[][]\T1/txtt/m/n/10 or[][]\T1/txtt/m/sl/10 amdgpu[][]\T1/txtt/m/n/10 or[][]\T
1/txtt/m/sl/10 applegpu[][]\T1/txtt/m/n/10 or[][]\T1/txtt/m/sl/10 generic[][]\T
1/txtt/m/n/10 or[]
 []


Underfull \hbox (badness 10000) in paragraph at lines 115665--115665
 [][][][][][][][][][][][][]\T1/txtt/m/n/10 val1,[]val2,[].[].[].[][][]=[][]cust
om[][]OpenCL[][]accelerator[][]configuration[][]parameters[][](see[][]below[]
 []

[1121]
Underfull \hbox (badness 10000) in paragraph at lines 115671--115671
 [][][][][]\T1/txtt/m/n/10 keywords[][]=[][]\T1/txtt/m/sl/10 mode[][]\T1/txtt/m
/n/10 or[][]\T1/txtt/m/sl/10 omp[][]\T1/txtt/m/n/10 or[][]\T1/txtt/m/sl/10 lrt[
][]\T1/txtt/m/n/10 or[][]\T1/txtt/m/sl/10 balance[][]\T1/txtt/m/n/10 or[][]\T1/
txtt/m/sl/10 ghost[][]\T1/txtt/m/n/10 or[][]\T1/txtt/m/sl/10 tpc[][]\T1/txtt/m/
n/10 or[][]\T1/txtt/m/sl/10 tptask[][]\T1/txtt/m/n/10 or[][]\T1/txtt/m/sl/10 pp
pm_[]table[]
 []


Underfull \hbox (badness 10000) in paragraph at lines 115696--115696
 [][][][][]\T1/txtt/m/n/10 keywords[][]=[][]\T1/txtt/m/sl/10 neigh[][]\T1/txtt/
m/n/10 or[][]\T1/txtt/m/sl/10 neigh/[]qeq[][]\T1/txtt/m/n/10 or[][]\T1/txtt/m/s
l/10 neigh/[]thread[][]\T1/txtt/m/n/10 or[][]\T1/txtt/m/sl/10 neigh/[]transpose
[][]\T1/txtt/m/n/10 or[][]\T1/txtt/m/sl/10 newton[][]\T1/txtt/m/n/10 or[]
 []


Underfull \hbox (badness 10000) in paragraph at lines 115696--115696
 []\T1/txtt/m/sl/10 binsize[][]\T1/txtt/m/n/10 or[][]\T1/txtt/m/sl/10 comm[][]\
T1/txtt/m/n/10 or[][]\T1/txtt/m/sl/10 comm/[]exchange[][]\T1/txtt/m/n/10 or[][]
\T1/txtt/m/sl/10 comm/[]forward[][]\T1/txtt/m/n/10 or[][]\T1/txtt/m/sl/10 comm/
[]pair/[]forward[][]\T1/txtt/m/n/10 or[][]\T1/txtt/m/sl/10 comm/[]fix/
 []


Underfull \hbox (badness 10000) in paragraph at lines 115696--115696
 []\T1/txtt/m/sl/10 forward[][]\T1/txtt/m/n/10 or[][]\T1/txtt/m/sl/10 comm/[]re
verse[][]\T1/txtt/m/n/10 or[][]\T1/txtt/m/sl/10 comm/[]pair/[]reverse[][]\T1/tx
tt/m/n/10 or[][]\T1/txtt/m/sl/10 sort[][]\T1/txtt/m/n/10 or[][]\T1/txtt/m/sl/10
 atom/[]map[][]\T1/txtt/m/n/10 or[][]\T1/txtt/m/sl/10 gpu/[]aware[][]\T1/txtt/m
/n/10 or[]
 []


Underfull \hbox (badness 10000) in paragraph at lines 115715--115715
 [][][][][][][][][][][][][]\T1/txtt/m/n/10 use[][]value[][]for[][]comm/[]exchan
ge[][]and[][]comm/[]forward[][]and[][]comm/[]pair/[]forward[][]and[][]comm/
 []

[1122]
Underfull \hbox (badness 10000) in paragraph at lines 115737--115737
 [][][][][][][][][][][][][]\T1/txtt/m/sl/10 off[][]\T1/txtt/m/n/10 =[][]use[][]
device[][]acceleration[][](e.[]g.[][][]GPU)[][]for[][]all[][]available[][]style
s[][]in[][]the[]
 []


Underfull \hbox (badness 10000) in paragraph at lines 115738--115738
 [][][][][][][][][][][][][]\T1/txtt/m/sl/10 on[][][][]\T1/txtt/m/n/10 =[][]use[
][]device[][]acceleration[][]only[][]for[][]pair[][]styles[][](and[][]host[][]a
cceleration[][]for[]
 []

[1123] [1124] [1125]
Underfull \hbox (badness 7030) in paragraph at lines 115975--115981
[]\T1/qtm/m/n/10 CON-FIG_ID, SIMD_SIZE, MEM_THREADS, SHUF-FLE_AVAIL, FAST_MATH,
 THREADS_PER_ATOM,
 []

[1126] [1127] [1128] [1129] [1130] [1131] [1132]
Underfull \hbox (badness 10000) in paragraph at lines 116732--116732
 [][][][][]\T1/txtt/m/n/10 N[][]=[][]which[][]instance[][]of[][]sub[]style[][](
1[][]to[][]M),[][][]only[][]specify[][]if[][]sub[]style[][]is[][]used[]
 []

[1133] [1134] [1135] [1136] [1137] [1138] [1139] [1140] [1141] [1142] [1143]
[1144] [1145] [1146] [1147] [1148] [1149]
Underfull \hbox (badness 10000) in paragraph at lines 118674--118674
 [][][][][][][][][]\T1/txtt/m/sl/10 style[][]\T1/txtt/m/n/10 =[][]\T1/txtt/m/sl
/10 pair[][]\T1/txtt/m/n/10 or[][]\T1/txtt/m/sl/10 bond[][]\T1/txtt/m/n/10 or[]
[]\T1/txtt/m/sl/10 angle[][]\T1/txtt/m/n/10 or[][]\T1/txtt/m/sl/10 dihedral[][]
\T1/txtt/m/n/10 or[][]\T1/txtt/m/sl/10 improper[][]\T1/txtt/m/n/10 or[][]\T1/tx
tt/m/sl/10 kspace[][]\T1/txtt/m/n/10 or[][]\T1/txtt/m/sl/10 compute[][]\T1/txtt
/m/n/10 or[]
 []

[1150] [1151] [1152] [1153] [1154] [1155] [1156] [1157]
Underfull \hbox (badness 10000) in paragraph at lines 119356--119356
 [][][][][][][]\T1/txtt/m/n/10 cart/[]reorder[][]=[][]use[][]MPI_[]Cart()[][]me
thods[][]to[][]map[][]processors[][]to[][]3d[][]grid[][]with[][]reorder[]
 []

[1158] [1159] [1160] [1161] [1162]
Underfull \hbox (badness 10000) in paragraph at lines 119801--119801
 [][][][][][][][][]\T1/txtt/m/n/10 varReturn[][]=[][]v_[]name[][][][]=[][]LAMMP
S[][]variable[][]name[][]which[][]the[][]return[][]value[][]of[][]the[][]Python
[]
 []


Underfull \hbox (badness 10000) in paragraph at lines 119805--119805
 [][][][][][][][][]\T1/txtt/m/n/10 fstring[][]=[][]each[][]character[][](i,[]f,
[]s,[]p)[][]corresponds[][]in[][]order[][]to[][]an[][]input[][]or[][]return[]
 []

[1163] [1164] [1165] [1166] [1167] [1168] [1169] [1170]
Underfull \hbox (badness 6758) in paragraph at lines 120513--120515
[]\T1/qtm/m/n/10 key-word = \T1/qtm/m/it/10 add \T1/qtm/m/n/10 or \T1/qtm/m/it/
10 off-set \T1/qtm/m/n/10 or \T1/qtm/m/it/10 shift \T1/qtm/m/n/10 or \T1/qtm/m/
it/10 ex-tra/atom/types \T1/qtm/m/n/10 or \T1/qtm/m/it/10 ex-tra/bond/types \T1
/qtm/m/n/10 or \T1/qtm/m/it/10 ex-tra/angle/types \T1/qtm/m/n/10 or
 []


Underfull \hbox (badness 10000) in paragraph at lines 120513--120515
\T1/qtm/m/it/10 ex-tra/dihedral/types \T1/qtm/m/n/10 or \T1/qtm/m/it/10 ex-tra/
improper/types \T1/qtm/m/n/10 or \T1/qtm/m/it/10 ex-tra/bond/per/atom \T1/qtm/m
/n/10 or \T1/qtm/m/it/10 ex-tra/angle/per/atom \T1/qtm/m/n/10 or \T1/qtm/m/it/1
0 ex-
 []

[1171]
Underfull \hbox (badness 10000) in paragraph at lines 120519--120519
 [][][][][]\T1/txtt/m/n/10 MOLoffset[][]=[][]add[][]new[][]atoms[][]with[][]mol
ecule[][]IDs[][]having[][]MOLoffset[][]added[][](only[][]when[]
 []

[1172] [1173] [1174] [1175] [1176] [1177] [1178] [1179] [1180] [1181] [1182]
[1183] [1184] [1185] [1186] [1187] [1188] [1189] [1190] [1191] [1192] [1193]
[1194] [1195]
Underfull \hbox (badness 10000) in paragraph at lines 123205--123205
 [][][][][][][][][]\T1/txtt/m/sl/10 timeout[][]\T1/txtt/m/n/10 =[][]specify[][]
waiting[][]time[][]for[][]the[][]arrival[][]of[][]the[][]timestep[][]when[][]ru
nning[]
 []

[1196] [1197] [1198] [1199] [1200] [1201] [1202] [1203] [1204]
Underfull \hbox (badness 10000) in paragraph at lines 124072--124072
 [][][][][]\T1/txtt/m/n/10 v_[]x,[]v_[]y,[]v_[]z[][]=[][]equal[]style[][]variab
les[][]for[][]x,[]y,[]z[][]displacement[][]of[][]region[][]over[][]time[]
 []

[1205] [1206] [1207] [1208] [1209] [1210] [1211] [1212] [1213] [1214] [1215]
[1216] [1217] [1218] [1219] [1220] [1221] [1222]
Underfull \hbox (badness 10000) in paragraph at lines 125677--125677
 [][][][][]\T1/txtt/m/n/10 M[][]=[][]break[][]the[][]run[][]into[][]M[]timestep
[][]segments[][]and[][]invoke[][]one[][]or[][]more[][]commands[]
 []

[1223] [1224] [1225] [1226] [1227] [1228] [1229] [1230]
Underfull \hbox (badness 10000) in paragraph at lines 126432--126432
 [][][][][]\T1/txtt/m/n/10 espin[][]=[][]electron[][]spin[][](+1/[][]1),[][][]0
[][]=[][]nuclei,[][][]2[][]=[][]fixed[]core,[][][]3[][]=[][]pseudo[]cores[][](i
.[]e.[][]
 []

[1231]
Underfull \hbox (badness 10000) in paragraph at lines 126462--126462
 []\T1/txtt/m/sl/10 density[][]\T1/txtt/m/n/10 value[][]=[][]particle[][]densit
y[][]for[][]a[][]sphere[][]or[][]ellipsoid[][](mass/[]distance^[]3[][]units),[]
[]
 []


Underfull \hbox (badness 10000) in paragraph at lines 126464--126464
 []\T1/txtt/m/sl/10 density/[]disc[][]\T1/txtt/m/n/10 value[][]=[][]particle[][
]density[][]for[][]a[][]2d[][]disc[][]or[][]ellipse[][](mass/[]distance^[]2[]
 []


Underfull \hbox (badness 10000) in paragraph at lines 126473--126473
 []\T1/txtt/m/sl/10 bond[][]\T1/txtt/m/n/10 value[][]=[][]numeric[][]bond[][]ty
pe[][]or[][]bond[][]type[][]label,[][][]for[][]all[][]bonds[][]between[][]selec
ted[]
 []


Underfull \hbox (badness 10000) in paragraph at lines 126474--126474
 []\T1/txtt/m/sl/10 angle[][]\T1/txtt/m/n/10 value[][]=[][]numeric[][]angle[][]
type[][]or[][]angle[][]type[][]label,[][][]for[][]all[][]angles[][]between[]
 []


Underfull \hbox (badness 10000) in paragraph at lines 126475--126475
 []\T1/txtt/m/sl/10 dihedral[][]\T1/txtt/m/n/10 value[][]=[][]numeric[][]dihedr
al[][]type[][]or[][]dihedral[][]type[][]label,[][][]for[][]all[][]dihedrals[]
 []


Underfull \hbox (badness 10000) in paragraph at lines 126476--126476
 []\T1/txtt/m/sl/10 improper[][]\T1/txtt/m/n/10 value[][]=[][]numeric[][]improp
er[][]type[][]or[][]improper[][]type[][]label,[][][]for[][]all[][]impropers[]
 []


Underfull \hbox (badness 10000) in paragraph at lines 126494--126494
 []\T1/txtt/m/sl/10 edpd/[]cv[][]\T1/txtt/m/n/10 value[][]=[][]volumetric[][]he
at[][]capacity[][]of[][]eDPD[][]particles[][](energy/[]temperature/
 []

[1232] [1233] [1234] [1235] [1236] [1237] [1238] [1239]
Underfull \hbox (badness 10000) in paragraph at lines 127184--127184
 [][][][][]\T1/txtt/m/n/10 w1,[]w2,[]w3[][]=[][]weights[][](0.[]0[][]to[][]1.[]
0)[][]on[][]pairwise[][]Lennard[]Jones[][]and[][]Coulombic[]
 []

[1240] [1241] [1242] [1243] [1244] [1245] [1246] [1247] [1248] [1249] [1250]
[1251] [1252] [1253] [1254] [1255] [1256]
Underfull \hbox (badness 10000) in paragraph at lines 128634--128634
 [][][][][]\T1/txtt/m/n/10 ID[][]=[][]integer[][]from[][]1[][]to[][]N,[][][]or[
][]integer[][]from[][][]1[][]to[][][]N,[][][]where[][]N[][]=[][][]#[][]of[][]qu
antities[]
 []


Underfull \hbox (badness 10000) in paragraph at lines 128638--128638
 [][][][][]\T1/txtt/m/n/10 ID[][]=[][]integer[][]from[][]1[][]to[][]N,[][][]or[
][]integer[][]from[][][]1[][]to[][][]N,[][][]where[][]N[][]=[][][]#[][]of[][]qu
antities[]
 []

[1257] [1258] [1259] [1260] [1261]
Underfull \hbox (badness 10000) in paragraph at lines 129009--129009
 [][][][][][][][][]\T1/txtt/m/n/10 c_[]ID[I][][]=[][]Ith[][]component[][]of[][]
global[][]vector[][]calculated[][]by[][]a[][]compute[][]with[][]ID,[][][]I[][]c
an[]
 []


Underfull \hbox (badness 10000) in paragraph at lines 129012--129012
 [][][][][][][][][]\T1/txtt/m/n/10 f_[]ID[I][][]=[][]Ith[][]component[][]of[][]
global[][]vector[][]calculated[][]by[][]a[][]fix[][]with[][]ID,[][][]I[][]can[]

 []


Underfull \hbox (badness 10000) in paragraph at lines 129015--129015
 [][][][][][][][][]\T1/txtt/m/n/10 v_[]name[I][][]=[][]value[][]calculated[][]b
y[][]a[][]vector[]style[][]variable[][]with[][]name,[][][]I[][]can[]
 []

[1262] [1263] [1264] [1265] [1266] [1267] [1268] [1269] [1270] [1271] [1272]
[1273] [1274] [1275] [1276] [1277] [1278]
Underfull \hbox (badness 10000) in paragraph at lines 130797--130797
 []\T1/txtt/m/sl/10 equal[][]\T1/txtt/m/n/10 or[][]\T1/txtt/m/sl/10 vector[][]\
T1/txtt/m/n/10 or[][]\T1/txtt/m/sl/10 atom[][]\T1/txtt/m/n/10 args[][]=[][]one[
][]formula[][]containing[][]numbers,[][][]thermo[][]keywords,
 []


Underfull \hbox (badness 10000) in paragraph at lines 130797--130797
 [][][]\T1/txtt/m/n/10 math[][]operations,[][][]built[]in[][]functions,[][][]at
om[][]values[][]and[][]vectors,[][][]compute/[]fix/
 []


Underfull \hbox (badness 10000) in paragraph at lines 130802--130802
 [][][][][][][][][][][][][][][][][][][][][][][][][][][][][][][][][][][][][][][]
\T1/txtt/m/n/10 x[][]==[][]y,[][][]x[][]![]=[][]y,[][][]x[][][]<[][]y,[][][]x[]
[][]<=[][]y,[][][]x[][]>[][][]y,[][][]x[][]>[]=[][]y,[][][]x[][]&[]&[][][]y,[][
][]x[][]||[][]y,[][][]x[]
 []


Underfull \hbox (badness 10000) in paragraph at lines 130805--130805
 [][][][][][][][][][][][][][][][][][][][][][][][][][][][][][][][][][][][][][][]
\T1/txtt/m/n/10 random(x,[]y,[]z),[][][]normal(x,[]y,[]z),[][][]ceil(x),[][][]f
loor(x),[][][]round(x),[][]
 []

[1279]
Underfull \hbox (badness 10000) in paragraph at lines 130815--130815
 [][][][][][][][][][][][][][][][][][][][][][][][][][][][][][][][][][][][][][][]
[][]\T1/txtt/m/n/10 xcm(group,[]dim,[]region),[][][]vcm(group,[]dim,[]region),[
][][]fcm(group,[]dim,
 []


Underfull \hbox (badness 10000) in paragraph at lines 130816--130816
 [][][][][][][][][][][][][][][][][][][][][][][][][][][][][][][][][][][][][][][]
[][]\T1/txtt/m/n/10 bound(group,[]dir,[]region),[][][]gyration(group,[]region),
[][][]ke(group,
 []


Underfull \hbox (badness 10000) in paragraph at lines 130819--130819
 [][][][][]\T1/txtt/m/n/10 special[][]functions[][]=[][]sum(x),[][][]min(x),[][
][]max(x),[][][]ave(x),[][][]trap(x),[][][]slope(x),[][][]sort(x),[][]
 []


Underfull \hbox (badness 10000) in paragraph at lines 130819--130819
 []\T1/txtt/m/n/10 rsort(x),[][][]gmask(x),[][][]rmask(x),[][][]grmask(x,[]y),[
][][]next(x),[][][]is_[]file(name),[][][]is_[]os(name),
 []


Underfull \hbox (badness 10000) in paragraph at lines 130819--130819
 [][][]\T1/txtt/m/n/10 extract_[]setting(name),[][][]label2type(kind,[]label),[
][][]is_[]typelabel(kind,[]label),[][][]is_
 []


Underfull \hbox (badness 10000) in paragraph at lines 130820--130820
 [][][][][]\T1/txtt/m/n/10 feature[][]functions[][]=[][]is_[]available(category
,[]feature),[][][]is_[]active(category,[]feature),[][]
 []


Underfull \hbox (badness 10000) in paragraph at lines 130821--130821
 [][][][][]\T1/txtt/m/n/10 atom[][]value[][]=[][]id[i],[][][]mass[i],[][][]type
[i],[][][]mol[i],[][][]x[i],[][][]y[i],[][][]z[i],[][][]vx[i],[][][]vy[i],[][]
 []


Underfull \hbox (badness 10000) in paragraph at lines 130823--130823
 [][][][][]\T1/txtt/m/n/10 custom[][]atom[][]property[][]=[][]i_[]name,[][][]d_
[]name,[][][]i_[]name[i],[][][]d_[]name[i],[][][]i2_[]name[i],[][][]d2_
 []

[1280] [1281] [1282] [1283] [1284] [1285]
Underfull \hbox (badness 10000) in paragraph at lines 131471--131471
[]\T1/qtm/m/n/10 Num-
 []


Underfull \hbox (badness 10000) in paragraph at lines 131471--131471
[]\T1/qtm/m/n/10 Con-
 []


Underfull \hbox (badness 10000) in paragraph at lines 131471--131471
\T1/qtm/m/n/10 key-
 []


Underfull \hbox (badness 10000) in paragraph at lines 131471--131471
[]\T1/qtm/m/n/10 Math
 []


Underfull \hbox (badness 10000) in paragraph at lines 131471--131471
\T1/qtm/m/n/10 op-er-a-
 []


Underfull \hbox (badness 10000) in paragraph at lines 131471--131471
[]\T1/qtm/m/n/10 Math
 []


Underfull \hbox (badness 10000) in paragraph at lines 131471--131471
\T1/qtm/m/n/10 func-
 []


Underfull \hbox (badness 10000) in paragraph at lines 131471--131471
[]\T1/qtm/m/n/10 Group
 []


Underfull \hbox (badness 10000) in paragraph at lines 131471--131471
\T1/qtm/m/n/10 func-
 []


Underfull \hbox (badness 10000) in paragraph at lines 131471--131471
[]\T1/qtm/m/n/10 Re-gion
 []


Underfull \hbox (badness 10000) in paragraph at lines 131471--131471
\T1/qtm/m/n/10 func-
 []


Underfull \hbox (badness 10000) in paragraph at lines 131471--131471
[]\T1/qtm/m/n/10 count(ID,IDR), mass(ID,IDR), charge(ID,IDR), xcm(ID,dim,IDR), 
vcm(ID,dim,IDR),
 []


Underfull \hbox (badness 10000) in paragraph at lines 131471--131471
\T1/qtm/m/n/10 fcm(ID,dim,IDR), bound(ID,dir,IDR), gy-ra-tion(ID,IDR), ke(ID,ID
R), angmom(ID,dim,IDR),
 []


Underfull \hbox (badness 10000) in paragraph at lines 131471--131471
[]\T1/qtm/m/n/10 Spe-cial
 []


Underfull \hbox (badness 10000) in paragraph at lines 131471--131471
\T1/qtm/m/n/10 func-
 []


Underfull \hbox (badness 10000) in paragraph at lines 131471--131471
\T1/qtm/m/n/10 mask(x,y), next(x), is_file(name), is_os(name), ex-tract_setting
(name), la-bel2type(kind,label),
 []


Underfull \hbox (badness 10000) in paragraph at lines 131471--131471
[]\T1/qtm/m/n/10 Fea-ture
 []


Underfull \hbox (badness 10000) in paragraph at lines 131471--131471
\T1/qtm/m/n/10 func-
 []


Underfull \hbox (badness 10000) in paragraph at lines 131471--131471
[]\T1/qtm/m/n/10 Atom
 []


Underfull \hbox (badness 10000) in paragraph at lines 131471--131471
[]\T1/qtm/m/n/10 Atom
 []


Underfull \hbox (badness 10000) in paragraph at lines 131471--131471
[]\T1/qtm/m/n/10 Cus-tom
 []


Underfull \hbox (badness 10000) in paragraph at lines 131471--131471
\T1/qtm/m/n/10 atom
 []


Underfull \hbox (badness 10000) in paragraph at lines 131471--131471
\T1/qtm/m/n/10 prop-er-
 []


Underfull \hbox (badness 10000) in paragraph at lines 131471--131471
[]\T1/qtm/m/n/10 Com-
 []


Underfull \hbox (badness 10000) in paragraph at lines 131471--131471
\T1/qtm/m/n/10 pute
 []


Underfull \hbox (badness 10000) in paragraph at lines 131471--131471
\T1/qtm/m/n/10 ref-er-
 []


Underfull \hbox (badness 10000) in paragraph at lines 131471--131471
[]\T1/qtm/m/n/10 Other
 []


Underfull \hbox (badness 10000) in paragraph at lines 131471--131471
\T1/qtm/m/n/10 vari-
 []

[1286] [1287] [1288] [1289] [1290] [1291] [1292] [1293] [1294] [1295] [1296]
[1297] [1298] [1299] [1300] [1301] [1302] [1303] [1304] [1305] [1306] [1307]
[1308] [1309] [1310] [1311] [1312

]
Chapter 2.
[1313] [1314] [1315] [1316] [1317]
Overfull \hbox (1.34995pt too wide) in alignment at lines 134449--134451
 [] [] [] 
 []


Overfull \hbox (1.34995pt too wide) in alignment at lines 134451--134457
 [] [] [] 
 []


Overfull \hbox (1.34995pt too wide) in alignment at lines 134457--134463
 [] [] [] 
 []


Overfull \hbox (1.34995pt too wide) in alignment at lines 134463--134465
 [] [] [] 
 []


Overfull \hbox (1.34995pt too wide) in alignment at lines 134465--134948
 [] [] [] 
 []

[1318]
Underfull \vbox (badness 4479) detected at line 134958
 []

[1319] [1320] [1321] [1322] [1323] [1324] [1325] [1326] [1327] [1328]
Underfull \hbox (badness 10000) in paragraph at lines 136291--136291
 [][][][][]\T1/txtt/m/n/10 v_[]name[][]=[][]variable[][]with[][]name[][]that[][
]calculates[][]the[][]potential[][]energy[][]of[][]each[][]atom[][]in[]
 []

[1329] [1330] [1331] [1332] [1333] [1334] [1335] [1336] [1337] [1338] [1339]
[1340]
Underfull \hbox (badness 10000) in paragraph at lines 137308--137308
 [][][][][]\T1/txtt/m/n/10 target[][]=[][]target[][]temperature[][]for[][]the[]
[]region[][]between[][]zhi[]extent[][]and[][]zhi[]
 []

[1341]
Underfull \hbox (badness 10000) in paragraph at lines 137448--137448
[]\T1/txtt/m/sl/10 two_[]temperature[][]\T1/txtt/m/n/10 =[][]electron[]phonon[]
[]coupling[][]with[][]field:[][]temperature[][]and[][]electron_
 []

[1342]
<atc_nanotube.jpg, id=54410, 306.14375pt x 206.7725pt>
File: atc_nanotube.jpg Graphic file (type jpg)
<use atc_nanotube.jpg>
Package pdftex.def Info: atc_nanotube.jpg  used on input line 137480.
(pdftex.def)             Requested size: 306.14299pt x 206.77199pt.
 [1343 <./atc_nanotube.jpg>] [1344] [1345] [1346] [1347] [1348] [1349]
[1350] [1351] [1352] [1353]
Underfull \hbox (badness 10000) in paragraph at lines 138603--138603
 [][][][][]\T1/txtt/m/n/10 bias[]ID[][]=[][]ID[][]of[][]a[][]temperature[][]com
pute[][]that[][]removes[][]a[][]velocity[][]bias[][]for[]
 []


Underfull \hbox (badness 10000) in paragraph at lines 138605--138605
 [][][][][]\T1/txtt/m/n/10 dof_[]per_[]atom[][]=[][]define[][]this[][]many[][]d
egrees[]of[]freedom[][]per[][]atom[][]for[][]temperature[]
 []


Underfull \hbox (badness 10000) in paragraph at lines 138607--138607
 [][][][][]\T1/txtt/m/n/10 dof_[]per_[]chunk[][]=[][]define[][]this[][]many[][]
degrees[]of[]freedom[][]per[][]chunk[][]for[][]temperature[]
 []

[1354] [1355] [1356] [1357] [1358] [1359] [1360]
Underfull \hbox (badness 10000) in paragraph at lines 139251--139251
 [][][][][]\T1/txtt/m/n/10 full[][]=[][]correlate[][]each[][]value[][]with[][]e
very[][]other[][]value,[][][]including[][]itself[][]=[][]auto[][]+[]
 []

[1361] [1362] [1363] [1364]
Underfull \hbox (badness 10000) in paragraph at lines 139636--139640
[]\T1/qtm/m/n/10 For \T1/qtm/m/it/10 type \T1/qtm/m/n/10 = \T1/qtm/m/it/10 lowe
r\T1/qtm/m/n/10 , the $\OML/ztmcm/m/it/10 N[] \OT1/ptm/m/n/10 = \OML/ztmcm/m/it
/10 N\OT1/ptm/m/n/10 (\OML/ztmcm/m/it/10 N \OMS/cmsy/m/n/10 ^^@ \OT1/ptm/m/n/10
 1)\OML/ztmcm/m/it/10 =\OT1/ptm/m/n/10 2$ \T1/qtm/m/n/10 columns are or-dered:
 []


Underfull \hbox (badness 10000) in paragraph at lines 139642--139646
[]\T1/qtm/m/n/10 For \T1/qtm/m/it/10 type \T1/qtm/m/n/10 = \T1/qtm/m/it/10 auto
/upper\T1/qtm/m/n/10 , the $\OML/ztmcm/m/it/10 N[] \OT1/ptm/m/n/10 = \OML/ztmcm
/m/it/10 N\OT1/ptm/m/n/10 (\OML/ztmcm/m/it/10 N \OT1/ptm/m/n/10 + 1)\OML/ztmcm/
m/it/10 =\OT1/ptm/m/n/10 2$ \T1/qtm/m/n/10 columns are or-dered:
 []


Underfull \hbox (badness 10000) in paragraph at lines 139648--139652
[]\T1/qtm/m/n/10 For \T1/qtm/m/it/10 type \T1/qtm/m/n/10 = \T1/qtm/m/it/10 auto
/lower\T1/qtm/m/n/10 , the $\OML/ztmcm/m/it/10 N[] \OT1/ptm/m/n/10 = \OML/ztmcm
/m/it/10 N\OT1/ptm/m/n/10 (\OML/ztmcm/m/it/10 N \OT1/ptm/m/n/10 + 1)\OML/ztmcm/
m/it/10 =\OT1/ptm/m/n/10 2$ \T1/qtm/m/n/10 columns are or-dered:
 []


Overfull \hbox (60.5412pt too wide) in paragraph at lines 139654--139658
[]\T1/qtm/m/n/10 For \T1/qtm/m/it/10 type \T1/qtm/m/n/10 = \T1/qtm/m/it/10 full
\T1/qtm/m/n/10 , the $\OML/ztmcm/m/it/10 N[] \OT1/ptm/m/n/10 = \OML/ztmcm/m/it/
10 N[]$ \T1/qtm/m/n/10 columns are or-dered: $\OML/ztmcm/m/it/10 C[]; C[]; [] ;
 C[]; C[]; C[]; [] ; C[]; C[]; [] ; C[]; [] ; C[]; [] ; C[]; C[]$ 
 []

[1365]
Underfull \hbox (badness 10000) in paragraph at lines 139757--139757
 [][][][][]\T1/txtt/m/n/10 full[][]=[][]correlate[][]each[][]value[][]with[][]e
very[][]other[][]value,[][][]including[][]itself[][]=[][]auto[][]+[]
 []

[1366] [1367] [1368]
Underfull \hbox (badness 10000) in paragraph at lines 139983--139983
 [][][][][]\T1/txtt/m/n/10 no[][]=[][]remap[][]an[][]atom[][]outside[][]grid[][
]in[][]a[][]non[]periodic[][]dimension[][]to[][]first[][]or[][]last[][]grid[]
 []


Underfull \hbox (badness 10000) in paragraph at lines 139993--139993
 [][][][][]\T1/txtt/m/n/10 bias[]ID[][]=[][]ID[][]of[][]a[][]temperature[][]com
pute[][]that[][]removes[][]a[][]velocity[][]bias[][]for[]
 []


Underfull \hbox (badness 10000) in paragraph at lines 139995--139995
 [][][][][]\T1/txtt/m/n/10 dof_[]per_[]atom[][]=[][]define[][]this[][]many[][]d
egrees[]of[]freedom[][]per[][]atom[][]for[][]temperature[]
 []


Underfull \hbox (badness 10000) in paragraph at lines 139997--139997
 [][][][][]\T1/txtt/m/n/10 dof_[]per_[]grid_[]cell[][]=[][]add[][]this[][]many[
][]degrees[]of[]freedom[][]per[][]grid_[]cell[][]for[]
 []

[1369] [1370] [1371] [1372] [1373] [1374] [1375] [1376] [1377] [1378] [1379]
[1380] [1381] [1382] [1383] [1384] [1385] [1386] [1387]
Underfull \hbox (badness 10000) in paragraph at lines 141789--141789
 [][][][][][][][][]\T1/txtt/m/sl/10 store[][]\T1/txtt/m/n/10 name[][]=[][]store
[][]weight[][]in[][]custom[][]atom[][]property[][]defined[][]by[][][][]\T1/txtt
/m/sl/10 fix[][]property/[]atom[][][]
 []

[1388] [1389]
File: balance_uniform.jpg Graphic file (type jpg)
<use balance_uniform.jpg>
Package pdftex.def Info: balance_uniform.jpg  used on input line 141934.
(pdftex.def)             Requested size: 150.32504pt x 150.32098pt.
File: balance_nonuniform.jpg Graphic file (type jpg)
<use balance_nonuniform.jpg>
Package pdftex.def Info: balance_nonuniform.jpg  used on input line 141934.
(pdftex.def)             Requested size: 150.32504pt x 150.32098pt.
File: balance_rcb.jpg Graphic file (type jpg)
<use balance_rcb.jpg>
Package pdftex.def Info: balance_rcb.jpg  used on input line 141934.
(pdftex.def)             Requested size: 150.32504pt x 150.32098pt.
 [1390] [1391] [1392] [1393] [1394] [1395] [1396] [1397]
Underfull \hbox (badness 10000) in paragraph at lines 142695--142695
 [][][][][]\T1/txtt/m/n/10 newtype[][]=[][]change[][]the[][]itype[][]atom[][]to
[][]this[][]type[][]when[][]maxbonds[][]exist[][](1[]Ntypes[][]or[]
 []

[1398]
Underfull \hbox (badness 10000) in paragraph at lines 142698--142698
 [][][][][]\T1/txtt/m/n/10 newtype[][]=[][]change[][]the[][]jtype[][]atom[][]to
[][]this[][]type[][]when[][]maxbonds[][]exist[][](1[]Ntypes[][]or[]
 []

[1399] [1400] [1401] [1402]
Underfull \hbox (badness 10000) in paragraph at lines 143026--143026
 [][][][][]\T1/txtt/m/n/10 group_[]prefix[][]=[][]user[]assigned[][]prefix[][]f
or[][]the[][]dynamic[][]group[][]of[][]atoms[][]not[][]currently[]
 []


Underfull \hbox (badness 10000) in paragraph at lines 143086--143086
 [][][][][]\T1/txtt/m/n/10 timesteps[][]=[][]number[][]of[][]time[][]steps[][]t
o[][]apply[][]the[][]internally[]created[][][][]\T1/txtt/m/sl/10 nve/[]limit[][
][][]\T1/txtt/m/n/10 fix[][]to[]
 []


Underfull \hbox (badness 10000) in paragraph at lines 143102--143102
 [][][][][][][][][]\T1/txtt/m/n/10 R[][]=[][]only[][]insert[][]atom/[]molecule[
][]if[][]further[][]than[][]R[][]from[][]existing[][]particles[]
 []

[1403] [1404] [1405] [1406] [1407] [1408] [1409] [1410] [1411] [1412]
<bondswap.jpg, id=55269, 297.7524pt x 107.33168pt>
File: bondswap.jpg Graphic file (type jpg)
<use bondswap.jpg>
Package pdftex.def Info: bondswap.jpg  used on input line 144012.
(pdftex.def)             Requested size: 297.75166pt x 107.3314pt.
 [1413 <./bondswap.jpg>] [1414] [1415]
Underfull \hbox (badness 10000) in paragraph at lines 144286--144286
 []\T1/txtt/m/n/10 keyword[][]=[][]\T1/txtt/m/sl/10 iso[][]\T1/txtt/m/n/10 or[]
[]\T1/txtt/m/sl/10 aniso[][]\T1/txtt/m/n/10 or[][]\T1/txtt/m/sl/10 tri[][]\T1/t
xtt/m/n/10 or[][]\T1/txtt/m/sl/10 x[][]\T1/txtt/m/n/10 or[][]\T1/txtt/m/sl/10 y
[][]\T1/txtt/m/n/10 or[][]\T1/txtt/m/sl/10 z[][]\T1/txtt/m/n/10 or[][]\T1/txtt/
m/sl/10 xy[][]\T1/txtt/m/n/10 or[][]\T1/txtt/m/sl/10 yz[][]\T1/txtt/m/n/10 or[]
[]\T1/txtt/m/sl/10 xz[][]\T1/txtt/m/n/10 or[][]\T1/txtt/m/sl/10 couple[][]\T1/t
xtt/m/n/10 or[][]\T1/txtt/m/sl/10 nreset[]
 []


Underfull \hbox (badness 10000) in paragraph at lines 144297--144297
 [][][][][][][][][]\T1/txtt/m/n/10 x,[]y,[]z[][]=[][]perform[][]relaxation[][]d
ilation/[]contraction[][]around[][]this[][]point[][](distance[]
 []

[1416] [1417] [1418] [1419] [1420]
Underfull \hbox (badness 10000) in paragraph at lines 144749--144749
 [][][][][]\T1/txtt/m/sl/10 mux\T1/txtt/m/n/10 ,[][][]\T1/txtt/m/sl/10 muy\T1/t
xtt/m/n/10 ,[][][]and[][]\T1/txtt/m/sl/10 muz[][]\T1/txtt/m/n/10 =[][]update[][
]orientation[][]of[][]dipole[][]having[][]direction[][](\T1/txtt/m/sl/10 mux\T1
/txtt/m/n/10 ,[]*muy*,
 []

[1421]
Underfull \hbox (badness 10000) in paragraph at lines 144759--144759
 [][][][][][][]\T1/txtt/m/sl/10 T[][]\T1/txtt/m/n/10 =[][]rotation[][]temperatu
re,[][][]which[][]can[][]be[][]different[][]then[][]\T1/txtt/m/sl/10 temp[][]\T
1/txtt/m/n/10 when[][]out[][]of[]
 []


Underfull \hbox (badness 10000) in paragraph at lines 144760--144760
 []\T1/txtt/m/sl/10 planar_[]rotation[][]\T1/txtt/m/n/10 values[][]=[][]none[][
](constrains[][]rotational[][]diffusion[][]to[][]be[][]in[][]xy[][]plane[][]if[
]
 []

[1422] [1423] [1424]
Underfull \hbox (badness 10000) in paragraph at lines 145037--145037
 []\T1/txtt/m/n/10 keyword[][]=[][]\T1/txtt/m/sl/10 pH\T1/txtt/m/n/10 ,[][][]\T
1/txtt/m/sl/10 pKa\T1/txtt/m/n/10 ,[][][]\T1/txtt/m/sl/10 pKb\T1/txtt/m/n/10 ,[
][][]\T1/txtt/m/sl/10 pIp\T1/txtt/m/n/10 ,[][][]\T1/txtt/m/sl/10 pIm\T1/txtt/m/
n/10 ,[][][]\T1/txtt/m/sl/10 pKs\T1/txtt/m/n/10 ,[][][]\T1/txtt/m/sl/10 acid_[]
type\T1/txtt/m/n/10 ,[][][]\T1/txtt/m/sl/10 base_[]type\T1/txtt/m/n/10 ,[][][]\
T1/txtt/m/sl/10 lunit_[]nm\T1/txtt/m/n/10 ,[][][]\T1/txtt/m/sl/10 temp\T1/txtt/
m/n/10 ,[][]
 []


Underfull \hbox (badness 10000) in paragraph at lines 145041--145041
 []\T1/txtt/m/sl/10 pIp[][]\T1/txtt/m/n/10 value[][]=[][]activity[][](effective
[][]concentration)[][]of[][]free[][]cations[][](in[][]the[][][]log10[]
 []


Underfull \hbox (badness 10000) in paragraph at lines 145042--145042
 []\T1/txtt/m/sl/10 pIm[][]\T1/txtt/m/n/10 value[][]=[][]activity[][](effective
[][]concentration)[][]of[][]free[][]anions[][](in[][]the[][][]log10[]
 []


Underfull \hbox (badness 10000) in paragraph at lines 145053--145053
 []\T1/txtt/m/sl/10 tag[][]\T1/txtt/m/n/10 value[][]=[][]yes[][]or[][]no[][](ye
s:[][]The[][]code[][]assign[][]unique[][]tags[][]to[][]inserted[][]ions;[][][]n
o:[][]The[]
 []


Underfull \hbox (badness 10000) in paragraph at lines 145054--145054
 []\T1/txtt/m/sl/10 group[][]\T1/txtt/m/n/10 value[][]=[][]group[]ID,[][][]inse
rted[][]ions[][]are[][]assigned[][]to[][]group[][]group[]ID.[][][]Can[][]be[][]
used[]
 []


Underfull \hbox (badness 10000) in paragraph at lines 145056--145056
 [][][][][][][]\T1/txtt/m/n/10 flag[][]=[][]yes[][]or[][]no[][](yes:[][]the[][]
fix[][]performs[][]only[][]ion[][]insertion/[]deletion,[][][]no:[][]perform[]
 []


Underfull \hbox (badness 10000) in paragraph at lines 145057--145057
 [][][][][][][]\T1/txtt/m/n/10 charge_[]cation,[][][]charge_[]anion[][]=[][]val
ue[][]of[][]cation/[]anion[][]charge,[][][]must[][]be[][]an[][]integer[]
 []


Underfull \hbox (badness 10000) in paragraph at lines 145058--145058
 []\T1/txtt/m/sl/10 pmcmoves[][]\T1/txtt/m/n/10 values[][]=[][]pmcA[][]pmcB[][]
pmcI[][][][][][][]MC[][]move[][]fractions[][]for[][]acid[][]ionization[][](pmcA
),[][]
 []

[1425] [1426] [1427] [1428] [1429] [1430] [1431] [1432]

Package hyperref Warning: Token not allowed in a PDF string (Unicode):
(hyperref)                removing `\sphinxtitleref' on input line 145756.

[1433] [1434] [1435]
LaTeX Font Info:    Trying to load font information for OT1+pcr on input line 1
46048.
 (/usr/share/texlive/texmf-dist/tex/latex/psnfss/ot1pcr.fd
File: ot1pcr.fd 2001/06/04 font definitions for OT1/pcr.
)<<ot1tt.cmap>> [1436] [1437] [1438] [1439]
Underfull \hbox (badness 10000) in paragraph at lines 146411--146411
 [][][][][][][][][]\T1/txtt/m/n/10 style[][]=[][]\T1/txtt/m/sl/10 final[][]\T1/
txtt/m/n/10 or[][]\T1/txtt/m/sl/10 delta[][]\T1/txtt/m/n/10 or[][]\T1/txtt/m/sl
/10 scale[][]\T1/txtt/m/n/10 or[][]\T1/txtt/m/sl/10 vel[][]\T1/txtt/m/n/10 or[]
[]\T1/txtt/m/sl/10 erate[][]\T1/txtt/m/n/10 or[][]\T1/txtt/m/sl/10 trate[][]\T1
/txtt/m/n/10 or[][]\T1/txtt/m/sl/10 volume[][]\T1/txtt/m/n/10 or[][]\T1/txtt/m/
sl/10 wiggle[][]\T1/txtt/m/n/10 or[]
 []

[1440] [1441] [1442] [1443] [1444] [1445] [1446] [1447]
Underfull \hbox (badness 10000) in paragraph at lines 147148--147148
 [][][][][][][][][]\T1/txtt/m/n/10 style[][]=[][]\T1/txtt/m/sl/10 final[][]\T1/
txtt/m/n/10 or[][]\T1/txtt/m/sl/10 delta[][]\T1/txtt/m/n/10 or[][]\T1/txtt/m/sl
/10 scale[][]\T1/txtt/m/n/10 or[][]\T1/txtt/m/sl/10 vel[][]\T1/txtt/m/n/10 or[]
[]\T1/txtt/m/sl/10 erate[][]\T1/txtt/m/n/10 or[][]\T1/txtt/m/sl/10 trate[][]\T1
/txtt/m/n/10 or[][]\T1/txtt/m/sl/10 volume[][]\T1/txtt/m/n/10 or[][]\T1/txtt/m/
sl/10 wiggle[][]\T1/txtt/m/n/10 or[]
 []


Underfull \hbox (badness 10000) in paragraph at lines 147177--147177
 [][][][][][][][][]\T1/txtt/m/n/10 style[][]=[][]\T1/txtt/m/sl/10 final[][]\T1/
txtt/m/n/10 or[][]\T1/txtt/m/sl/10 delta[][]\T1/txtt/m/n/10 or[][]\T1/txtt/m/sl
/10 vel[][]\T1/txtt/m/n/10 or[][]\T1/txtt/m/sl/10 erate[][]\T1/txtt/m/n/10 or[]
[]\T1/txtt/m/sl/10 trate[][]\T1/txtt/m/n/10 or[][]\T1/txtt/m/sl/10 wiggle[][]\T
1/txtt/m/n/10 or[][]\T1/txtt/m/sl/10 variable[][]\T1/txtt/m/n/10 or[]
 []

[1448]
Underfull \hbox (badness 10000) in paragraph at lines 147235--147235
 [][][][][]\T1/txtt/m/n/10 Modifies[][]pressure[][]controls[][]such[][]that[][]
the[][]deviation[][]in[][]pressure[][]is[][]normalized[][]by[]
 []

[1449] [1450] [1451] [1452]
Underfull \hbox (badness 10000) in paragraph at lines 147624--147624
 [][][][][]\T1/txtt/m/n/10 lo,[]hi[][]=[][]put[][]new[][]atom/[]molecule[][]a[]
[]distance[][]lo[]hi[][]above[][]all[][]other[][]atoms[][](distance[]
 []

[1453]
Underfull \hbox (badness 10000) in paragraph at lines 147626--147626
 [][][][][]\T1/txtt/m/n/10 lo,[]hi[][]=[][]put[][]new[][]atom/[]molecule[][]a[]
[]distance[][]lo[]hi[][]above[][]any[][]nearby[][]atom[][]beneath[][]it[]
 []


Underfull \hbox (badness 10000) in paragraph at lines 147627--147627
 [][][][][]\T1/txtt/m/n/10 delta[][]=[][]lateral[][]distance[][]within[][]which
[][]a[][]neighbor[][]is[][]considered[][]"nearby"[][](distance[]
 []


Underfull \hbox (badness 10000) in paragraph at lines 147629--147629
 [][][][][]\T1/txtt/m/n/10 R[][]=[][]only[][]insert[][]atom/[]molecule[][]if[][
]further[][]than[][]R[][]from[][]existing[][]particles[][](distance[]
 []

[1454] [1455] [1456] [1457] [1458] [1459] [1460] [1461] [1462] [1463] [1464]
[1465] [1466] [1467]
Underfull \hbox (badness 10000) in paragraph at lines 148917--148917
 [][][][][]\T1/txtt/m/n/10 v_[]name[][]=[][]variable[][]with[][]name[][]that[][
]calculates[][]the[][]potential[][]energy[][]of[][]each[][]atom[][]in[]
 []


Underfull \hbox (badness 10000) in paragraph at lines 148919--148919
 [][][][][]\T1/txtt/m/n/10 v_[]name[][]=[][]variable[][]with[][]name[][]that[][
]calculates[][]the[][]electric[][]potential[][]of[][]each[][]atom[]
 []

[1468] [1469] [1470] [1471]
Underfull \hbox (badness 10000) in paragraph at lines 149218--149218
 [][][][][]\T1/txtt/m/n/10 region[]ID[][]=[][]ID[][]of[][]region[][](reservoir)
[][]atoms[][]must[][]be[][]in[][]for[][]added[][]thermostatting[]
 []

[1472] [1473] [1474]
Underfull \hbox (badness 10000) in paragraph at lines 149469--149469
 [][][][][][][][][][][]\T1/txtt/m/n/10 eta[][]=[][]reciprocal[][]width[][]of[][
]electrode[][]charge[][]smearing[][](can[][]be[][]NULL[][]if[][]eta[]
 []


Underfull \hbox (badness 10000) in paragraph at lines 149494--149494
[][][][][][][][][]\T1/txtt/m/n/10 turn[][]on/[]off[][]type[]based[][]optimized[
][]neighbor[][]lists[][](electrode[][]and[][]electrolyte[][]types[][]may[]
 []

[1475] [1476] [1477] [1478] [1479] [1480] [1481] [1482] [1483] [1484] [1485]
[1486] [1487] [1488] [1489] [1490] [1491] [1492] [1493] [1494] [1495] [1496]
[1497] [1498] [1499] [1500] [1501]
Underfull \hbox (badness 10000) in paragraph at lines 151966--151966
 []\T1/txtt/m/n/10 keyword[][]=[][]\T1/txtt/m/sl/10 mol\T1/txtt/m/n/10 ,[][][]\
T1/txtt/m/sl/10 region\T1/txtt/m/n/10 ,[][][]\T1/txtt/m/sl/10 maxangle\T1/txtt/
m/n/10 ,[][][]\T1/txtt/m/sl/10 pressure\T1/txtt/m/n/10 ,[][][]\T1/txtt/m/sl/10 
fugacity_[]coeff\T1/txtt/m/n/10 ,[][][]\T1/txtt/m/sl/10 full_[]energy\T1/txtt/m
/n/10 ,[][][]\T1/txtt/m/sl/10 charge\T1/txtt/m/n/10 ,[][]
 []


Underfull \hbox (badness 10000) in paragraph at lines 151982--151982
 [][][][][]\T1/txtt/m/sl/10 full_[]energy[][]\T1/txtt/m/n/10 =[][]compute[][]th
e[][]entire[][]system[][]energy[][]when[][]performing[][]GCMC[][]exchanges[][]a
nd[]
 []


Underfull \hbox (badness 10000) in paragraph at lines 151991--151991
 [][][][][]\T1/txtt/m/sl/10 overlap_[]cutoff[][]\T1/txtt/m/n/10 value[][]=[][]m
aximum[][]pair[][]distance[][]for[][]overlap[][]rejection[][](distance[]
 []

[1502] [1503] [1504] [1505] [1506] [1507]
Underfull \hbox (badness 10000) in paragraph at lines 152579--152579
 [][][][][][][][][]\T1/txtt/m/sl/10 no[][]\T1/txtt/m/n/10 =[][]initialize[][]ex
tended[][]variables[][]using[][]values[][]drawn[][]from[][]equilibrium[]
 []


Underfull \hbox (badness 10000) in paragraph at lines 152580--152580
 [][][][][][][][][]\T1/txtt/m/sl/10 yes[][]\T1/txtt/m/n/10 =[][]initialize[][]e
xtended[][]variables[][]to[][]zero[][](i.[]e.[],[][][]from[][]equilibrium[]
 []

[1508] [1509] [1510]
Underfull \hbox (badness 10000) in paragraph at lines 152790--152790
 [][][][][][][][][][][][][]\T1/txtt/m/n/10 of[][]the[][]integration[][]of[][]th
e[][]GLE,[][][]but[][]has[][]*no[][]effect*[][]on[][]the[][]accuracy[][]of[]
 []

[1511] [1512] [1513] [1514] [1515] [1516] [1517] [1518] [1519] [1520] [1521]
[1522] [1523] [1524] [1525] [1526] [1527] [1528] [1529] [1530] [1531] [1532]
[1533] [1534] [1535] [1536] [1537] [1538] [1539] [1540]
Underfull \hbox (badness 10000) in paragraph at lines 155653--155653
 [][][][][]\T1/txtt/m/n/10 factor[][]=[][]do[][]thermostat[][]rotational[][]deg
rees[][]of[][]freedom[][]via[][]the[][]angular[][]momentum[][]and[]
 []

[1541] [1542] [1543] [1544] [1545] [1546] [1547] [1548] [1549] [1550] [1551]
[1552] [1553]
Underfull \hbox (badness 10000) in paragraph at lines 156774--156774
 []\T1/txtt/m/sl/10 stencil[][]\T1/txtt/m/n/10 values[][]=[][]2[][](trilinear[]
[]stencil,[][][]the[][]default),[][][]3[][](3[]point[][]immersed[][]boundary[]
 []


Underfull \hbox (badness 10000) in paragraph at lines 156775--156775
 []\T1/txtt/m/sl/10 read_[]restart[][]\T1/txtt/m/n/10 values[][]=[][]restart[][
]file[][]=[][]name[][]of[][]the[][]restart[][]file[][]to[][]use[][]to[][]restar
t[][]a[]
 []


Underfull \hbox (badness 10000) in paragraph at lines 156777--156777
 []\T1/txtt/m/sl/10 zwall_[]velocity[][]\T1/txtt/m/n/10 values[][]=[][]velocity
_[]bottom[][]velocity_[]top[][]=[][]velocities[][]along[][]the[]
 []


Underfull \hbox (badness 10000) in paragraph at lines 156778--156778
 []\T1/txtt/m/sl/10 pressurebcx[][]\T1/txtt/m/n/10 values[][]=[][]pgradav[][]=[
][]imposes[][]a[][]pressure[][]jump[][]at[][]the[][](periodic)[][]x[]boundary[]

 []


Underfull \hbox (badness 10000) in paragraph at lines 156779--156779
 []\T1/txtt/m/sl/10 bodyforce[][]\T1/txtt/m/n/10 values[][]=[][]bodyforcex[][]b
odyforcey[][]bodyforcez[][]=[][]the[][]x,[]y[][]and[][]z[][]components[][]of[][
]a[]
 []


Underfull \hbox (badness 10000) in paragraph at lines 156780--156780
 []\T1/txtt/m/sl/10 D3Q19[][]\T1/txtt/m/n/10 values[][]=[][]none[][](used[][]to
[][]switch[][]from[][]the[][]default[][]D3Q15,[][][]15[][]velocity[][]lattice,[
][][]to[]
 []


Underfull \hbox (badness 10000) in paragraph at lines 156784--156784
 [][][][][][][][][]\T1/txtt/m/n/10 timeI[][]=[][]1[][](use[][]simulation[][]tim
e[][]to[][]index[][]xdmf[][]file),[][][]0[][](use[][]output[][]frame[][]number[
]
 []


Underfull \hbox (badness 10000) in paragraph at lines 156785--156785
 []\T1/txtt/m/sl/10 linearInit[][]\T1/txtt/m/n/10 values[][]=[][]none[][]=[][]i
nitialize[][]density[][]and[][]velocity[][]using[][]linear[]
 []


Underfull \hbox (badness 10000) in paragraph at lines 156786--156786
 []\T1/txtt/m/sl/10 dof[][]\T1/txtt/m/n/10 values[][]=[][]dof[][]=[][]specify[]
[]the[][]number[][]of[][]degrees[][]of[][]freedom[][]for[][]temperature[]
 []


Underfull \hbox (badness 10000) in paragraph at lines 156789--156789
 [][][][][][][][][]\T1/txtt/m/n/10 gammaFactor[][]=[][]factor[][]to[][]scale[][
]the[][]\T1/txtt/m/sl/10 setGamma[][]\T1/txtt/m/n/10 gamma[][]value[][]by,[][][
]for[][]the[][]specified[]
 []

[1554]
Underfull \hbox (badness 10000) in paragraph at lines 156797--156797
 []\T1/txtt/m/sl/10 wp[][]\T1/txtt/m/n/10 values[][]=[][]w_[]p[][]=[][]y[]width
[][]of[][]slit[][]regions[][](defaults[][]to[][]full[][]width[][]if[][]not[][]p
resent[][]or[]
 []

[1555] [1556] [1557] [1558] [1559] [1560] [1561] [1562] [1563] [1564] [1565]
[1566] [1567] [1568] [1569] [1570] [1571]
Underfull \hbox (badness 10000) in paragraph at lines 158355--158355
 [][][][][]\T1/txtt/m/n/10 Vx,[]Vy,[]Vz[][]=[][]components[][]of[][]velocity[][
]vector[][](velocity[][]units),[][][]any[][]component[][]can[][]be[]
 []


Underfull \hbox (badness 10000) in paragraph at lines 158357--158357
 [][][][][]\T1/txtt/m/n/10 Ax,[]Ay,[]Az[][]=[][]components[][]of[][]amplitude[]
[]vector[][](distance[][]units),[][][]any[][]component[][]can[][]be[]
 []


Underfull \hbox (badness 10000) in paragraph at lines 158364--158364
 [][][][][]\T1/txtt/m/n/10 v_[]dx,[]v_[]dy,[]v_[]dz[][]=[][]3[][]variable[][]na
mes[][]that[][]calculate[][]x,[]y,[]z[][]displacement[][]as[][]function[]
 []


Underfull \hbox (badness 10000) in paragraph at lines 158365--158365
 [][][][][]\T1/txtt/m/n/10 v_[]vx,[]v_[]vy,[]v_[]vz[][]=[][]3[][]variable[][]na
mes[][]that[][]calculate[][]x,[]y,[]z[][]velocity[][]as[][]function[][]of[]
 []

[1572] [1573] [1574] [1575] [1576] [1577] [1578] [1579] [1580] [1581] [1582]
[1583] [1584] [1585] [1586] [1587] [1588] [1589] [1590] [1591] [1592] [1593]
[1594] [1595] [1596] [1597] [1598] [1599] [1600] [1601] [1602] [1603] [1604]
[1605] [1606] [1607] [1608] [1609] [1610] [1611] [1612] [1613] [1614] [1615]
[1616] [1617] [1618] [1619] [1620] [1621] [1622] [1623] [1624] [1625] [1626]
[1627] [1628] [1629] [1630] [1631] [1632] [1633] [1634] [1635] [1636] [1637]
[1638] [1639] [1640] [1641] [1642] [1643] [1644]
Underfull \hbox (badness 10000) in paragraph at lines 164702--164702
 [][][][][]\T1/txtt/m/n/10 Vx,[]Vy,[]Vz[][]=[][]components[][]of[][]velocity[][
]vector[][](velocity[][]units),[][][]any[][]component[][]can[][]be[]
 []


Underfull \hbox (badness 10000) in paragraph at lines 164704--164704
 [][][][][]\T1/txtt/m/n/10 Ax,[]Ay,[]Az[][]=[][]components[][]of[][]amplitude[]
[]vector[][](distance[][]units),[][][]any[][]component[][]can[][]be[]
 []


Underfull \hbox (badness 10000) in paragraph at lines 164716--164716
 [][][][][]\T1/txtt/m/n/10 v_[]dx,[]v_[]dy,[]v_[]dz[][]=[][]3[][]variable[][]na
mes[][]that[][]calculate[][]x,[]y,[]z[][]displacement[][]as[][]function[]
 []


Underfull \hbox (badness 10000) in paragraph at lines 164717--164717
 [][][][][]\T1/txtt/m/n/10 v_[]vx,[]v_[]vy,[]v_[]vz[][]=[][]3[][]variable[][]na
mes[][]that[][]calculate[][]x,[]y,[]z[][]velocity[][]as[][]function[][]of[]
 []

[1645] [1646] [1647] [1648]
Underfull \hbox (badness 10000) in paragraph at lines 165032--165032
 []\T1/txtt/m/sl/10 tscale[][]\T1/txtt/m/n/10 value[][]=[][]reduction[][]in[][]
initial[][]temperature[][](unitless[][]fraction[][]between[][]0.[]0[][]and[]
 []

[1649] [1650] [1651] [1652]
Underfull \hbox (badness 10000) in paragraph at lines 165441--165441
[][][][][]\T1/txtt/m/sl/10 neigh[][]\T1/txtt/m/n/10 =[][]parallel[][]nudging[][
]force[][]based[][]on[][]distance[][]to[][]neighbor[][]replicas[][](Kspring[][]
=[][]force/
 []

[1653]
Underfull \hbox (badness 10000) in paragraph at lines 165442--165442
[][][][][]\T1/txtt/m/sl/10 ideal[][]\T1/txtt/m/n/10 =[][]parallel[][]nudging[][
]force[][]based[][]on[][]interpolated[][]ideal[][]position[][](Kspring[][]=[][]
force[]
 []


Underfull \hbox (badness 10000) in paragraph at lines 165443--165443
[][][][][]\T1/txtt/m/sl/10 equal[][]\T1/txtt/m/n/10 =[][]parallel[][]nudging[][
]force[][]based[][]on[][]interpolated[][]ideal[][]position[][]before[][]climbin
g,[][]
 []


Underfull \hbox (badness 10000) in paragraph at lines 165450--165450
[][][][][][][][][]\T1/txtt/m/sl/10 last/[]efirst[][]\T1/txtt/m/n/10 =[][]apply[
][]force[][]to[][]last[][]replica[][]and[][]set[][]its[][]target[][]energy[][]t
o[][]that[][]of[][]first[]
 []


Underfull \hbox (badness 10000) in paragraph at lines 165451--165451
[][][][][][][][][]\T1/txtt/m/sl/10 last/[]efirst/[]middle[][]\T1/txtt/m/n/10 =[
][]same[][]as[][]\T1/txtt/m/sl/10 last/[]efirst[][]\T1/txtt/m/n/10 plus[][]prev
ent[][]middle[][]replicas[][]having[][]lower[]
 []

[1654] [1655] [1656] [1657]
Underfull \hbox (badness 10000) in paragraph at lines 165886--165886
 []\T1/txtt/m/n/10 keyword[][]=[][]\T1/txtt/m/sl/10 temp[][]\T1/txtt/m/n/10 or[
][]\T1/txtt/m/sl/10 iso[][]\T1/txtt/m/n/10 or[][]\T1/txtt/m/sl/10 aniso[][]\T1/
txtt/m/n/10 or[][]\T1/txtt/m/sl/10 tri[][]\T1/txtt/m/n/10 or[][]\T1/txtt/m/sl/1
0 x[][]\T1/txtt/m/n/10 or[][]\T1/txtt/m/sl/10 y[][]\T1/txtt/m/n/10 or[][]\T1/tx
tt/m/sl/10 z[][]\T1/txtt/m/n/10 or[][]\T1/txtt/m/sl/10 xy[][]\T1/txtt/m/n/10 or
[][]\T1/txtt/m/sl/10 yz[][]\T1/txtt/m/n/10 or[][]\T1/txtt/m/sl/10 xz[][]\T1/txt
t/m/n/10 or[][]\T1/txtt/m/sl/10 couple[][]\T1/txtt/m/n/10 or[]
 []


Underfull \hbox (badness 10000) in paragraph at lines 165886--165886
 []\T1/txtt/m/sl/10 tchain[][]\T1/txtt/m/n/10 or[][]\T1/txtt/m/sl/10 pchain[][]
\T1/txtt/m/n/10 or[][]\T1/txtt/m/sl/10 mtk[][]\T1/txtt/m/n/10 or[][]\T1/txtt/m/
sl/10 tloop[][]\T1/txtt/m/n/10 or[][]\T1/txtt/m/sl/10 ploop[][]\T1/txtt/m/n/10 
or[][]\T1/txtt/m/sl/10 nreset[][]\T1/txtt/m/n/10 or[][]\T1/txtt/m/sl/10 drag[][
]\T1/txtt/m/n/10 or[][]\T1/txtt/m/sl/10 ptemp[][]\T1/txtt/m/n/10 or[][]\T1/txtt
/m/sl/10 dilate[]
 []

[1658]
Underfull \hbox (badness 10000) in paragraph at lines 165894--165894
 [][][][][][][][][]\T1/txtt/m/n/10 Pstart,[]Pstop[][]=[][]external[][]stress[][
]tensor[][]component[][]at[][]start/[]end[][]of[][]run[][](pressure[]
 []


Underfull \hbox (badness 10000) in paragraph at lines 165921--165921
 [][][][][][][][][]\T1/txtt/m/n/10 dipole/[]dlm[][]=[][]use[][]DLM[][]integrato
r[][]to[][]update[][]dipole[][]orientation[][](only[][]for[][]sphere[]
 []

[1659] [1660] [1661] [1662] [1663] [1664] [1665] [1666] [1667]
Underfull \hbox (badness 10000) in paragraph at lines 166743--166743
 []\T1/txtt/m/n/10 keyword[][]=[][]\T1/txtt/m/sl/10 temp[][]\T1/txtt/m/n/10 or[
][]\T1/txtt/m/sl/10 iso[][]\T1/txtt/m/n/10 or[][]\T1/txtt/m/sl/10 aniso[][]\T1/
txtt/m/n/10 or[][]\T1/txtt/m/sl/10 tri[][]\T1/txtt/m/n/10 or[][]\T1/txtt/m/sl/1
0 x[][]\T1/txtt/m/n/10 or[][]\T1/txtt/m/sl/10 y[][]\T1/txtt/m/n/10 or[][]\T1/tx
tt/m/sl/10 z[][]\T1/txtt/m/n/10 or[][]\T1/txtt/m/sl/10 xy[][]\T1/txtt/m/n/10 or
[][]\T1/txtt/m/sl/10 yz[][]\T1/txtt/m/n/10 or[][]\T1/txtt/m/sl/10 xz[][]\T1/txt
t/m/n/10 or[][]\T1/txtt/m/sl/10 couple[][]\T1/txtt/m/n/10 or[]
 []


Underfull \hbox (badness 10000) in paragraph at lines 166751--166751
 [][][][][][][][][]\T1/txtt/m/n/10 Pstart,[]Pstop[][]=[][]external[][]stress[][
]tensor[][]component[][]at[][]start/[]end[][]of[][]run[][](pressure[]
 []

[1668] [1669]
Underfull \hbox (badness 10000) in paragraph at lines 166933--166933
 []\T1/txtt/m/n/10 keyword[][]=[][]\T1/txtt/m/sl/10 erate[][]\T1/txtt/m/n/10 or
[][]\T1/txtt/m/sl/10 ext[][]\T1/txtt/m/n/10 or[][]\T1/txtt/m/sl/10 strain[][]\T
1/txtt/m/n/10 or[][]\T1/txtt/m/sl/10 temp[][]\T1/txtt/m/n/10 or[][]\T1/txtt/m/s
l/10 iso[][]\T1/txtt/m/n/10 or[][]\T1/txtt/m/sl/10 x[][]\T1/txtt/m/n/10 or[][]\
T1/txtt/m/sl/10 y[][]\T1/txtt/m/n/10 or[][]\T1/txtt/m/sl/10 z[][]\T1/txtt/m/n/1
0 or[][]\T1/txtt/m/sl/10 tchain[][]\T1/txtt/m/n/10 or[][]\T1/txtt/m/sl/10 pchai
n[]
 []

[1670]
<uef_frames.jpg, id=58285, 179.16937pt x 241.65282pt>
File: uef_frames.jpg Graphic file (type jpg)
<use uef_frames.jpg>
Package pdftex.def Info: uef_frames.jpg  used on input line 167000.
(pdftex.def)             Requested size: 179.16893pt x 241.65222pt.
 [1671 <./uef_frames.jpg>] [1672] [1673]
Underfull \hbox (badness 10000) in paragraph at lines 167224--167224
 [][][][][][][][][]\T1/txtt/m/sl/10 radius[][]\T1/txtt/m/n/10 args[][]=[][]none
,[][][]cutoffs[][]determined[][]based[][]on[][]atom[][]diameters[][](atom[][]st
yle[]
 []


Underfull \hbox (badness 10000) in paragraph at lines 167235--167235
 []\T1/txtt/m/sl/10 offset[][]\T1/txtt/m/n/10 =[][]update[][]the[][]reference[]
[]frame[][]\T1/txtt/m/sl/10 nstep[][]\T1/txtt/m/n/10 timesteps[][]before[][]cal
culating[][]the[]
 []

[1674] [1675] [1676] [1677] [1678] [1679] [1680] [1681]
Underfull \hbox (badness 10000) in paragraph at lines 167984--167984
 []\T1/txtt/m/n/10 keyword[][]=[][]\T1/txtt/m/sl/10 temp[][]\T1/txtt/m/n/10 or[
][]\T1/txtt/m/sl/10 iso[][]\T1/txtt/m/n/10 or[][]\T1/txtt/m/sl/10 aniso[][]\T1/
txtt/m/n/10 or[][]\T1/txtt/m/sl/10 tri[][]\T1/txtt/m/n/10 or[][]\T1/txtt/m/sl/1
0 x[][]\T1/txtt/m/n/10 or[][]\T1/txtt/m/sl/10 y[][]\T1/txtt/m/n/10 or[][]\T1/tx
tt/m/sl/10 z[][]\T1/txtt/m/n/10 or[][]\T1/txtt/m/sl/10 couple[][]\T1/txtt/m/n/1
0 or[][]\T1/txtt/m/sl/10 tchain[][]\T1/txtt/m/n/10 or[][]\T1/txtt/m/sl/10 pchai
n[]
 []


Underfull \hbox (badness 10000) in paragraph at lines 167984--167984
 []\T1/txtt/m/n/10 or[][]\T1/txtt/m/sl/10 mtk[][]\T1/txtt/m/n/10 or[][]\T1/txtt
/m/sl/10 tloop[][]\T1/txtt/m/n/10 or[][]\T1/txtt/m/sl/10 ploop[][]\T1/txtt/m/n/
10 or[][]\T1/txtt/m/sl/10 nreset[][]\T1/txtt/m/n/10 or[][]\T1/txtt/m/sl/10 drag
[][]\T1/txtt/m/n/10 or[][]\T1/txtt/m/sl/10 dilate[][]\T1/txtt/m/n/10 or[][]\T1/
txtt/m/sl/10 scaleyz[][]\T1/txtt/m/n/10 or[][]\T1/txtt/m/sl/10 scalexz[][]\T1/t
xtt/m/n/10 or[]
 []

[1682] [1683] [1684] [1685] [1686] [1687] [1688] [1689] [1690]
Underfull \hbox (badness 10000) in paragraph at lines 168732--168732
 [][][][][]\T1/txtt/m/n/10 Pstart,[]Pstop[][]=[][]external[][]stress[][]tensor[
][]component[][]at[][]start/[]end[][]of[][]run[][](pressure[]
 []

[1691] [1692] [1693] [1694] [1695] [1696] [1697] [1698] [1699] [1700] [1701]
[1702] [1703] [1704] [1705] [1706] [1707] [1708] [1709] [1710] [1711] [1712]
Underfull \hbox (badness 10000) in paragraph at lines 170745--170745
 [][][][][]\T1/txtt/m/n/10 factor[][]=[][]do[][]thermostat[][]rotational[][]deg
rees[][]of[][]freedom[][]via[][]the[][]angular[][]momentum[][]and[]
 []

[1713] [1714] [1715] [1716] [1717] [1718] [1719] [1720] [1721] [1722]
<fix_integration_spin_stdecomposition.jpg, id=59104, 276.7941pt x 187.902pt>
File: fix_integration_spin_stdecomposition.jpg Graphic file (type jpg)
<use fix_integration_spin_stdecomposition.jpg>
Package pdftex.def Info: fix_integration_spin_stdecomposition.jpg  used on inpu
t line 171627.
(pdftex.def)             Requested size: 276.79341pt x 187.90154pt.
 [1723]
[1724 <./fix_integration_spin_stdecomposition.jpg>] [1725] [1726] [1727]
[1728] [1729] [1730] [1731] [1732] [1733] [1734] [1735] [1736] [1737] [1738]
[1739] [1740] [1741] [1742] [1743] [1744] [1745] [1746] [1747] [1748]
Underfull \hbox (badness 10000) in paragraph at lines 173879--173879
 []\T1/txtt/m/sl/10 file[][]\T1/txtt/m/n/10 is[][]the[][]file[][]that[][]contai
ns[][]the[][]mapping[][]info[][]between[][]atom[][]ID[][]and[][]the[][]lattice[
]
 []


Underfull \hbox (badness 10000) in paragraph at lines 173883--173883
 []\T1/txtt/m/n/10 info[][]can[][]be[][]generated[][]internally.[][][]In[][]thi
s[][]case,[][][]dynamical[][]matrix[][]at[][]only[][]the[]
 []

[1749] [1750] [1751]
Underfull \hbox (badness 10000) in paragraph at lines 174153--174153
 []\T1/txtt/m/sl/10 keywords[][]\T1/txtt/m/n/10 =[][]\T1/txtt/m/sl/10 method[][
]\T1/txtt/m/n/10 or[][]\T1/txtt/m/sl/10 integrator[][]\T1/txtt/m/n/10 or[][]\T1
/txtt/m/sl/10 ensemble[][]\T1/txtt/m/n/10 or[][]\T1/txtt/m/sl/10 fmmode[][]\T1/
txtt/m/n/10 or[][]\T1/txtt/m/sl/10 fmass[][]\T1/txtt/m/n/10 or[][]\T1/txtt/m/sl
/10 scale[][]\T1/txtt/m/n/10 or[][]\T1/txtt/m/sl/10 temp[][]\T1/txtt/m/n/10 or[
]
 []

[1752]
Underfull \hbox (badness 10000) in paragraph at lines 174164--174164
 []\T1/txtt/m/sl/10 scale[][]\T1/txtt/m/n/10 value[][]=[][]scaling[][]factor[][
]of[][]the[][]damping[][]times[][]of[][]non[]centroid[][]modes[][]of[][]PILE_[]
L[]
 []

[1753] [1754] [1755]
<pimd.jpg, id=59597, 435.0654pt x 346.32356pt>
File: pimd.jpg Graphic file (type jpg)
<use pimd.jpg>
Package pdftex.def Info: pimd.jpg  used on input line 174403.
(pdftex.def)             Requested size: 435.06432pt x 346.32271pt.
 [1756 <./pimd.jpg>] [1757] [1758] [1759] [1760] [1761]
[1762] [1763] [1764] [1765] [1766] [1767] [1768] [1769] [1770] [1771] [1772]
<zeeman_langevin.jpg, id=59852, 709.33005pt x 480.5955pt>
File: zeeman_langevin.jpg Graphic file (type jpg)
<use zeeman_langevin.jpg>
Package pdftex.def Info: zeeman_langevin.jpg  used on input line 176013.
(pdftex.def)             Requested size: 451.68457pt x 306.03275pt.

[1773] [1774 <./zeeman_langevin.jpg>] [1775]
Underfull \hbox (badness 10000) in paragraph at lines 176175--176175
 [][][][][][][][][]\T1/txtt/m/n/10 Pstart,[]Pstop[][]=[][]external[][]stress[][
]tensor[][]component[][]at[][]start/[]end[][]of[][]run[][](pressure[]
 []

[1776] [1777] [1778]
Underfull \hbox (badness 10000) in paragraph at lines 176449--176449
 []\T1/txtt/m/n/10 keyword[][]=[][]\T1/txtt/m/sl/10 iso[][]\T1/txtt/m/n/10 or[]
[]\T1/txtt/m/sl/10 aniso[][]\T1/txtt/m/n/10 or[][]\T1/txtt/m/sl/10 tri[][]\T1/t
xtt/m/n/10 or[][]\T1/txtt/m/sl/10 x[][]\T1/txtt/m/n/10 or[][]\T1/txtt/m/sl/10 y
[][]\T1/txtt/m/n/10 or[][]\T1/txtt/m/sl/10 z[][]\T1/txtt/m/n/10 or[][]\T1/txtt/
m/sl/10 xy[][]\T1/txtt/m/n/10 or[][]\T1/txtt/m/sl/10 xz[][]\T1/txtt/m/n/10 or[]
[]\T1/txtt/m/sl/10 yz[][]\T1/txtt/m/n/10 or[][]\T1/txtt/m/sl/10 couple[][]\T1/t
xtt/m/n/10 or[][]\T1/txtt/m/sl/10 dilate[]
 []


Underfull \hbox (badness 10000) in paragraph at lines 176454--176454
 [][][][][][][][][]\T1/txtt/m/n/10 Pstart,[]Pstop[][]=[][]external[][]stress[][
]tensor[][]component[][]at[][]start/[]end[][]of[][]run[][](pressure[]
 []

[1779] [1780] [1781] [1782] [1783] [1784] [1785] [1786] [1787] [1788] [1789]
[1790] [1791] [1792] [1793] [1794]
Underfull \hbox (badness 10000) in paragraph at lines 177846--177846
 []\T1/txtt/m/sl/10 tscale[][]\T1/txtt/m/n/10 value[][]=[][]reduction[][]in[][]
initial[][]temperature[][](unitless[][]fraction[][]between[][]0.[]0[][]and[]
 []


Underfull \hbox (badness 10000) in paragraph at lines 177851--177851
 []\T1/txtt/m/sl/10 eta[][]\T1/txtt/m/n/10 value[][]=[][]coupling[][]constant[]
[]between[][]the[][]shock[][]system[][]and[][]the[][]quantum[][]thermal[][]bath
[]
 []


Underfull \hbox (badness 10000) in paragraph at lines 177852--177852
 []\T1/txtt/m/sl/10 beta[][]\T1/txtt/m/n/10 value[][]=[][]the[][]quantum[][]tem
perature[][]is[][]updated[][]every[][]beta[][]time[][]steps[][](positive[]
 []

[1795]
<qbmsst_init.jpg, id=60132, 247.1634pt x 123.3408pt>
File: qbmsst_init.jpg Graphic file (type jpg)
<use qbmsst_init.jpg>
Package pdftex.def Info: qbmsst_init.jpg  used on input line 177877.
(pdftex.def)             Requested size: 247.16278pt x 123.34048pt.
<qbmsst_shock.jpg, id=60133, 247.1634pt x 195.6108pt>
File: qbmsst_shock.jpg Graphic file (type jpg)
<use qbmsst_shock.jpg>
Package pdftex.def Info: qbmsst_shock.jpg  used on input line 177888.
(pdftex.def)             Requested size: 247.16278pt x 195.6103pt.
 [1796 <./qbmsst_init.jpg> <./qbmsst_shock.jpg>] [1797] [1798]
Underfull \hbox (badness 10000) in paragraph at lines 178178--178178
 []\T1/txtt/m/sl/10 qdamp[][]\T1/txtt/m/n/10 value[][]=[][]damping[][]factor[][
]for[][]damped[][]dynamics[][]charge[][]solver[][](qeq/[]dynamic[][]and[][]qeq/

 []


Underfull \hbox (badness 10000) in paragraph at lines 178179--178179
 []\T1/txtt/m/sl/10 qstep[][]\T1/txtt/m/n/10 value[][]=[][]time[][]step[][]size
[][]for[][]damped[][]dynamics[][]charge[][]solver[][](qeq/[]dynamic[][]and[][]q
eq/
 []


Underfull \hbox (badness 10000) in paragraph at lines 178180--178180
 []\T1/txtt/m/sl/10 warn[][]\T1/txtt/m/n/10 value[][]=[][]do[][](=yes)[][]or[][
]do[][]not[][](=no)[][]print[][]a[][]warning[][]when[][]the[][]maximum[][]numbe
r[][]of[]
 []

[1799] [1800] [1801] [1802] [1803] [1804]
Underfull \hbox (badness 10000) in paragraph at lines 178694--178694
 [][][][][]\T1/txtt/m/sl/10 nowarn[][]\T1/txtt/m/n/10 =[][]do[][]not[][]print[]
[]a[][]warning[][]message[][]if[][]the[][]maximum[][]number[][]of[][]iterations
[][]was[]
 []

[1805] [1806] [1807] [1808] [1809] [1810] [1811] [1812] [1813] [1814] [1815]
[1816] [1817]
Underfull \hbox (badness 10000) in paragraph at lines 179877--179877
 [][][][][]\T1/txtt/m/n/10 r0stop[][]=[][]equilibrium[][]bond[][]distance[][]at
[][]end[][]of[][]run[][](optional)[][](distance[][]units).[][][]If[]
 []


Underfull \hbox (badness 10000) in paragraph at lines 179883--179883
 [][][][][]\T1/txtt/m/n/10 r0stop[][]=[][]equilibrium[][]bond[][]distance[][]at
[][]end[][]of[][]run[][](optional)[][](distance[][]units).[][][]If[]
 []

[1818] [1819] [1820] [1821] [1822] [1823] [1824] [1825] [1826] [1827] [1828]
[1829] [1830] [1831] [1832] [1833]
Underfull \hbox (badness 10000) in paragraph at lines 181173--181173
 [][][][][]\T1/txtt/m/n/10 Pstart,[]Pstop[][]=[][]external[][]stress[][]tensor[
][]component[][]at[][]start/[]end[][]of[][]run[][](pressure[]
 []

[1834] [1835] [1836] [1837] [1838] [1839] [1840] [1841] [1842] [1843] [1844]
[1845] [1846] [1847] [1848] [1849] [1850] [1851] [1852] [1853] [1854] [1855]
[1856] [1857] [1858] [1859] [1860]
Underfull \hbox (badness 10000) in paragraph at lines 183717--183717
 [][][][][]\T1/txtt/m/n/10 force[][]constant[][]=[][]force[][]constant[][]used[
][]to[][]apply[][]a[][]restraint[][]force[][]when[][]used[][]during[]
 []

[1861] [1862] [1863] [1864] [1865] [1866] [1867] [1868] [1869] [1870] [1871]
Underfull \hbox (badness 10000) in paragraph at lines 184705--184705
 [][][][][][][]\T1/txtt/m/n/10 Vx,[]Vy,[]Vz[][]=[][]components[][]of[][]velocit
y[][]vector[][](velocity[][]units),[][][]any[][]component[][]can[][]be[]
 []


Underfull \hbox (badness 10000) in paragraph at lines 184707--184707
 [][][][][][][]\T1/txtt/m/n/10 vx,[]vy,[]vz[][]=[][]components[][]of[][]velocit
y[][]vector[][](velocity[][]units),[][][]any[][]component[][]can[][]be[]
 []

[1872] [1873] [1874] [1875] [1876] [1877] [1878] [1879] [1880] [1881] [1882]
[1883] [1884]
Underfull \hbox (badness 10000) in paragraph at lines 185832--185832
 []\T1/txtt/m/sl/10 inside[][]\T1/txtt/m/n/10 value[][]=[][]\T1/txtt/m/sl/10 er
ror[][]\T1/txtt/m/n/10 or[][]\T1/txtt/m/sl/10 warn[][]\T1/txtt/m/n/10 or[][]\T1
/txtt/m/sl/10 ignore[][]\T1/txtt/m/n/10 =[][]how[][]SRD[][]particles[][]which[]
[]end[][]up[][]inside[][]a[]
 []


Underfull \hbox (badness 10000) in paragraph at lines 185835--185835
 []\T1/txtt/m/sl/10 bounce[][]\T1/txtt/m/n/10 value[][]=[][]Nbounce[][]=[][]max
[][][]#[][]of[][]collisions[][]an[][]SRD[][]particle[][]can[][]undergo[][]in[][
]one[]
 []

[1885] [1886] [1887] [1888] [1889] [1890] [1891] [1892] [1893] [1894] [1895]
[1896] [1897] [1898] [1899] [1900] [1901] [1902] [1903] [1904]
Underfull \hbox (badness 10000) in paragraph at lines 187697--187697
 []\T1/txtt/m/n/10 keyword[][]=[][]\T1/txtt/m/sl/10 temp[][]iso[][]\T1/txtt/m/n
/10 or[][]\T1/txtt/m/sl/10 aniso[][]\T1/txtt/m/n/10 or[][]\T1/txtt/m/sl/10 tri[
][]\T1/txtt/m/n/10 or[][]\T1/txtt/m/sl/10 x[][]\T1/txtt/m/n/10 or[][]\T1/txtt/m
/sl/10 y[][]\T1/txtt/m/n/10 or[][]\T1/txtt/m/sl/10 z[][]\T1/txtt/m/n/10 or[][]\
T1/txtt/m/sl/10 xy[][]\T1/txtt/m/n/10 or[][]\T1/txtt/m/sl/10 yz[][]\T1/txtt/m/n
/10 or[][]\T1/txtt/m/sl/10 xz[][]\T1/txtt/m/n/10 or[][]\T1/txtt/m/sl/10 couple[
][]\T1/txtt/m/n/10 or[]
 []


Underfull \hbox (badness 10000) in paragraph at lines 187697--187697
 []\T1/txtt/m/sl/10 tchain[][]\T1/txtt/m/n/10 or[][]\T1/txtt/m/sl/10 pchain[][]
\T1/txtt/m/n/10 or[][]\T1/txtt/m/sl/10 mtk[][]\T1/txtt/m/n/10 or[][]\T1/txtt/m/
sl/10 tloop[][]\T1/txtt/m/n/10 or[][]\T1/txtt/m/sl/10 ploop[][]\T1/txtt/m/n/10 
or[][]\T1/txtt/m/sl/10 nreset[][]\T1/txtt/m/n/10 or[][]\T1/txtt/m/sl/10 scalexy
[][]\T1/txtt/m/n/10 or[][]\T1/txtt/m/sl/10 scaleyz[][]\T1/txtt/m/n/10 or[]
 []

[1905]
Underfull \hbox (badness 10000) in paragraph at lines 187707--187707
 [][][][][][][][][]\T1/txtt/m/n/10 Pstart,[]Pstop[][]=[][]external[][]stress[][
]tensor[][]component[][]at[][]start/[]end[][]of[][]run[][](pressure[]
 []

[1906] [1907] [1908] [1909] [1910] [1911] [1912] [1913] [1914] [1915] [1916]
[1917] [1918] [1919] [1920] [1921] [1922] [1923] [1924] [1925] [1926] [1927]
[1928] [1929] [1930] [1931] [1932]
Underfull \hbox (badness 10000) in paragraph at lines 190160--190160
 []\T1/txtt/m/n/10 epsilon[][]=[][]strength[][]factor[][]for[][]wall[]particle[
][]interaction[][](energy[][]or[][]energy/[]distance^
 []


Underfull \hbox (badness 10000) in paragraph at lines 190164--190164
 []\T1/txtt/m/n/10 cutoff[][]=[][]distance[][]from[][]wall[][]at[][]which[][]wa
ll[]particle[][]interactions[][]are[][]cut[][]off[]
 []

[1933]
Underfull \hbox (badness 10000) in paragraph at lines 190177--190177
 []\T1/txtt/m/n/10 cutoff[][]=[][]distance[][]from[][]wall[][]at[][]which[][]wa
ll[]particle[][]interactions[][]are[][]cut[][]off[]
 []


Underfull \hbox (badness 10000) in paragraph at lines 190195--190195
 []\T1/txtt/m/n/10 cutoff[][]=[][]distance[][]from[][]wall[][]at[][]which[][]wa
ll[]particle[][]interactions[][]are[][]cut[][]off[]
 []


Underfull \hbox (badness 10000) in paragraph at lines 190209--190209
 []\T1/txtt/m/n/10 cutoff[][]=[][]distance[][]from[][]wall[][]at[][]which[][]wa
ll[]particle[][]interactions[][]are[][]cut[][]off[]
 []

[1934] [1935] [1936] [1937] [1938] [1939] [1940] [1941] [1942] [1943] [1944]
Underfull \hbox (badness 10000) in paragraph at lines 191322--191322
 [][][][][]\T1/txtt/m/n/10 epsilon[][]=[][]strength[][]factor[][]for[][]wall[]p
article[][]interaction[][](energy[][]or[][]energy/
 []


Underfull \hbox (badness 10000) in paragraph at lines 191326--191326
 [][][][][]\T1/txtt/m/n/10 cutoff[][]=[][]distance[][]from[][]wall[][]at[][]whi
ch[][]wall[]particle[][]interaction[][]is[][]cut[][]off[]
 []


Underfull \hbox (badness 10000) in paragraph at lines 191331--191331
 [][][][][]\T1/txtt/m/n/10 epsilon[][]=[][]strength[][]factor[][]for[][]wall[]p
article[][]interaction[][](energy[][]or[][]energy/
 []


Underfull \hbox (badness 10000) in paragraph at lines 191333--191333
 [][][][][]\T1/txtt/m/n/10 cutoff[][]=[][]distance[][]from[][]wall[][]at[][]whi
ch[][]wall[]particle[][]interaction[][]is[][]cut[][]off[]
 []

[1945]
<fix_wall_ees_image.jpg, id=62083, 225.84375pt x 225.84375pt>
File: fix_wall_ees_image.jpg Graphic file (type jpg)
<use fix_wall_ees_image.jpg>
Package pdftex.def Info: fix_wall_ees_image.jpg  used on input line 191375.
(pdftex.def)             Requested size: 225.84319pt x 225.84319pt.
 [1946 <./fix_wall_ees_image.jpg>] [1947] [1948] [1949]
Underfull \hbox (badness 10000) in paragraph at lines 191756--191756
 [][][][][][][][][][][][][]\T1/txtt/m/n/10 Kn[][]=[][]elastic[][]constant[][]fo
r[][]normal[][]particle[][]repulsion[][](force/[]distance[][]units[][]or[]
 []


Underfull \hbox (badness 10000) in paragraph at lines 191757--191757
 [][][][][][][][][][][][][]\T1/txtt/m/n/10 Kt[][]=[][]elastic[][]constant[][]fo
r[][]tangential[][]contact[][](force/[]distance[][]units[][]or[]
 []


Underfull \hbox (badness 10000) in paragraph at lines 191758--191758
 [][][][][][][][][][][][][]\T1/txtt/m/n/10 gamma_[]n[][]=[][]damping[][]coeffic
ient[][]for[][]collisions[][]in[][]normal[][]direction[][](1/[]time[]
 []


Underfull \hbox (badness 10000) in paragraph at lines 191759--191759
 [][][][][][][][][][][][][]\T1/txtt/m/n/10 gamma_[]t[][]=[][]damping[][]coeffic
ient[][]for[][]collisions[][]in[][]tangential[][]direction[][](1/[]time[]
 []


Underfull \hbox (badness 10000) in paragraph at lines 191762--191762
 [][][][][][][][][][][][][]\T1/txtt/m/n/10 optional[][]keyword[][]=[][]\T1/txtt
/m/sl/10 limit_[]damping\T1/txtt/m/n/10 ,[][][]limit[][]damping[][]to[][]preven
t[][]attractive[]
 []


Underfull \hbox (badness 10000) in paragraph at lines 191765--191765
 []\T1/txtt/m/n/10 For[][]\T1/txtt/m/sl/10 granular\T1/txtt/m/n/10 ,[][][]\T1/t
xtt/m/sl/10 fstyle_[]params[][]\T1/txtt/m/n/10 are[][]set[][]using[][]the[][]sa
me[][]syntax[][]as[][]for[][]the[][]\T1/txtt/m/sl/10 pair_[]coeff[]
 []

[1950] [1951] [1952] [1953]
Underfull \hbox (badness 10000) in paragraph at lines 192172--192172
 [][][][][][][][][][][][][]\T1/txtt/m/n/10 Kn[][]=[][]elastic[][]constant[][]fo
r[][]normal[][]particle[][]repulsion[][](force/[]distance[][]units[][]or[]
 []


Underfull \hbox (badness 10000) in paragraph at lines 192173--192173
 [][][][][][][][][][][][][]\T1/txtt/m/n/10 Kt[][]=[][]elastic[][]constant[][]fo
r[][]tangential[][]contact[][](force/[]distance[][]units[][]or[]
 []


Underfull \hbox (badness 10000) in paragraph at lines 192174--192174
 [][][][][][][][][][][][][]\T1/txtt/m/n/10 gamma_[]n[][]=[][]damping[][]coeffic
ient[][]for[][]collisions[][]in[][]normal[][]direction[][](1/[]time[]
 []


Underfull \hbox (badness 10000) in paragraph at lines 192175--192175
 [][][][][][][][][][][][][]\T1/txtt/m/n/10 gamma_[]t[][]=[][]damping[][]coeffic
ient[][]for[][]collisions[][]in[][]tangential[][]direction[][](1/[]time[]
 []


Underfull \hbox (badness 10000) in paragraph at lines 192180--192180
 []\T1/txtt/m/n/10 For[][]\T1/txtt/m/sl/10 granular\T1/txtt/m/n/10 ,[][][]\T1/t
xtt/m/sl/10 fstyle_[]params[][]\T1/txtt/m/n/10 are[][]set[][]using[][]the[][]sa
me[][]syntax[][]as[][]for[][]the[][]\T1/txtt/m/sl/10 pair_[]coeff[]
 []

[1954]
<gran_funnel.png, id=62198, 421.575pt x 501.875pt>
File: gran_funnel.png Graphic file (type png)
<use gran_funnel.png>
Package pdftex.def Info: gran_funnel.png  used on input line 192231.
(pdftex.def)             Requested size: 225.4804pt x 268.43538pt.
<gran_mixer.png, id=62199, 421.575pt x 501.875pt>
File: gran_mixer.png Graphic file (type png)
<use gran_mixer.png>
Package pdftex.def Info: gran_mixer.png  used on input line 192231.
(pdftex.def)             Requested size: 225.4804pt x 268.43538pt.
 [1955 <./gran_funnel.png> <./gran_mixer.png>] [1956] [1957] [1958]
[1959] [1960] [1961] [1962] [1963] [1964]
Underfull \hbox (badness 10000) in paragraph at lines 193156--193156
 []\T1/txtt/m/n/10 epsilon[][]=[][]strength[][]factor[][]for[][]wall[]particle[
][]interaction[][](energy[][]or[][]energy/[]distance^
 []

[1965] [1966] [1967] [1968] [1969] [1970] [1971] [1972] [1973] [1974]
Chapter 3.

Underfull \hbox (badness 10000) in paragraph at lines 194007--194007
 []\T1/txtt/m/sl/10 legacy[][]\T1/txtt/m/n/10 args[][]=[][]\T1/txtt/m/sl/10 yes
[][]\T1/txtt/m/n/10 or[][]\T1/txtt/m/sl/10 no[][]\T1/txtt/m/n/10 =[][]use[][](\
T1/txtt/m/sl/10 yes\T1/txtt/m/n/10 )[][]or[][]do[][]not[][]use[][](\T1/txtt/m/s
l/10 no\T1/txtt/m/n/10 )[][]legacy[][]Ackland[][]algorithm[]
 []

[1975

] [1976] [1977] [1978] [1979] [1980] [1981] [1982] [1983] [1984] [1985]
[1986] [1987] [1988] [1989] [1990] [1991] [1992] [1993] [1994] [1995] [1996]
[1997] [1998]
Underfull \hbox (badness 10000) in paragraph at lines 196041--196041
 []\T1/txtt/m/n/10 style[][]=[][]\T1/txtt/m/sl/10 bin/[]1d[][]\T1/txtt/m/n/10 o
r[][]\T1/txtt/m/sl/10 bin/[]2d[][]\T1/txtt/m/n/10 or[][]\T1/txtt/m/sl/10 bin/[]
3d[][]\T1/txtt/m/n/10 or[][]\T1/txtt/m/sl/10 bin/[]sphere[][]\T1/txtt/m/n/10 or
[][]\T1/txtt/m/sl/10 bin/[]cylinder[][]\T1/txtt/m/n/10 or[][]\T1/txtt/m/sl/10 t
ype[][]\T1/txtt/m/n/10 or[]
 []

[1999]
Underfull \hbox (badness 10000) in paragraph at lines 196094--196094
 [][][][][]\T1/txtt/m/n/10 nfreq[][]=[][]assign[][]chunk[][]IDs[][]to[][]atoms[
][]only[][]once[][]every[][]Nfreq[][]steps[][](if[][]invoked[][]by[][][][]\T1/t
xtt/m/sl/10 fix[]
 []

[2000] [2001] [2002] [2003] [2004] [2005] [2006] [2007] [2008] [2009] [2010]
[2011] [2012] [2013] [2014] [2015] [2016] [2017] [2018] [2019] [2020] [2021]
Underfull \hbox (badness 10000) in paragraph at lines 198083--198083
 [][][][][]\T1/txtt/m/sl/10 group[][]\T1/txtt/m/n/10 group2[]ID[][]=[][]select[
][]group[]ID[][]to[][]restrict[][]which[][]atoms[][]to[][]consider[][]for[]
 []

[2022] [2023] [2024] [2025] [2026] [2027] [2028] [2029] [2030] [2031] [2032]
[2033] [2034] [2035] [2036] [2037] [2038] [2039] [2040] [2041]
Underfull \hbox (badness 10000) in paragraph at lines 199788--199788
 []\T1/txtt/m/sl/10 limit[][]\T1/txtt/m/n/10 group2[]ID[][]=[][]limit[][]comput
ing[][]the[][]electric[][]field[][]contributions[][]to[][]a[][]group[]
 []


Underfull \hbox (badness 10000) in paragraph at lines 199789--199789
 []\T1/txtt/m/sl/10 cutoff[][]\T1/txtt/m/n/10 value[][]=[][]set[][]cutoff[][]fo
r[][]computing[][]contributions[][]to[][]this[][]value[][](default:[]
 []

[2042] [2043] [2044] [2045] [2046] [2047] [2048] [2049] [2050] [2051] [2052]
[2053] [2054] [2055] [2056] [2057] [2058] [2059] [2060] [2061] [2062] [2063]
[2064] [2065] [2066] [2067] [2068] [2069] [2070] [2071] [2072] [2073] [2074]
Underfull \vbox (badness 10000) detected at line 202865
 []


Underfull \vbox (badness 10000) detected at line 202865
 []

[2075] [2076] [2077] [2078] [2079] [2080] [2081] [2082]
Underfull \hbox (badness 6300) in paragraph at lines 203526--203532
[]\T1/qtm/m/n/10 This com-pute cal-cu-lates the six com-po-nents of the sym-met
-ric in-er-tia ten-sor for each chunk, or-dered
 []

[2083] [2084] [2085] [2086] [2087] [2088] [2089] [2090] [2091] [2092] [2093]
[2094] [2095] [2096] [2097] [2098] [2099] [2100] [2101] [2102] [2103] [2104]
[2105] [2106] [2107] [2108] [2109] [2110] [2111] [2112] [2113] [2114] [2115]
[2116] [2117] [2118] [2119] [2120] [2121] [2122] [2123] [2124] [2125] [2126]
[2127] [2128] [2129] [2130] [2131] [2132] [2133] [2134] [2135] [2136] [2137]
[2138]
Underfull \hbox (badness 10000) in paragraph at lines 208372--208372
 [][][][][]\T1/txtt/m/n/10 nsub[][]=[][]\T1/txtt/m/sl/10 n[]\T1/txtt/m/n/10 ins
tance[][]of[][]a[][]sub[]style,[][][]if[][]a[][]pair[][]style[][]is[][]used[][]
multiple[][]times[][]in[][]a[]
 []

[2139] [2140]
Underfull \hbox (badness 10000) in paragraph at lines 208548--208548
 []\T1/txtt/m/n/10 c_[]ID[I][][]=[][]Ith[][]column[][]of[][]per[]atom[][]or[][]
local[][]array[][]calculated[][]by[][]a[][]compute[][]with[][]ID,[][][]I[]
 []


Underfull \hbox (badness 10000) in paragraph at lines 208550--208550
 []\T1/txtt/m/n/10 f_[]ID[I][][]=[][]Ith[][]column[][]of[][]per[]atom[][]or[][]
local[][]array[][]calculated[][]by[][]a[][]fix[][]with[][]ID,[][][]I[][]can[]
 []

[2141] [2142] [2143] [2144] [2145] [2146] [2147] [2148] [2149] [2150] [2151]
[2152]
<saed_mesh.png, id=64555, 370.0224pt x 325.215pt>
File: saed_mesh.png Graphic file (type png)
<use saed_mesh.png>
Package pdftex.def Info: saed_mesh.png  used on input line 209587.
(pdftex.def)             Requested size: 277.51611pt x 243.91064pt.
 [2153 <./saed_mesh.png>]
<saed_ewald_intersect.jpg, id=64561, 513.92pt x 513.92pt>
File: saed_ewald_intersect.jpg Graphic file (type jpg)
<use saed_ewald_intersect.jpg>
Package pdftex.def Info: saed_ewald_intersect.jpg  used on input line 209624.
(pdftex.def)             Requested size: 385.43904pt x 385.43904pt.


Package tabulary Warning: tymin too large (14.99634pt), resetting to 11.48775pt
 on input line 209948.


Overfull \hbox (2.40225pt too wide) in paragraph at lines 209948--209948
[]\T1/qtm/m/n/10 Mg| 
 []


Overfull \hbox (2.40225pt too wide) in paragraph at lines 209948--209948
[]\T1/qtm/m/n/10 Mn| 
 []


Overfull \hbox (0.73225pt too wide) in paragraph at lines 209948--209948
[]\T1/qtm/m/n/10 Nb| 
 []


Overfull \hbox (2.40225pt too wide) in paragraph at lines 209948--209948
[]\T1/qtm/m/n/10 Mo| 
 []


Overfull \hbox (0.53226pt too wide) in paragraph at lines 209948--209948
[]\T1/qtm/m/n/10 Ag| 
 []


Overfull \hbox (0.73225pt too wide) in paragraph at lines 209948--209948
[]\T1/qtm/m/n/10 Nd| 
 []


Overfull \hbox (1.85225pt too wide) in paragraph at lines 209948--209948
[]\T1/qtm/m/n/10 Pm| 
 []


Overfull \hbox (1.85225pt too wide) in paragraph at lines 209948--209948
[]\T1/qtm/m/n/10 Sm| 
 []


Overfull \hbox (0.73225pt too wide) in paragraph at lines 209948--209948
[]\T1/qtm/m/n/10 Gd| 
 []


Overfull \hbox (0.73225pt too wide) in paragraph at lines 209948--209948
[]\T1/qtm/m/n/10 Dy| 
 []


Overfull \hbox (0.73225pt too wide) in paragraph at lines 209948--209948
[]\T1/qtm/m/n/10 Ho| 
 []


Overfull \hbox (2.40225pt too wide) in paragraph at lines 209948--209948
[]\T1/qtm/m/n/10 Tm| 
 []


Overfull \hbox (0.73225pt too wide) in paragraph at lines 209948--209948
[]\T1/qtm/m/n/10 Yb| 
 []


Overfull \hbox (0.73225pt too wide) in paragraph at lines 209948--209948
[]\T1/qtm/m/n/10 Hg| 
 []


Overfull \hbox (0.73225pt too wide) in paragraph at lines 209948--209948
[]\T1/qtm/m/n/10 Np| 
 []


Overfull \hbox (2.84752pt too wide) in paragraph at lines 209948--209948
[]\T1/qtm/m/n/10 Am| 
 []


Overfull \hbox (2.74312pt too wide) in paragraph at lines 209948--209948
[]\T1/qtm/m/n/10 Cm| 
 []

[2154 <./saed_ewald_intersect.jpg>]

! LaTeX Error: Unicode character ⁻ (U+207B)
               not set up for use with LaTeX.

See the LaTeX manual or LaTeX Companion for explanation.
Type  H <return>  for immediate help.
 ...                                              
                                                  
l.210048                (default: 1.0 Å⁻
                                           \(\sp{\text{1}}\))
? 

! LaTeX Error: Unicode character ⁻ (U+207B)
               not set up for use with LaTeX.

See the LaTeX manual or LaTeX Companion for explanation.
Type  H <return>  for immediate help.
 ...                                              
                                                  
l.210050                (default: 30.0 Å⁻
                                            \(\sp{\text{1}}\))
? 
[2155]

! LaTeX Error: Unicode character ⁻ (U+207B)
               not set up for use with LaTeX.

See the LaTeX manual or LaTeX Companion for explanation.
Type  H <return>  for immediate help.
 ...                                              
                                                  
l.210055                    (default: 0.2 Å⁻
                                               \(\sp{\text{1}}\))
? 

! LaTeX Error: Unicode character ⁻ (U+207B)
               not set up for use with LaTeX.

See the LaTeX manual or LaTeX Companion for explanation.
Type  H <return>  for immediate help.
 ...                                              
                                                  
l.210132 units (typically in fm or 10⁻
                                        \(\sp{\text{1}}\)\(\sp{\text{5}}\) m...

? 
[2156] [2157] [2158] [2159] [2160] [2161] [2162] [2163] [2164] [2165] [2166]
[2167] [2168] [2169] [2170] [2171] [2172] [2173] [2174] [2175] [2176] [2177]
[2178] [2179] [2180] [2181] [2182] [2183]
Underfull \hbox (badness 10000) in paragraph at lines 212351--212351
 []\T1/txtt/m/sl/10 nnn[][]\T1/txtt/m/n/10 value[][]=[][]number[][]of[][]consid
ered[][]nearest[][]neighbors[][]to[][]compute[][]the[][]bispectrum[][]over[][]a
[]
 []


Underfull \hbox (badness 10000) in paragraph at lines 212352--212352
 []\T1/txtt/m/sl/10 wmode[][]\T1/txtt/m/n/10 value[][]=[][]weight[][]function[]
[]for[][]finding[][]optimal[][]cutoff[][]to[][]match[][]the[][]target[][]number
[]
 []


Underfull \hbox (badness 10000) in paragraph at lines 212355--212355
 []\T1/txtt/m/sl/10 delta[][]\T1/txtt/m/n/10 value[][]=[][]transition[][]interv
al[][]centered[][]at[][]cutoff[][]distance[][]for[][]hyperbolic[]
 []


Underfull \hbox (badness 10000) in paragraph at lines 212355--212355
 []\T1/txtt/m/n/10 tangent[][]weight[][]function[][](ignored[][]if[][]wmode=0,[
][][]required[][]if[][]wmode=1,[][][]only[]
 []

[2184] [2185] [2186] [2187] [2188] [2189] [2190] [2191] [2192] [2193] [2194]
[2195] [2196] [2197] [2198] [2199] [2200] [2201] [2202]
Underfull \hbox (badness 10000) in paragraph at lines 214023--214023
[][][][][]\T1/txtt/m/n/10 pos[][]=[][]\T1/txtt/m/sl/10 lower[][]\T1/txtt/m/n/10
 or[][]\T1/txtt/m/sl/10 center[][]\T1/txtt/m/n/10 or[][]\T1/txtt/m/sl/10 upper[
][]\T1/txtt/m/n/10 or[][]coordinate[][]value[][](distance[][]units)[][]is[][]th
e[][]position[][]of[]
 []


Underfull \hbox (badness 10000) in paragraph at lines 214025--214025
[][][][][]\T1/txtt/m/n/10 origin[][]=[][]\T1/txtt/m/sl/10 lower[][]\T1/txtt/m/n
/10 or[][]\T1/txtt/m/sl/10 center[][]\T1/txtt/m/n/10 or[][]\T1/txtt/m/sl/10 upp
er[][]\T1/txtt/m/n/10 or[][]coordinate[][]value[][](distance[][]units)[][]is[][
]the[][]position[]
 []

[2203] [2204] [2205] [2206] [2207] [2208] [2209] [2210] [2211] [2212] [2213]
[2214] [2215]
Underfull \hbox (badness 10000) in paragraph at lines 215162--215162
 [][][][][]\T1/txtt/m/n/10 yes[][]=[][]subtract[][]center[]of[]mass[][]velocity
[][]from[][]each[][]chunk[][]before[][]calculating[]
 []

[2216] [2217] [2218] [2219] [2220] [2221] [2222] [2223] [2224] [2225] [2226]
[2227] [2228] [2229] [2230] [2231] [2232] [2233] [2234] [2235] [2236] [2237]
[2238] [2239] [2240] [2241] [2242]
Underfull \hbox (badness 10000) in paragraph at lines 217580--217580
 [][][][][]\T1/txtt/m/n/10 v_[]name1[][]=[][]variable[][]with[][]name1[][]that[
][]is[][]energy[][]tail[][]correction[][]scale[][]factor[][]and[]
 []

[2243] [2244] [2245] [2246] [2247] [2248] [2249] [2250] [2251] [2252] [2253]
[2254] [2255]
<xrd_mesh.png, id=65822, 370.0224pt x 325.215pt>
File: xrd_mesh.png Graphic file (type png)
<use xrd_mesh.png>
Package pdftex.def Info: xrd_mesh.png  used on input line 218629.
(pdftex.def)             Requested size: 277.51611pt x 243.91064pt.
 [2256 <./xrd_mesh.png>] [2257] [2258]
Chapter 4.
[2259

] [2260] [2261] [2262] [2263] [2264] [2265]
Underfull \hbox (badness 10000) in paragraph at lines 220108--220120
\T1/qtm/m/it/10 ilp_graphene_hbn[][]\T1/qtm/m/n/10 , [][]\T1/qtm/m/it/10 pair_s
tyle pair_kolmogorov_crespi_z[][]\T1/qtm/m/n/10 , [][]\T1/qtm/m/it/10 pair_styl
e pair_kolmogorov_crespi_full[][]\T1/qtm/m/n/10 , [][]\T1/qtm/m/it/10 pair_styl
e
 []

[2266] [2267] [2268] [2269] [2270] [2271] [2272] [2273] [2274]
<pair_atm_dia.jpg, id=66070, 125.195pt x 113.515pt>
File: pair_atm_dia.jpg Graphic file (type jpg)
<use pair_atm_dia.jpg>
Package pdftex.def Info: pair_atm_dia.jpg  used on input line 220959.
(pdftex.def)             Requested size: 125.19469pt x 113.51471pt.
 [2275 <./pair_atm_dia.jpg>] [2276] [2277] [2278] [2279] [2280] [2281] [2282] [
2283]
<pair_body_rounded.jpg, id=66163, 373.395pt x 475.7775pt>
File: pair_body_rounded.jpg Graphic file (type jpg)
<use pair_body_rounded.jpg>
Package pdftex.def Info: pair_body_rounded.jpg  used on input line 221715.
(pdftex.def)             Requested size: 373.39409pt x 475.77632pt.
 [2284]
[2285 <./pair_body_rounded.jpg>] [2286]
File: pair_body_rounded.jpg Graphic file (type jpg)
<use pair_body_rounded.jpg>
Package pdftex.def Info: pair_body_rounded.jpg  used on input line 221892.
(pdftex.def)             Requested size: 373.39409pt x 475.77632pt.
 [2287] [2288] [2289] [2290] [2291]
[2292] [2293] [2294] [2295] [2296] [2297] [2298] [2299] [2300] [2301] [2302]
[2303] [2304] [2305] [2306] [2307] [2308] [2309] [2310] [2311]
Underfull \hbox (badness 10000) in paragraph at lines 224210--224212
\T1/qtm/m/n/10 Ac-cel-er-a-tor Vari-ants: \T1/qtm/m/it/10 lj/charmm/coul/charmm
/gpu\T1/qtm/m/n/10 , \T1/qtm/m/it/10 lj/charmm/coul/charmm/intel\T1/qtm/m/n/10 
, \T1/qtm/m/it/10 lj/charmm/coul/charmm/kk\T1/qtm/m/n/10 ,
 []


Underfull \hbox (badness 10000) in paragraph at lines 224222--224224
\T1/qtm/m/n/10 Ac-cel-er-a-tor Vari-ants: \T1/qtm/m/it/10 lj/charmm/coul/long/g
pu\T1/qtm/m/n/10 , \T1/qtm/m/it/10 lj/charmm/coul/long/intel\T1/qtm/m/n/10 , \T
1/qtm/m/it/10 lj/charmm/coul/long/kk\T1/qtm/m/n/10 ,
 []

[2312]
Underfull \hbox (badness 10000) in paragraph at lines 224248--224250
[]\T1/qtm/m/n/10 style = \T1/qtm/m/it/10 lj/charmm/coul/charmm \T1/qtm/m/n/10 o
r \T1/qtm/m/it/10 lj/charmm/coul/charmm/implicit \T1/qtm/m/n/10 or \T1/qtm/m/it
/10 lj/charmm/coul/long \T1/qtm/m/n/10 or
 []


Underfull \hbox (badness 10000) in paragraph at lines 224258--224258
[][][][][]\T1/txtt/m/n/10 inner,[][][]outer[][]=[][]global[][]switching[][]cuto
ffs[][]for[][]Lennard[][]Jones[][](and[][]Coulombic[][]if[][]only[][]2[]
 []


Underfull \hbox (badness 10000) in paragraph at lines 224265--224265
[][][][][]\T1/txtt/m/n/10 cutoff[][]=[][]global[][]cutoff[][]for[][]Coulombic[]
[](optional,[][][]outer[][]is[][]Coulombic[][]cutoff[][]if[][]only[][]2[]
 []


Underfull \hbox (badness 10000) in paragraph at lines 224268--224268
[][][][][]\T1/txtt/m/n/10 cutoff[][]=[][]global[][]cutoff[][]for[][]Coulombic[]
[](optional,[][][]outer[][]is[][]Coulombic[][]cutoff[][]if[][]only[][]2[]
 []


Underfull \hbox (badness 10000) in paragraph at lines 224271--224271
[][][][][]\T1/txtt/m/n/10 cutoff[][]=[][]global[][]cutoff[][]for[][]Coulombic[]
[](optional,[][][]outer[][]is[][]Coulombic[][]cutoff[][]if[][]only[][]2[]
 []


Underfull \hbox (badness 10000) in paragraph at lines 224274--224274
[][][][][]\T1/txtt/m/n/10 cutoff[][]=[][]global[][]cutoff[][]for[][]Coulombic[]
[](optional,[][][]outer[][]is[][]Coulombic[][]cutoff[][]if[][]only[][]2[]
 []


Overfull \vbox (0.53639pt too high) detected at line 224304
 []

[2313] [2314] [2315] [2316] [2317] [2318] [2319] [2320] [2321] [2322] [2323]

Package tabulary Warning: No suitable columns! on input line 225479.

[2324] [2325]
<pair_cosine_squared_graphs.jpg, id=66634, 702.625pt x 315.1775pt>
File: pair_cosine_squared_graphs.jpg Graphic file (type jpg)
<use pair_cosine_squared_graphs.jpg>
Package pdftex.def Info: pair_cosine_squared_graphs.jpg  used on input line 225
731.
(pdftex.def)             Requested size: 469.76996pt x 210.72057pt.
 [2326] [2327 <./pair_cosine_squared_graphs.jpg>] [2328] [2329]
[2330] [2331] [2332] [2333] [2334] [2335] [2336] [2337] [2338] [2339] [2340]
[2341] [2342] [2343]
Underfull \hbox (badness 10000) in paragraph at lines 227228--227230
[]\T1/qtm/m/n/10 style = \T1/qtm/m/it/10 lj/cut/coul/cut/dielectric \T1/qtm/m/n
/10 or \T1/qtm/m/it/10 lj/cut/coul/long/dielectric \T1/qtm/m/n/10 or \T1/qtm/m/
it/10 lj/cut/coul/msm/dielectric \T1/qtm/m/n/10 or
 []

[2344] [2345] [2346] [2347] [2348] [2349] [2350] [2351] [2352] [2353] [2354]
[2355] [2356] [2357] [2358] [2359] [2360] [2361] [2362] [2363] [2364] [2365]
[2366] [2367] [2368] [2369] [2370] [2371] [2372] [2373] [2374] [2375] [2376]
[2377] [2378] [2379] [2380] [2381] [2382] [2383] [2384] [2385] [2386] [2387]
[2388] [2389] [2390] [2391] [2392]
Underfull \hbox (badness 10000) in paragraph at lines 231696--231698
[]\T1/qtm/m/n/10 style = \T1/qtm/m/it/10 lj/cut/soft \T1/qtm/m/n/10 or \T1/qtm/
m/it/10 lj/cut/coul/cut/soft \T1/qtm/m/n/10 or \T1/qtm/m/it/10 lj/cut/coul/long
/soft \T1/qtm/m/n/10 or \T1/qtm/m/it/10 lj/cut/tip4p/long/soft \T1/qtm/m/n/10 o
r
 []

[2393]
Underfull \hbox (badness 10000) in paragraph at lines 231716--231716
[]\T1/txtt/m/sl/10 lj/[]cut/[]tip4p/[]long/[]soft[][]\T1/txtt/m/n/10 args[][]=[
][]otype[][]htype[][]btype[][]atype[][]qdist[][]n[][]alpha_[]LJ[][]alpha_[]C[][
]cutoff[]
 []


Underfull \hbox (badness 10000) in paragraph at lines 231726--231726
[][][][][]\T1/txtt/m/n/10 cutoff[][]=[][]global[][]cutoff[][]for[][]Coulombic[]
[](optional,[][][]outer[][]is[][]Coulombic[][]cutoff[][]if[][]only[][]5[]
 []

[2394] [2395]
<lj_soft.jpg, id=67451, 271.0125pt x 166.37157pt>
File: lj_soft.jpg Graphic file (type jpg)
<use lj_soft.jpg>
Package pdftex.def Info: lj_soft.jpg  used on input line 231871.
(pdftex.def)             Requested size: 271.01183pt x 166.37114pt.
<coul_soft.jpg, id=67452, 271.0125pt x 164.86594pt>
File: coul_soft.jpg Graphic file (type jpg)
<use coul_soft.jpg>
Package pdftex.def Info: coul_soft.jpg  used on input line 231873.
(pdftex.def)             Requested size: 271.01183pt x 164.86551pt.
 [2396 <./lj_soft.jpg>] [2397 <./coul_soft.jpg>] [2398] [2399]
[2400] [2401] [2402] [2403] [2404] [2405] [2406] [2407] [2408] [2409] [2410]
[2411] [2412] [2413] [2414] [2415] [2416] [2417] [2418] [2419] [2420] [2421]
Underfull \hbox (badness 10000) in paragraph at lines 234313--234313
[][][][][]\T1/txtt/m/n/10 inner,[][][]outer[][]=[][]global[][]switching[][]cuto
ffs[][]for[][]Lennard[][]Jones[][](and[][]Coulombic[][]if[][]only[][]2[]
 []

[2422] [2423] [2424] [2425] [2426] [2427] [2428]
<dreiding_hbond.jpg, id=67862, 303.1325pt x 221.82875pt>
File: dreiding_hbond.jpg Graphic file (type jpg)
<use dreiding_hbond.jpg>
Package pdftex.def Info: dreiding_hbond.jpg  used on input line 234908.
(pdftex.def)             Requested size: 303.13176pt x 221.82819pt.
 [2429 <./dreiding_hbond.jpg>]
[2430] [2431] [2432] [2433] [2434] [2435] [2436] [2437] [2438] [2439] [2440]
[2441] [2442] [2443] [2444] [2445] [2446] [2447] [2448] [2449] [2450] [2451]
[2452] [2453] [2454] [2455] [2456] [2457] [2458] [2459] [2460] [2461] [2462]
[2463] [2464] [2465] [2466] [2467] [2468] [2469] [2470] [2471]
Underfull \hbox (badness 10000) in paragraph at lines 238862--238864
\T1/qtm/m/n/10 Ac-cel-er-a-tor Vari-ants: \T1/qtm/m/it/10 lj/cut/coul/long/gpu\
T1/qtm/m/n/10 , \T1/qtm/m/it/10 lj/cut/coul/long/kk\T1/qtm/m/n/10 , \T1/qtm/m/i
t/10 lj/cut/coul/long/intel\T1/qtm/m/n/10 , \T1/qtm/m/it/10 lj/cut/coul/long/op
t\T1/qtm/m/n/10 ,
 []

[2472] [2473] [2474] [2475] [2476] [2477] [2478] [2479] [2480] [2481] [2482]
[2483] [2484] [2485] [2486] [2487]
Underfull \hbox (badness 10000) in paragraph at lines 240277--240277
[]\T1/txtt/m/sl/10 lj/[]long/[]tip4p/[]long[][]\T1/txtt/m/n/10 args[][]=[][]fla
g_[]lj[][]flag_[]coul[][]otype[][]htype[][]btype[][]atype[][]qdist[][]cutoff[]
 []


Overfull \vbox (0.93513pt too high) detected at line 240312
 []

[2488] [2489] [2490] [2491] [2492] [2493] [2494] [2495] [2496] [2497] [2498]
[2499] [2500] [2501] [2502] [2503] [2504] [2505] [2506] [2507] [2508] [2509]
[2510] [2511] [2512] [2513] [2514] [2515] [2516] [2517]
Underfull \hbox (badness 10000) in paragraph at lines 242966--242966
[]\T1/txtt/m/n/10 theta(I,[]J)[][][][]=[][]angle[][]between[][]three[][]atoms[]
[]in[][]line,[][][]zigzag,[][][]and[][]trimer[][]reference[][]structures[]
 []

[2518] [2519] [2520] [2521] [2522] [2523] [2524] [2525] [2526] [2527] [2528]
[2529] [2530] [2531] [2532]
<examples_edpd.jpg, id=69090, 332.74312pt x 149.8097pt>
File: examples_edpd.jpg Graphic file (type jpg)
<use examples_edpd.jpg>
Package pdftex.def Info: examples_edpd.jpg  used on input line 244294.
(pdftex.def)             Requested size: 332.7423pt x 149.80931pt.
 [2533]
<examples_mdpd_first.jpg, id=69096, 557.08125pt x 245.41687pt>
File: examples_mdpd_first.jpg Graphic file (type jpg)
<use examples_mdpd_first.jpg>
Package pdftex.def Info: examples_mdpd_first.jpg  used on input line 244303.
(pdftex.def)             Requested size: 469.76414pt x 206.95387pt.
<examples_mdpd_last.jpg, id=69097, 557.08125pt x 245.41687pt>
File: examples_mdpd_last.jpg Graphic file (type jpg)
<use examples_mdpd_last.jpg>
Package pdftex.def Info: examples_mdpd_last.jpg  used on input line 244305.
(pdftex.def)             Requested size: 469.76414pt x 206.95387pt.
 [2534 <./examples_edpd.jpg> <./examples_mdpd_first.jpg> <./examples_mdpd_last.
jpg>]
<examples_tdpd.jpg, id=69103, 165.61874pt x 149.05687pt>
File: examples_tdpd.jpg Graphic file (type jpg)
<use examples_tdpd.jpg>
Package pdftex.def Info: examples_tdpd.jpg  used on input line 244321.
(pdftex.def)             Requested size: 165.61833pt x 149.0565pt.

Underfull \hbox (badness 7081) in paragraph at lines 244373--244376
[]\T1/qtm/b/n/10 (Li2014_JCP) \T1/qtm/m/n/10 Li, Tang, Lei, Caswell, Kar-ni-ada
kis, J Com-put Phys, 265: 113-127 (2014). DOI:
 []

[2535 <./examples_tdpd.jpg>] [2536] [2537] [2538] [2539]
Underfull \hbox (badness 10000) in paragraph at lines 244840--244840
 [][][][][]\T1/txtt/m/n/10 ghostneigh_[]flag[][]=[][]0/[]1[][]to[][]turn[][]off
/[]on[][]inclusion[][]of[][]ghost[][]neighbors[][]in[][]neighbors[]
 []

[2540] [2541] [2542] [2543] [2544] [2545] [2546] [2547] [2548] [2549] [2550]
[2551] [2552] [2553] [2554] [2555]
Underfull \hbox (badness 5302) in paragraph at lines 246245--246250
[]\T1/qtm/m/n/10 Three-body non-bonded har-monic files in the \T1/qtm/m/it/10 p
o-ten-tials \T1/qtm/m/n/10 di-rec-tory of the LAMMPS dis-tri-bu-tion have a
 []

[2556] [2557] [2558] [2559] [2560]
Underfull \hbox (badness 10000) in paragraph at lines 246684--246684
[]\T1/txtt/m/sl/10 oxdna/[]stk[][]\T1/txtt/m/n/10 args[][]=[][]seq[][]T[][]xi[]
[]kappa[][]6.[]0[][]0.[]4[][]0.[]9[][]0.[]32[][]0.[]75[][]1.[]3[][]0[][]0.[]8[]
[]0.[]9[][]0[][]0.[]95[][]0.[]9[][]0[][]0.[]95[][]2.
 []


Underfull \hbox (badness 10000) in paragraph at lines 246685--246685
[][][][][]\T1/txtt/m/n/10 seq[][]=[][]seqav[][](for[][]average[][]sequence[][]s
tacking[][]strength)[][]or[][]seqdep[][](for[][]sequence[]dependent[]
 []


Underfull \hbox (badness 10000) in paragraph at lines 246687--246687
[][][][][]\T1/txtt/m/n/10 xi[][]=[][]1.[]3448[][](LJ[][]units)[][]or[][]8.[]017
27944817084[][](real[][]units),[][][]temperature[]independent[]
 []


Underfull \hbox (badness 10000) in paragraph at lines 246688--246688
[][][][][]\T1/txtt/m/n/10 kappa[][]=[][]2.[]6568[][](LJ[][]units)[][]or[][]0.[]
005279604[][](real[][]units),[][][]coefficient[][]of[][]linear[]
 []


Underfull \hbox (badness 10000) in paragraph at lines 246689--246689
[]\T1/txtt/m/sl/10 oxdna/[]hbond[][]\T1/txtt/m/n/10 args[][]=[][]seq[][]eps[][]
8.[]0[][]0.[]4[][]0.[]75[][]0.[]34[][]0.[]7[][]1.[]5[][]0[][]0.[]7[][]1.[]5[][]
0[][]0.[]7[][]1.[]5[][]0[][]0.[]7[][]0.[]46[][]3.
 []


Underfull \hbox (badness 10000) in paragraph at lines 246690--246690
[][][][][]\T1/txtt/m/n/10 seq[][]=[][]seqav[][](for[][]average[][]sequence[][]b
ase[]pairing[][]strength)[][]or[][]seqdep[][](for[]
 []


Underfull \hbox (badness 10000) in paragraph at lines 246691--246691
[][][][][]\T1/txtt/m/n/10 eps[][]=[][]1.[]077[][](LJ[][]units)[][]or[][]6.[]420
73911784652[][](real[][]units),[][][]average[][]hydrogen[][]bonding[]
 []

[2561]
Underfull \vbox (badness 10000) detected at line 246745
 []

[2562] [2563] [2564]
Underfull \hbox (badness 10000) in paragraph at lines 246969--246969
[]\T1/txtt/m/sl/10 oxdna2/[]stk[][]\T1/txtt/m/n/10 args[][]=[][]seq[][]T[][]xi[
][]kappa[][]6.[]0[][]0.[]4[][]0.[]9[][]0.[]32[][]0.[]75[][]1.[]3[][]0[][]0.[]8[
][]0.[]9[][]0[][]0.[]95[][]0.[]9[][]0[][]0.[]95[][]2.
 []


Underfull \hbox (badness 10000) in paragraph at lines 246970--246970
[][][][][]\T1/txtt/m/n/10 seq[][]=[][]seqav[][](for[][]average[][]sequence[][]s
tacking[][]strength)[][]or[][]seqdep[][](for[][]sequence[]dependent[]
 []


Underfull \hbox (badness 10000) in paragraph at lines 246972--246972
[][][][][]\T1/txtt/m/n/10 xi[][]=[][]1.[]3523[][](LJ[][]units)[][]or[][]8.[]061
99211612242[][](real[][]units),[][][]temperature[]independent[]
 []


Underfull \hbox (badness 10000) in paragraph at lines 246973--246973
[][][][][]\T1/txtt/m/n/10 kappa[][]=[][]2.[]6717[][](LJ[][]units)[][]or[][]0.[]
005309213[][](real[][]units),[][][]coefficient[][]of[][]linear[]
 []


Underfull \hbox (badness 10000) in paragraph at lines 246974--246974
[]\T1/txtt/m/sl/10 oxdna2/[]hbond[][]\T1/txtt/m/n/10 args[][]=[][]seq[][]eps[][
]8.[]0[][]0.[]4[][]0.[]75[][]0.[]34[][]0.[]7[][]1.[]5[][]0[][]0.[]7[][]1.[]5[][
]0[][]0.[]7[][]1.[]5[][]0[][]0.[]7[][]0.[]46[][]3.
 []


Underfull \hbox (badness 10000) in paragraph at lines 246975--246975
[][][][][]\T1/txtt/m/n/10 seq[][]=[][]seqav[][](for[][]average[][]sequence[][]b
ase[]pairing[][]strength)[][]or[][]seqdep[][](for[]
 []


Underfull \hbox (badness 10000) in paragraph at lines 246976--246976
[][][][][]\T1/txtt/m/n/10 eps[][]=[][]1.[]0678[][](LJ[][]units)[][]or[][]6.[]36
589157849259[][](real[][]units),[][][]average[][]hydrogen[][]bonding[]
 []

[2565] [2566] [2567] [2568] [2569]
Underfull \hbox (badness 10000) in paragraph at lines 247270--247270
[]\T1/txtt/m/sl/10 oxrna2/[]stk[][]\T1/txtt/m/n/10 args[][]=[][]seq[][]T[][]xi[
][]kappa[][]6.[]0[][]0.[]43[][]0.[]93[][]0.[]35[][]0.[]78[][]0.[]9[][]0[][]0.[]
95[][]0.[]9[][]0[][]0.[]95[][]1.[]3[][]0[][]0.[]8[]
 []


Underfull \hbox (badness 10000) in paragraph at lines 247271--247271
[][][][][]\T1/txtt/m/n/10 seq[][]=[][]seqav[][](for[][]average[][]sequence[][]s
tacking[][]strength)[][]or[][]seqdep[][](for[][]sequence[]dependent[]
 []


Underfull \hbox (badness 10000) in paragraph at lines 247273--247273
[][][][][]\T1/txtt/m/n/10 xi[][]=[][]1.[]40206[][](LJ[][]units)[][]or[][]8.[]35
864576375849[][](real[][]units),[][][]temperature[]independent[]
 []


Underfull \hbox (badness 10000) in paragraph at lines 247274--247274
[][][][][]\T1/txtt/m/n/10 kappa[][]=[][]2.[]77[][](LJ[][]units)[][]or[][]0.[]00
5504556[][](real[][]units),[][][]coefficient[][]of[][]linear[][]temperature[]
 []


Underfull \hbox (badness 10000) in paragraph at lines 247275--247275
[]\T1/txtt/m/sl/10 oxrna2/[]hbond[][]\T1/txtt/m/n/10 args[][]=[][]seq[][]eps[][
]8.[]0[][]0.[]4[][]0.[]75[][]0.[]34[][]0.[]7[][]1.[]5[][]0[][]0.[]7[][]1.[]5[][
]0[][]0.[]7[][]1.[]5[][]0[][]0.[]7[][]0.[]46[][]3.
 []


Underfull \hbox (badness 10000) in paragraph at lines 247276--247276
[][][][][]\T1/txtt/m/n/10 seq[][]=[][]seqav[][](for[][]average[][]sequence[][]b
ase[]pairing[][]strength)[][]or[][]seqdep[][](for[]
 []


Underfull \hbox (badness 10000) in paragraph at lines 247277--247277
[][][][][]\T1/txtt/m/n/10 eps[][]=[][]0.[]870439[][](LJ[][]units)[][]or[][]5.[]
18928666388042[][](real[][]units),[][][]average[][]hydrogen[][]bonding[]
 []


Underfull \hbox (badness 10000) in paragraph at lines 247277--247277
[]\T1/txtt/m/n/10 strength[][]between[][]A[]U[][]and[][]C[]G[][]Watson[]Crick[]
[]and[][]G[]U[][]wobble[][]base[][]pairs,[][][]0[][]between[][]all[]
 []

[2570] [2571] [2572] [2573] [2574] [2575] [2576] [2577] [2578] [2579] [2580]
[2581] [2582] [2583] [2584] [2585] [2586] [2587] [2588] [2589] [2590] [2591]
[2592] [2593] [2594] [2595] [2596] [2597] [2598] [2599] [2600] [2601]
Underfull \hbox (badness 10000) in paragraph at lines 249948--249948
 []\T1/txtt/m/n/10 keyword[][]=[][]\T1/txtt/m/sl/10 checkqeq[][]\T1/txtt/m/n/10
 or[][]\T1/txtt/m/sl/10 lgvdw[][]\T1/txtt/m/n/10 or[][]\T1/txtt/m/sl/10 safezon
e[][]\T1/txtt/m/n/10 or[][]\T1/txtt/m/sl/10 mincap[][]\T1/txtt/m/n/10 or[][]\T1
/txtt/m/sl/10 minhbonds[][]\T1/txtt/m/n/10 or[][]\T1/txtt/m/sl/10 tabulate[][]\
T1/txtt/m/n/10 or[][]\T1/txtt/m/sl/10 list/
 []


Underfull \hbox (badness 10000) in paragraph at lines 249949--249949
 [][][][][]\T1/txtt/m/sl/10 checkqeq[][]\T1/txtt/m/n/10 value[][]=[][]\T1/txtt/
m/sl/10 yes[][]\T1/txtt/m/n/10 or[][]\T1/txtt/m/sl/10 no[][]\T1/txtt/m/n/10 =[]
[]whether[][]or[][]not[][]to[][]require[][]qeq/[]reaxff[][]or[][]acks2/[]reaxff
[]
 []


Underfull \hbox (badness 10000) in paragraph at lines 249955--249955
 [][][][][]\T1/txtt/m/sl/10 tabulate[][]\T1/txtt/m/n/10 value[][]=[][]size[][]o
f[][]interpolation[][]table[][]for[][]Lennard[]Jones[][]and[][]Coulomb[]
 []


Underfull \hbox (badness 10000) in paragraph at lines 249956--249956
 [][][][][]\T1/txtt/m/sl/10 list/[]blocking[][]\T1/txtt/m/n/10 value[][]=[][]\T
1/txtt/m/sl/10 yes[][]\T1/txtt/m/n/10 or[][]\T1/txtt/m/sl/10 no[][]\T1/txtt/m/n
/10 =[][]whether[][]or[][]not[][]to[][]use[][]"blocking"[][]scheme[][]for[]
 []

[2602] [2603] [2604] [2605] [2606] [2607] [2608] [2609] [2610] [2611] [2612]
[2613] [2614] [2615] [2616] [2617] [2618] [2619] [2620] [2621] [2622] [2623]
[2624]
Underfull \hbox (badness 10000) in paragraph at lines 252084--252084
[]\T1/txtt/m/n/10 keyword[][]=[][]\T1/txtt/m/sl/10 *DENSITY_[]SUMMATION[][]\T1/
txtt/m/n/10 or[][]\T1/txtt/m/sl/10 *DENSITY_[]CONTINUITY[][]\T1/txtt/m/n/10 and
[][]\T1/txtt/m/sl/10 *VELOCITY_[]GRADIENT[][]\T1/txtt/m/n/10 or[][]\T1/txtt/m/s
l/10 *NO_
 []

[2625] [2626] [2627] [2628] [2629] [2630] [2631] [2632] [2633] [2634] [2635]
[2636] [2637] [2638] [2639] [2640] [2641] [2642] [2643] [2644] [2645] [2646]
[2647] [2648] [2649] [2650] [2651] [2652] [2653] [2654] [2655]
Overfull \hbox (128.21841pt too wide) detected at line 254893
[]
 []

[2656] [2657] [2658] [2659] [2660] [2661] [2662] [2663] [2664] [2665] [2666]
[2667] [2668] [2669] [2670] [2671] [2672] [2673] [2674] [2675] [2676] [2677]
[2678] [2679] [2680] [2681] [2682] [2683] [2684] [2685] [2686] [2687] [2688]
[2689] [2690] [2691] [2692] [2693] [2694] [2695] [2696] [2697] [2698] [2699]
[2700] [2701] [2702] [2703] [2704] [2705] [2706] [2707] [2708] [2709]

Package amsmath Warning: Foreign command \over;
(amsmath)                \frac or \genfrac should be used instead
(amsmath)                 on input line 260017.

<WF_LJ.jpg, id=71039, 743.77875pt x 562.35094pt>
File: WF_LJ.jpg Graphic file (type jpg)
<use WF_LJ.jpg>
Package pdftex.def Info: WF_LJ.jpg  used on input line 260039.
(pdftex.def)             Requested size: 245.44774pt x 185.57639pt.
[2710 <./WF_LJ.jpg>] [2711] [2712] [2713] [2714] [2715] [2716] [2717] [2718]
[2719] [2720] [2721] [2722

]
Chapter 5.

Underfull \hbox (badness 10000) in paragraph at lines 261120--261120
 [][][][][][][][][][][]\T1/txtt/m/sl/10 x,[][][]y,[][][]z[][]\T1/txtt/m/n/10 =[
][]the[][]center[][]of[][]mass[][]position[][]of[][]the[][]two[][]atoms[][]when
[][]the[][]bond[][]broke[]
 []


Underfull \hbox (badness 10000) in paragraph at lines 261121--261121
 [][][][][][][][][][][]\T1/txtt/m/sl/10 x/[]ref,[][][]y/[]ref,[][][]z/[]ref[][]
\T1/txtt/m/n/10 =[][]the[][]initial[][]center[][]of[][]mass[][]position[][]of[]
[]the[][]two[][]atoms[]
 []

[2723] [2724] [2725] [2726]
Underfull \hbox (badness 10000) in paragraph at lines 261469--261469
 [][][][][][][][][][][]\T1/txtt/m/sl/10 x,[][][]y,[][][]z[][]\T1/txtt/m/n/10 =[
][]the[][]center[][]of[][]mass[][]position[][]of[][]the[][]two[][]atoms[][]when
[][]the[][]bond[][]broke[]
 []


Underfull \hbox (badness 10000) in paragraph at lines 261470--261470
 [][][][][][][][][][][]\T1/txtt/m/sl/10 x/[]ref,[][][]y/[]ref,[][][]z/[]ref[][]
\T1/txtt/m/n/10 =[][]the[][]initial[][]center[][]of[][]mass[][]position[][]of[]
[]the[][]two[][]atoms[]
 []

[2727] [2728] [2729] [2730] [2731] [2732] [2733] [2734] [2735] [2736] [2737]
[2738] [2739] [2740] [2741] [2742] [2743] [2744] [2745] [2746] [2747] [2748]
[2749] [2750] [2751] [2752] [2753] [2754]
Underfull \hbox (badness 5847) in paragraph at lines 263997--264000
[][]\T1/qtm/m/it/10 pair_style oxdna/excv[][]\T1/qtm/m/n/10 , [][]\T1/qtm/m/it/
10 pair_style oxdna2/excv[][]\T1/qtm/m/n/10 , [][]\T1/qtm/m/it/10 pair_style ox
rna2/excv[][]\T1/qtm/m/n/10 , [][]\T1/qtm/m/it/10 bond_coeff[][]\T1/qtm/m/n/10 
, [][]\T1/qtm/m/it/10 atom_style oxdna[][]\T1/qtm/m/n/10 , [][]\T1/qtm/m/it/10 
fix
 []

[2755] [2756]
Underfull \hbox (badness 10000) in paragraph at lines 264237--264237
 [][][][][][][][][][][]\T1/txtt/m/sl/10 x,[][][]y,[][][]z[][]\T1/txtt/m/n/10 =[
][]the[][]center[][]of[][]mass[][]position[][]of[][]the[][]two[][]atoms[][]when
[][]the[][]bond[][]broke[]
 []


Underfull \hbox (badness 10000) in paragraph at lines 264238--264238
 [][][][][][][][][][][]\T1/txtt/m/sl/10 x/[]ref,[][][]y/[]ref,[][][]z/[]ref[][]
\T1/txtt/m/n/10 =[][]the[][]initial[][]center[][]of[][]mass[][]position[][]of[]
[]the[][]two[][]atoms[]
 []

[2757] [2758] [2759] [2760] [2761] [2762] [2763] [2764]
Chapter 6.
[2765

] [2766] [2767] [2768] [2769] [2770] [2771] [2772] [2773] [2774] [2775]
[2776] [2777] [2778] [2779] [2780] [2781] [2782] [2783] [2784] [2785] [2786]
[2787] [2788] [2789] [2790] [2791] [2792] [2793] [2794] [2795] [2796] [2797]
[2798] [2799] [2800] [2801] [2802] [2803] [2804]
Chapter 7.
[2805

] [2806] [2807] [2808] [2809] [2810] [2811] [2812] [2813] [2814] [2815]
[2816] [2817] [2818] [2819] [2820] [2821] [2822] [2823] [2824] [2825] [2826]
[2827]
<dihedral_spherical_angles.jpg, id=72536, 267.399pt x 77.088pt>
File: dihedral_spherical_angles.jpg Graphic file (type jpg)
<use dihedral_spherical_angles.jpg>
Package pdftex.def Info: dihedral_spherical_angles.jpg  used on input line 2706
97.
(pdftex.def)             Requested size: 267.39835pt x 77.0878pt.
 [2828 <./dihedral_spherical_angles.jpg>] [2829] [2830] [2831] [2832]
[2833] [2834]
Chapter 8.
[2835

] [2836] [2837] [2838] [2839] [2840]
<improper_distance.jpg, id=72668, 593.21625pt x 314.17375pt>
File: improper_distance.jpg Graphic file (type jpg)
<use improper_distance.jpg>
Package pdftex.def Info: improper_distance.jpg  used on input line 271847.
(pdftex.def)             Requested size: 469.77621pt x 248.78418pt.
 [2841 <./improper_distance.jpg>]
[2842]
<umbrella.jpg, id=72684, 278.03876pt x 206.7725pt>
File: umbrella.jpg Graphic file (type jpg)
<use umbrella.jpg>
Package pdftex.def Info: umbrella.jpg  used on input line 272008.
(pdftex.def)             Requested size: 278.03807pt x 206.77199pt.
 [2843] [2844 <./umbrella.jpg>] [2845] [2846] [2847]
File: umbrella.jpg Graphic file (type jpg)
<use umbrella.jpg>
Package pdftex.def Info: umbrella.jpg  used on input line 272405.
(pdftex.def)             Requested size: 278.03807pt x 206.77199pt.
 [2848] [2849]
[2850] [2851] [2852]
File: umbrella.jpg Graphic file (type jpg)
<use umbrella.jpg>
Package pdftex.def Info: umbrella.jpg  used on input line 272754.
(pdftex.def)             Requested size: 278.03807pt x 206.77199pt.
 [2853] [2854] [2855] [2856]
Chapter 9.
[2857

]
Underfull \hbox (badness 10000) in paragraph at lines 273007--273007
 []\T1/txtt/m/sl/10 custom/[]adios[][]\T1/txtt/m/n/10 attributes[][]=[][]same[]
[]as[][]\T1/txtt/m/sl/10 custom[][]\T1/txtt/m/n/10 attributes,[][][]discussed[]
[]on[][][][]\T1/txtt/m/sl/10 dump[][]custom/[]adios[][][]
 []

[2858]
Underfull \hbox (badness 10000) in paragraph at lines 273065--273065
 []\T1/txtt/m/n/10 c_[]ID[I][][]=[][]Ith[][]column[][]of[][]per[]atom[][]array[
][]calculated[][]by[][]a[][]compute[][]with[][]ID,[][][]I[][]can[]
 []


Underfull \hbox (badness 10000) in paragraph at lines 273067--273067
 []\T1/txtt/m/n/10 f_[]ID[I][][]=[][]Ith[][]column[][]of[][]per[]atom[][]array[
][]calculated[][]by[][]a[][]fix[][]with[][]ID,[][][]I[][]can[][]include[]
 []


Underfull \hbox (badness 10000) in paragraph at lines 273071--273071
 []\T1/txtt/m/n/10 i2_[]name[I][][]=[][]Ith[][]column[][]of[][]custom[][]intege
r[][]array[][]with[][]name,[][][]I[][]can[][]include[][]wildcard[]
 []


Underfull \hbox (badness 10000) in paragraph at lines 273072--273072
 []\T1/txtt/m/n/10 d2_[]name[I][][]=[][]Ith[][]column[][]of[][]custom[][]floati
ng[][]point[][]vector[][]with[][]name,[][][]I[][]can[][]include[]
 []

[2859] [2860] [2861] [2862] [2863] [2864] [2865] [2866] [2867] [2868] [2869]
[2870] [2871] [2872] [2873] [2874]
Underfull \hbox (badness 10000) in paragraph at lines 274534--274534
 [][][][][]\T1/txtt/m/n/10 per[]grid[][]value[][]=[][]c_[]ID:gname:dname,[][][]
c_[]ID:gname:dname[I],[][][]f_[]ID:gname:dname,[][][]f_
 []

[2875]
Underfull \hbox (badness 10000) in paragraph at lines 274564--274564
 [][][][][]\T1/txtt/m/n/10 Cx,[]Cy,[]Cz[][]=[][]center[][]point[][]of[][]image[
][]as[][]fraction[][]of[][]box[][]dimension[][](0.[]5[][]=[][]center[][]of[]
 []

[2876] [2877]
<dump1.jpg, id=73061, 770.88pt x 770.88pt>
File: dump1.jpg Graphic file (type jpg)
<use dump1.jpg>
Package pdftex.def Info: dump1.jpg  used on input line 274707.
(pdftex.def)             Requested size: 225.4804pt x 225.47855pt.
<dump2.jpg, id=73062, 770.88pt x 770.88pt>
File: dump2.jpg Graphic file (type jpg)
<use dump2.jpg>
Package pdftex.def Info: dump2.jpg  used on input line 274707.
(pdftex.def)             Requested size: 225.4804pt x 225.47855pt.
 [2878 <./dump1.jpg> <./dump2.jpg>] [2879] [2880] [2881] [2882]
<image.default.png, id=73112, 321.2pt x 321.2pt>
File: image.default.png Graphic file (type png)
<use image.default.png>
Package pdftex.def Info: image.default.png  used on input line 275330.
(pdftex.def)             Requested size: 112.74377pt x 112.74025pt.
<image.fsaa.png, id=73113, 321.2pt x 321.2pt>
File: image.fsaa.png Graphic file (type png)
<use image.fsaa.png>
Package pdftex.def Info: image.fsaa.png  used on input line 275330.
(pdftex.def)             Requested size: 112.74377pt x 112.74025pt.
<image.ssao.png, id=73114, 321.2pt x 321.2pt>
File: image.ssao.png Graphic file (type png)
<use image.ssao.png>
Package pdftex.def Info: image.ssao.png  used on input line 275330.
(pdftex.def)             Requested size: 112.74377pt x 112.74025pt.
<image.both.png, id=73115, 321.2pt x 321.2pt>
File: image.both.png Graphic file (type png)
<use image.both.png>
Package pdftex.def Info: image.both.png  used on input line 275330.
(pdftex.def)             Requested size: 112.74377pt x 112.74025pt.

[2883] [2884 <./image.default.png> <./image.fsaa.png> <./image.ssao.png> <./ima
ge.both.png>] [2885] [2886] [2887] [2888] [2889]
Underfull \hbox (badness 10000) in paragraph at lines 276506--276506
[]\T1/qtm/m/n/10 al-ice-blue = 240,
 []


Underfull \hbox (badness 10000) in paragraph at lines 276506--276506
[]\T1/qtm/m/n/10 an-tique-white = 250,
 []


Underfull \hbox (badness 10000) in paragraph at lines 276506--276506
[]\T1/qtm/m/n/10 blanchedal-mond =
 []


Underfull \hbox (badness 6445) in paragraph at lines 276506--276506
[]\T1/qtm/m/n/10 blue-vi-o-let = 138,
 []


Underfull \hbox (badness 10000) in paragraph at lines 276506--276506
[]\T1/qtm/m/n/10 burly-wood = 222,
 []


Underfull \hbox (badness 10000) in paragraph at lines 276506--276506
[]\T1/qtm/m/n/10 choco-late = 210,
 []


Underfull \hbox (badness 10000) in paragraph at lines 276506--276506
[]\T1/qtm/m/n/10 corn-flowerblue =
 []


Underfull \hbox (badness 10000) in paragraph at lines 276506--276506
[]\T1/qtm/m/n/10 dark-gold-en-rod =
 []


Underfull \hbox (badness 10000) in paragraph at lines 276506--276506
[]\T1/qtm/m/n/10 dark-gray = 169,
 []


Underfull \hbox (badness 10000) in paragraph at lines 276506--276506
[]\T1/qtm/m/n/10 dark-o-live-g-reen =
 []


Underfull \hbox (badness 6188) in paragraph at lines 276506--276506
[]\T1/qtm/m/n/10 deep-sky-blue = 0,
 []


Underfull \hbox (badness 10000) in paragraph at lines 276506--276506
[]\T1/qtm/m/n/10 dimgray = 105,
 []


Underfull \hbox (badness 7081) in paragraph at lines 276506--276506
[]\T1/qtm/m/n/10 forest-green = 34,
 []


Underfull \hbox (badness 7486) in paragraph at lines 276506--276506
[]\T1/qtm/m/n/10 ghost-white = 248,
 []


Underfull \hbox (badness 5189) in paragraph at lines 276506--276506
[]\T1/qtm/m/n/10 gold-en-rod = 218,
 []


Underfull \hbox (badness 10000) in paragraph at lines 276506--276506
[]\T1/qtm/m/n/10 hon-ey-dew = 240,
 []


Underfull \hbox (badness 10000) in paragraph at lines 276506--276506
[]\T1/qtm/m/n/10 in-di-anred = 205,
 []


Underfull \hbox (badness 10000) in paragraph at lines 276506--276506
[]\T1/qtm/m/n/10 laven-der = 230,
 []


Underfull \hbox (badness 10000) in paragraph at lines 276506--276506
[]\T1/qtm/m/n/10 laven-derblush =
 []


Underfull \hbox (badness 10000) in paragraph at lines 276506--276506
[]\T1/qtm/m/n/10 light-blue = 173,
 []


Underfull \hbox (badness 10000) in paragraph at lines 276506--276506
[]\T1/qtm/m/n/10 light-co-ral = 240,
 []


Underfull \hbox (badness 10000) in paragraph at lines 276506--276506
[]\T1/qtm/m/n/10 light-cyan = 224,
 []


Underfull \hbox (badness 10000) in paragraph at lines 276506--276506
[]\T1/qtm/m/n/10 light-gold-en-rodyel-low
 []


Underfull \hbox (badness 10000) in paragraph at lines 276506--276506
[]\T1/qtm/m/n/10 light-green = 144,
 []


Underfull \hbox (badness 10000) in paragraph at lines 276506--276506
[]\T1/qtm/m/n/10 light-grey = 211,
 []


Underfull \hbox (badness 10000) in paragraph at lines 276506--276506
[]\T1/qtm/m/n/10 light-pink = 255,
 []


Underfull \hbox (badness 10000) in paragraph at lines 276506--276506
[]\T1/qtm/m/n/10 light-sea-green = 32,
 []


Underfull \hbox (badness 10000) in paragraph at lines 276506--276506
[]\T1/qtm/m/n/10 light-s-lategray =
 []


Underfull \hbox (badness 10000) in paragraph at lines 276506--276506
[]\T1/qtm/m/n/10 light-steel-blue =
 []


Underfull \hbox (badness 10000) in paragraph at lines 276506--276506
[]\T1/qtm/m/n/10 medi-u-morchid =
 []


Underfull \hbox (badness 10000) in paragraph at lines 276506--276506
[]\T1/qtm/m/n/10 medi-umpur-ple =
 []


Underfull \hbox (badness 10000) in paragraph at lines 276506--276506
[]\T1/qtm/m/n/10 medi-um-s-late-blue =
 []


Underfull \hbox (badness 10000) in paragraph at lines 276506--276506
[]\T1/qtm/m/n/10 medi-um-spring-green
 []


Underfull \hbox (badness 10000) in paragraph at lines 276506--276506
[]\T1/qtm/m/n/10 misty-rose = 255,
 []


Underfull \hbox (badness 10000) in paragraph at lines 276506--276506
[]\T1/qtm/m/n/10 moc-casin = 255,
 []


Underfull \hbox (badness 10000) in paragraph at lines 276506--276506
[]\T1/qtm/m/n/10 olive-drab = 107,
 []


Underfull \hbox (badness 6477) in paragraph at lines 276506--276506
[]\T1/qtm/m/n/10 or-an-gered = 255,
 []


Underfull \hbox (badness 10000) in paragraph at lines 276506--276506
[]\T1/qtm/m/n/10 pale-gold-en-rod =
 []


Underfull \hbox (badness 10000) in paragraph at lines 276506--276506
[]\T1/qtm/m/n/10 pale-green = 152,
 []


Underfull \hbox (badness 10000) in paragraph at lines 276506--276506
[]\T1/qtm/m/n/10 pale-turquoise =
 []


Underfull \hbox (badness 10000) in paragraph at lines 276506--276506
[]\T1/qtm/m/n/10 pale-vi-o-le-tred =
 []


Underfull \hbox (badness 10000) in paragraph at lines 276506--276506
[]\T1/qtm/m/n/10 pa-payawhip = 255,
 []


Underfull \hbox (badness 10000) in paragraph at lines 276506--276506
[]\T1/qtm/m/n/10 peach-puff = 255,
 []


Underfull \hbox (badness 10000) in paragraph at lines 276506--276506
[]\T1/qtm/m/n/10 pow-derblue = 176,
 []


Underfull \hbox (badness 10000) in paragraph at lines 276506--276506
[]\T1/qtm/m/n/10 slategray = 112,
 []


Underfull \hbox (badness 10000) in paragraph at lines 276506--276506
[]\T1/qtm/m/n/10 spring-green = 0,
 []

[2890]
Overfull \vbox (32.6893pt too high) has occurred while \output is active []


[2891]
Underfull \hbox (badness 10000) in paragraph at lines 276549--276549
 [][][][][]\T1/txtt/m/n/10 ID[][]=[][]integer[][]from[][]1[][]to[][]N,[][][]or[
][]integer[][]from[][][]1[][]to[][][]N,[][][]where[][]N[][]=[][][]#[][]of[][]qu
antities[]
 []


Underfull \hbox (badness 10000) in paragraph at lines 276567--276567
 [][][][][]\T1/txtt/m/n/10 ID[][]=[][]integer[][]from[][]1[][]to[][]N,[][][]or[
][]integer[][]from[][][]1[][]to[][][]N,[][][]where[][]N[][]=[][][]#[][]of[][]qu
antities[]
 []

[2892]
Underfull \hbox (badness 10000) in paragraph at lines 276627--276627
 [][][][][]\T1/txtt/m/n/10 level[][]=[][]integer[][]specifying[][]the[][]compre
ssion[][]level[][]that[][]should[][]be[][]used[][](see[][]below[]
 []

[2893] [2894] [2895] [2896] [2897] [2898] [2899] [2900] [2901] [2902] [2903]
[2904] [2905] [2906] [2907] [2908] [2909] [2910]
Chapter 10.
[2911

] [2912] [2913] [2914] [2915] [2916] [2917] [2918] [2919] [2920] [2921]
[2922] [2923] [2924] [2925] [2926] [2927] [2928] [2929] [2930] [2931] [2932]
[2933]
Underfull \hbox (badness 5105) in paragraph at lines 280373--280375
\T1/qtm/m/n/10 Tad-mor, El-liott, Sethna, Miller and Becker, JOM, 63, 17 (2011)
. doi: [][]$https : / / doi . org / 10 . 1007 /
 []

[2934] [2935] [2936] [2937] [2938]
Underfull \hbox (badness 10000) in paragraph at lines 280790--280792
\T1/qtm/m/n/10 Wikipedia - Elec-tronic Stop-ping Power: [][]$https : / / en . w
ikipedia . org / wiki / Stopping _ power _ %28particle _
 []

[2939] [2940

] [2941] [2942] (./LAMMPS.ind [2943


] [2944] [2945] [2946] [2947]
[2948] [2949] [2950] [2951] [2952] [2953] [2954] [2955] [2956] [2957] [2958]
[2959] [2960] [2961] [2962] [2963] [2964] [2965] [2966] [2967] [2968] [2969]
[2970] [2971] [2972] [2973] [2974] [2975] [2976] [2977] [2978] [2979] [2980]
[2981]) [2982] (./LAMMPS.aux)
Package rerunfilecheck Info: File `LAMMPS.out' has not changed.
(rerunfilecheck)             Checksum: AA3E18F129C655296626D8D5E5B50AA5;1126712
.
 ) 
Here is how much of TeX's memory you used:
 55132 strings out of 478287
 1178114 string characters out of 5849289
 1618213 words of memory out of 5000000
 58975 multiletter control sequences out of 15000+600000
 599803 words of font info for 175 fonts, out of 8000000 for 9000
 1142 hyphenation exceptions out of 8191
 70i,28n,76p,1642b,7310s stack positions out of 5000i,500n,10000p,200000b,80000s
{/usr/share/texlive/texmf-dist/fonts/enc/dvips/base/8r.enc}{/usr/share/texliv
e/texmf-dist/fonts/enc/dvips/fontawesome5/fa5free2.enc}{/usr/share/texmf/fonts/
enc/dvips/tex-gyre/q-ec.enc}{/usr/share/texmf/fonts/enc/dvips/tex-gyre/q-ts1.en
c}{/usr/share/texlive/texmf-dist/fonts/enc/dvips/fontawesome5/fa5free1.enc}</us
r/share/texlive/texmf-dist/fonts/type1/public/fontawesome5/FontAwesome5Free-Sol
id.pfb></usr/share/texlive/texmf-dist/fonts/type1/public/amsfonts/cmextra/cmbsy
5.pfb></usr/share/texlive/texmf-dist/fonts/type1/public/amsfonts/cm/cmex10.pfb>
</usr/share/texlive/texmf-dist/fonts/type1/public/amsfonts/cm/cmmi10.pfb></usr/
share/texlive/texmf-dist/fonts/type1/public/amsfonts/cm/cmss10.pfb></usr/share/
texlive/texmf-dist/fonts/type1/public/amsfonts/cm/cmss8.pfb></usr/share/texlive
/texmf-dist/fonts/type1/public/amsfonts/cm/cmsy10.pfb></usr/share/texlive/texmf
-dist/fonts/type1/public/amsfonts/cm/cmsy5.pfb></usr/share/texlive/texmf-dist/f
onts/type1/public/amsfonts/cm/cmsy7.pfb></usr/share/texlive/texmf-dist/fonts/ty
pe1/public/amsfonts/symbols/msam10.pfb></usr/share/texlive/texmf-dist/fonts/typ
e1/public/amsfonts/symbols/msbm10.pfb></usr/share/texlive/texmf-dist/fonts/type
1/public/amsfonts/symbols/msbm7.pfb></usr/share/texmf/fonts/type1/public/tex-gy
re/qtmb.pfb></usr/share/texmf/fonts/type1/public/tex-gyre/qtmbi.pfb></usr/share
/texmf/fonts/type1/public/tex-gyre/qtmr.pfb></usr/share/texmf/fonts/type1/publi
c/tex-gyre/qtmri.pfb></usr/share/texlive/texmf-dist/fonts/type1/public/txfonts/
t1xbtt.pfb></usr/share/texlive/texmf-dist/fonts/type1/public/txfonts/t1xtt.pfb>
</usr/share/texlive/texmf-dist/fonts/type1/public/txfonts/t1xtt.pfb></usr/share
/texlive/texmf-dist/fonts/type1/public/txfonts/tcxtt.pfb></usr/share/texlive/te
xmf-dist/fonts/type1/urw/courier/ucrr8a.pfb></usr/share/texlive/texmf-dist/font
s/type1/urw/helvetic/uhvb8a.pfb></usr/share/texlive/texmf-dist/fonts/type1/urw/
helvetic/uhvbo8a.pfb></usr/share/texlive/texmf-dist/fonts/type1/urw/helvetic/uh
vr8a.pfb></usr/share/texlive/texmf-dist/fonts/type1/urw/helvetic/uhvro8a.pfb></
usr/share/texlive/texmf-dist/fonts/type1/urw/symbol/usyr.pfb></usr/share/texliv
e/texmf-dist/fonts/type1/urw/symbol/usyr.pfb></usr/share/texlive/texmf-dist/fon
ts/type1/urw/times/utmb8a.pfb></usr/share/texlive/texmf-dist/fonts/type1/urw/ti
mes/utmr8a.pfb></usr/share/texlive/texmf-dist/fonts/type1/urw/times/utmr8a.pfb>
</usr/share/texlive/texmf-dist/fonts/type1/urw/times/utmri8a.pfb>
Output written on LAMMPS.pdf (3105 pages, 26626189 bytes).
PDF statistics:
 78909 PDF objects out of 79402 (max. 8388607)
 74160 compressed objects within 742 object streams
 13657 named destinations out of 15390 (max. 500000)
 58668 words of extra memory for PDF output out of 61914 (max. 10000000)

